player,player_id,pos,PTS,AST,REB,STL,BLK,TOV,AST_TO,STOCKS,FIC,age,year
Sam Hauser,1630573,F,2.5,0.38,1.12,0.04,0.08,0.08,4.75,0.12,4.04,24.0,2022
Sam Hauser,1630573,F,6.4,0.89,2.55,0.36,0.26,0.38,2.3421052631578947,0.62,10.08,25.0,2023
Sam Hauser,1630573,F,9.01,1.04,3.49,0.51,0.32,0.41,2.5365853658536586,0.83,13.96,26.0,2024
Jordan Hawkins,1641722,G,7.82,1.04,2.21,0.28,0.1,0.6,1.7333333333333334,0.38,10.85,22.0,2024
Jaxson Hayes,1629637,C,7.38,0.88,4.05,0.41,0.86,0.83,1.0602409638554218,1.27,12.75,20.0,2020
Jaxson Hayes,1629637,C,7.48,0.58,4.28,0.42,0.63,0.65,0.8923076923076922,1.05,12.74,21.0,2021
Jaxson Hayes,1629637,C,9.34,0.61,4.5,0.47,0.79,0.77,0.7922077922077921,1.26,14.94,22.0,2022
Jaxson Hayes,1629637,C,4.96,0.72,2.81,0.43,0.4,0.66,1.0909090909090908,0.83,8.66,23.0,2023
Jaxson Hayes,1629637,C,4.33,0.47,3.01,0.49,0.41,0.61,0.7704918032786885,0.9,8.1,24.0,2024
Killian Hayes,1630165,G,6.77,5.31,2.65,1.04,0.38,3.19,1.664576802507837,1.42,12.96,19.0,2021
Killian Hayes,1630165,G,6.86,4.2,3.18,1.18,0.53,1.68,2.5,1.71,14.27,20.0,2022
Killian Hayes,1630165,G,10.34,6.18,2.91,1.37,0.37,2.28,2.710526315789474,1.74,18.89,21.0,2023
Killian Hayes,1630165,G,6.88,4.88,2.83,0.86,0.48,1.21,4.033057851239669,1.34,14.72,22.0,2024
Scoot Henderson,1630703,G,14.0,5.42,3.13,0.77,0.21,3.42,1.5847953216374269,0.98,20.11,20.0,2024
Taylor Hendricks,1641707,F,7.3,0.8,4.62,0.7,0.75,0.68,1.1764705882352942,1.45,13.49,20.0,2024
Tyler Herro,1629639,G,13.51,2.2,4.07,0.62,0.16,1.58,1.3924050632911391,0.78,18.98,20.0,2020
Tyler Herro,1629639,G,15.09,3.41,4.96,0.65,0.31,1.87,1.8235294117647056,0.96,22.55,21.0,2021
Tyler Herro,1629639,G,20.71,3.98,4.98,0.67,0.12,2.64,1.5075757575757576,0.79,27.82,22.0,2022
Tyler Herro,1629639,G,20.1,4.18,5.37,0.76,0.24,2.36,1.771186440677966,1.0,28.29,23.0,2023
Tyler Herro,1629639,G,20.83,4.48,5.29,0.71,0.07,2.21,2.0271493212669687,0.78,29.17,24.0,2024
Buddy Hield,1627741,G,8.56,1.35,2.91,0.32,0.12,0.84,1.6071428571428572,0.44,12.42,24.0,2017
Buddy Hield,1627741,G,15.12,1.76,4.12,0.8,0.08,2.12,0.830188679245283,0.88,19.76,24.0,2017
Buddy Hield,1627741,G,10.56,1.48,3.28,0.46,0.11,1.23,1.2032520325203253,0.57,14.66,24.0,2017
Buddy Hield,1627741,G,13.49,1.94,3.84,1.06,0.28,1.55,1.2516129032258063,1.34,19.06,25.0,2018
Buddy Hield,1627741,G,20.67,2.5,5.02,0.71,0.4,1.78,1.4044943820224718,1.11,27.52,26.0,2019
Buddy Hield,1627741,G,19.19,2.96,4.56,0.92,0.24,2.33,1.2703862660944203,1.16,25.54,27.0,2020
Buddy Hield,1627741,G,16.56,3.62,4.7,0.89,0.42,1.83,1.978142076502732,1.31,24.36,28.0,2021
Buddy Hield,1627741,G,14.4,1.91,4.02,0.87,0.27,1.64,1.1646341463414631,1.14,19.83,29.0,2022
Buddy Hield,1627741,G,18.19,4.77,5.08,0.96,0.38,2.42,1.9710743801652888,1.34,26.96,29.0,2022
Buddy Hield,1627741,G,15.62,2.83,4.36,0.9,0.31,1.89,1.4973544973544974,1.21,22.13,29.0,2022
Buddy Hield,1627741,G,16.8,2.81,5.0,1.15,0.32,1.74,1.6149425287356325,1.47,24.34,30.0,2023
Buddy Hield,1627741,G,11.98,2.67,3.21,0.83,0.6,1.19,2.2436974789915967,1.43,18.1,31.0,2024
Buddy Hield,1627741,G,12.19,3.03,3.19,0.84,0.34,1.28,2.3671875,1.18,18.31,31.0,2024
Buddy Hield,1627741,G,12.06,2.81,3.2,0.83,0.5,1.23,2.2845528455284554,1.33,18.17,31.0,2024
Haywood Highsmith,1629312,F,1.8,0.4,1.0,0.2,0.0,0.2,2.0,0.2,3.2,22.0,2019
Haywood Highsmith,1629312,F,2.26,0.32,1.37,0.11,0.16,0.16,2.0,0.27,4.06,25.0,2022
Haywood Highsmith,1629312,F,4.37,0.8,3.48,0.67,0.31,0.83,0.9638554216867472,0.98,8.8,26.0,2023
Haywood Highsmith,1629312,F,6.14,1.06,3.18,0.8,0.45,0.52,2.0384615384615383,1.25,11.11,27.0,2024
Aaron Holiday,1628988,G,5.88,1.74,1.34,0.42,0.26,0.8,2.175,0.68,8.84,22.0,2019
Aaron Holiday,1628988,G,9.5,3.41,2.36,0.83,0.24,1.33,2.56390977443609,1.07,15.01,23.0,2020
Aaron Holiday,1628988,G,7.2,1.86,1.35,0.7,0.2,1.0,1.86,0.9,10.31,24.0,2021
Aaron Holiday,1628988,G,6.12,1.9,1.63,0.59,0.22,0.95,2.0,0.81,9.51,25.0,2022
Aaron Holiday,1628988,G,6.77,3.41,2.5,0.82,0.0,1.27,2.6850393700787403,0.82,12.23,25.0,2022
Aaron Holiday,1628988,G,6.35,2.43,1.94,0.67,0.14,1.06,2.292452830188679,0.81,10.47,25.0,2022
Aaron Holiday,1628988,G,3.92,1.41,1.17,0.59,0.19,0.57,2.473684210526316,0.78,6.71,26.0,2023
Aaron Holiday,1628988,G,6.59,1.79,1.58,0.54,0.08,0.68,2.6323529411764706,0.62,9.9,27.0,2024
Jrue Holiday,201950,G,14.8,6.85,3.38,1.58,0.57,2.28,3.004385964912281,2.15,24.9,25.0,2015
Jrue Holiday,201950,G,16.75,6.02,3.0,1.35,0.34,2.57,2.342412451361868,1.69,24.89,26.0,2016
Jrue Holiday,201950,G,15.36,7.28,3.94,1.49,0.66,2.9,2.510344827586207,2.15,25.83,27.0,2017
Jrue Holiday,201950,G,18.98,6.0,4.51,1.52,0.79,2.63,2.281368821292776,2.31,29.17,28.0,2018
Jrue Holiday,201950,G,21.19,7.73,4.99,1.63,0.81,3.13,2.46964856230032,2.44,33.22,29.0,2019
Jrue Holiday,201950,G,19.13,6.69,4.8,1.62,0.79,3.02,2.2152317880794703,2.41,30.01,30.0,2020
Jrue Holiday,201950,G,17.73,6.05,4.54,1.63,0.63,2.15,2.813953488372093,2.26,28.43,31.0,2021
Jrue Holiday,201950,G,18.28,6.82,4.49,1.61,0.43,2.73,2.498168498168498,2.04,28.9,32.0,2022
Jrue Holiday,201950,G,19.25,7.39,5.09,1.18,0.37,2.94,2.5136054421768708,1.55,30.34,33.0,2023
Jrue Holiday,201950,G,12.46,4.83,5.41,0.88,0.77,1.8,2.683333333333333,1.65,22.55,34.0,2024
Richaun Holmes,1626158,F,5.63,0.65,2.65,0.37,0.78,0.63,1.031746031746032,1.15,9.45,22.0,2016
Richaun Holmes,1626158,F,9.81,1.02,5.46,0.74,0.96,0.96,1.0625,1.7,17.03,23.0,2017
Richaun Holmes,1626158,F,6.48,1.27,4.4,0.42,0.6,0.52,2.442307692307692,1.02,12.65,24.0,2018
Richaun Holmes,1626158,F,8.17,0.86,4.73,0.6,1.13,0.74,1.162162162162162,1.73,14.75,25.0,2019
Richaun Holmes,1626158,F,12.25,0.95,8.14,0.93,1.27,1.18,0.8050847457627118,2.2,22.36,26.0,2020
Richaun Holmes,1626158,F,14.25,1.66,8.26,0.64,1.57,1.23,1.3495934959349594,2.21,25.15,27.0,2021
Richaun Holmes,1626158,F,10.4,1.07,7.04,0.38,0.91,1.24,0.8629032258064516,1.29,18.56,28.0,2022
Richaun Holmes,1626158,F,3.1,0.21,1.9,0.07,0.26,0.33,0.6363636363636364,0.33,5.21,29.0,2023
Richaun Holmes,1626158,F,3.39,0.65,3.39,0.13,0.39,0.52,1.25,0.52,7.43,30.0,2024
Richaun Holmes,1626158,F,7.12,0.59,6.12,0.47,0.59,0.71,0.8309859154929577,1.06,14.18,30.0,2024
Richaun Holmes,1626158,F,4.97,0.62,4.55,0.28,0.48,0.6,1.0333333333333334,0.76,10.3,30.0,2024
Chet Holmgren,1631096,C,16.55,2.44,7.9,0.65,2.32,1.6,1.525,2.97,28.26,22.0,2024
Jalen Hood-Schifino,1641720,G,1.62,0.38,0.62,0.14,0.1,0.43,0.8837209302325582,0.24,2.43,21.0,2024
Al Horford,201143,C,15.21,3.21,7.16,0.89,1.29,1.32,2.4318181818181817,2.18,26.44,29.0,2015
Al Horford,201143,C,15.23,3.21,7.27,0.83,1.48,1.3,2.4692307692307693,2.31,26.72,30.0,2016
Al Horford,201143,C,14.0,4.96,6.84,0.76,1.26,1.69,2.93491124260355,2.02,26.13,31.0,2017
Al Horford,201143,C,12.88,4.71,7.38,0.6,1.08,1.83,2.5737704918032787,1.68,24.82,32.0,2018
Al Horford,201143,C,13.6,4.16,6.74,0.87,1.26,1.5,2.773333333333333,2.13,25.13,33.0,2019
Al Horford,201143,C,11.91,4.03,6.81,0.78,0.91,1.19,3.38655462184874,1.69,23.25,34.0,2020
Al Horford,201143,C,14.21,3.36,6.71,0.89,0.93,1.04,3.2307692307692304,1.82,25.06,35.0,2021
Al Horford,201143,C,10.16,3.36,7.68,0.71,1.33,0.94,3.5744680851063837,2.04,22.3,36.0,2022
Al Horford,201143,C,9.78,3.0,6.19,0.48,0.97,0.59,5.084745762711865,1.45,19.83,37.0,2023
Al Horford,201143,C,8.65,2.58,6.35,0.58,0.95,0.74,3.4864864864864864,1.53,18.37,38.0,2024
Talen Horton-Tucker,1629659,G,5.67,1.0,1.17,1.33,0.17,1.0,1.0,1.5,8.34,19.0,2020
Talen Horton-Tucker,1629659,G,9.0,2.78,2.6,0.97,0.32,1.62,1.7160493827160492,1.29,14.05,20.0,2021
Talen Horton-Tucker,1629659,G,9.95,2.65,3.22,0.98,0.48,1.37,1.9343065693430652,1.46,15.91,21.0,2022
Talen Horton-Tucker,1629659,G,10.74,3.78,3.23,0.63,0.45,1.94,1.9484536082474224,1.08,16.89,22.0,2023
Talen Horton-Tucker,1629659,G,10.12,3.47,2.37,0.88,0.37,1.27,2.732283464566929,1.25,15.94,23.0,2024
Caleb Houstan,1631216,G,3.78,0.59,1.94,0.24,0.14,0.35,1.6857142857142855,0.38,6.34,20.0,2023
Caleb Houstan,1631216,G,4.29,0.49,1.42,0.25,0.07,0.27,1.8148148148148149,0.32,6.25,21.0,2024
Jett Howard,1641724,G,1.61,0.33,0.39,0.11,0.11,0.17,1.9411764705882355,0.22,2.38,20.0,2024
Kevin Huerter,1628989,G,9.69,2.85,3.27,0.87,0.33,1.45,1.9655172413793105,1.2,15.56,20.0,2019
Kevin Huerter,1628989,G,12.21,3.8,4.07,0.91,0.48,1.55,2.451612903225806,1.39,19.92,21.0,2020
Kevin Huerter,1628989,G,11.91,3.49,3.35,1.19,0.26,1.14,3.0614035087719302,1.45,19.06,22.0,2021
Kevin Huerter,1628989,G,12.05,2.74,3.43,0.74,0.35,1.23,2.227642276422765,1.09,18.08,23.0,2022
Kevin Huerter,1628989,G,15.2,2.95,3.35,1.07,0.32,1.29,2.2868217054263567,1.39,21.6,24.0,2023
Kevin Huerter,1628989,G,10.23,2.59,3.5,0.7,0.36,0.83,3.1204819277108435,1.06,16.55,25.0,2024
Jay Huff,1630643,C,0.0,0.25,1.0,0.25,0.25,0.25,1.0,0.5,1.5,24.0,2022
Jay Huff,1630643,C,7.29,1.43,3.0,0.43,0.57,0.71,2.014084507042253,1.0,12.01,25.0,2023
Jay Huff,1630643,C,1.15,0.1,0.55,0.1,0.15,0.05,2.0,0.25,2.0,26.0,2024
De'Andre Hunter,1629631,F,12.35,1.78,4.54,0.7,0.29,1.63,1.0920245398773007,0.99,18.03,22.0,2020
De'Andre Hunter,1629631,F,14.96,1.91,4.78,0.83,0.52,1.26,1.5158730158730158,1.35,21.74,23.0,2021
De'Andre Hunter,1629631,F,13.38,1.28,3.32,0.68,0.4,1.3,0.9846153846153846,1.08,17.76,24.0,2022
De'Andre Hunter,1629631,F,15.36,1.4,4.24,0.52,0.25,1.22,1.147540983606557,0.77,20.55,25.0,2023
De'Andre Hunter,1629631,F,15.63,1.53,3.89,0.7,0.28,1.46,1.047945205479452,0.98,20.57,26.0,2024
Bones Hyland,1630538,G,10.12,2.77,2.72,0.59,0.29,1.25,2.216,0.88,15.24,21.0,2022
Bones Hyland,1630538,G,12.1,2.98,2.05,0.67,0.31,1.6,1.8625,0.98,16.51,22.0,2023
Bones Hyland,1630538,G,10.79,3.36,3.5,0.79,0.14,1.07,3.1401869158878504,0.93,17.51,22.0,2023
Bones Hyland,1630538,G,11.77,3.07,2.41,0.7,0.27,1.46,2.102739726027397,0.97,16.76,22.0,2023
Bones Hyland,1630538,G,6.92,2.51,1.49,0.7,0.11,1.19,2.109243697478992,0.81,10.54,23.0,2024
Joe Ingles,204060,F,5.01,2.3,2.22,0.91,0.13,1.24,1.8548387096774197,1.04,9.33,27.0,2015
Joe Ingles,204060,F,4.22,1.19,1.86,0.68,0.05,0.8,1.4874999999999998,0.73,7.2,28.0,2016
Joe Ingles,204060,F,7.09,2.74,3.18,1.17,0.1,1.3,2.107692307692308,1.27,12.98,29.0,2017
Joe Ingles,204060,F,11.46,4.78,4.2,1.1,0.24,1.94,2.463917525773196,1.34,19.84,30.0,2018
Joe Ingles,204060,F,12.12,5.72,4.02,1.2,0.24,2.35,2.4340425531914893,1.44,20.95,31.0,2019
Joe Ingles,204060,F,9.82,5.18,3.86,0.9,0.15,1.97,2.6294416243654823,1.05,17.94,32.0,2020
Joe Ingles,204060,F,12.07,4.75,3.64,0.67,0.18,1.75,2.7142857142857144,0.85,19.56,33.0,2021
Joe Ingles,204060,F,7.22,3.51,2.91,0.51,0.11,1.02,3.441176470588235,0.62,13.24,34.0,2022
Joe Ingles,204060,F,6.89,3.26,2.78,0.72,0.13,1.2,2.716666666666667,0.85,12.58,35.0,2023
Joe Ingles,204060,F,4.35,2.99,2.09,0.63,0.07,0.99,3.0202020202020203,0.7,9.14,36.0,2024
Brandon Ingram,1627742,F,9.37,2.1,4.0,0.63,0.46,1.47,1.4285714285714286,1.09,15.09,19.0,2017
Brandon Ingram,1627742,F,16.08,3.9,5.32,0.76,0.73,2.53,1.541501976284585,1.49,24.26,20.0,2018
Brandon Ingram,1627742,F,18.27,2.96,5.13,0.54,0.6,2.48,1.1935483870967742,1.14,25.02,21.0,2019
Brandon Ingram,1627742,F,23.82,4.18,6.13,0.98,0.61,3.05,1.3704918032786886,1.59,32.67,22.0,2020
Brandon Ingram,1627742,F,23.77,4.85,4.9,0.69,0.59,2.52,1.9246031746031744,1.28,32.28,23.0,2021
Brandon Ingram,1627742,F,22.65,5.58,5.82,0.62,0.47,2.75,2.0290909090909093,1.09,32.39,24.0,2022
Brandon Ingram,1627742,F,24.71,5.82,5.47,0.71,0.42,3.29,1.7689969604863225,1.13,33.84,25.0,2023
Brandon Ingram,1627742,F,20.81,5.67,5.06,0.78,0.62,2.55,2.223529411764706,1.4,30.39,26.0,2024
Kyrie Irving,202681,G,21.71,5.19,3.16,1.52,0.27,2.48,2.092741935483871,1.79,29.37,23.0,2015
Kyrie Irving,202681,G,19.64,4.72,2.96,1.06,0.34,2.34,2.017094017094017,1.4,26.38,24.0,2016
Kyrie Irving,202681,G,25.22,5.81,3.19,1.15,0.33,2.5,2.324,1.48,33.2,25.0,2017
Kyrie Irving,202681,G,24.43,5.1,3.78,1.08,0.28,2.32,2.1982758620689653,1.36,32.35,26.0,2018
Kyrie Irving,202681,G,23.82,6.93,5.0,1.54,0.51,2.57,2.6964980544747084,2.05,35.23,27.0,2019
Kyrie Irving,202681,G,27.4,6.4,5.15,1.35,0.5,2.6,2.4615384615384617,1.85,38.2,28.0,2020
Kyrie Irving,202681,G,26.87,6.0,4.76,1.41,0.69,2.41,2.489626556016597,2.1,37.32,29.0,2021
Kyrie Irving,202681,G,27.45,5.76,4.38,1.41,0.59,2.52,2.2857142857142856,2.0,37.07,30.0,2022
Kyrie Irving,202681,G,27.1,5.28,5.1,1.02,0.82,2.28,2.3157894736842106,1.84,37.04,31.0,2023
Kyrie Irving,202681,G,26.95,6.0,5.0,1.25,0.6,1.85,3.243243243243243,1.85,37.95,31.0,2023
Kyrie Irving,202681,G,27.05,5.52,5.07,1.1,0.75,2.13,2.591549295774648,1.85,37.36,31.0,2023
Kyrie Irving,202681,G,25.64,5.16,5.0,1.28,0.48,1.83,2.819672131147541,1.76,35.73,32.0,2024
Jonathan Isaac,1628371,F,5.37,0.67,3.67,1.22,1.11,1.0,0.67,2.33,11.04,20.0,2018
Jonathan Isaac,1628371,F,9.6,1.07,5.48,0.79,1.31,1.0,1.07,2.1,17.25,21.0,2019
Jonathan Isaac,1628371,F,11.88,1.41,6.79,1.56,2.29,1.44,0.9791666666666666,3.85,22.49,22.0,2020
Jonathan Isaac,1628371,F,5.0,0.55,4.0,1.27,0.36,0.36,1.527777777777778,1.63,10.82,25.0,2023
Jonathan Isaac,1628371,F,6.78,0.52,4.48,0.74,1.21,0.47,1.1063829787234043,1.95,13.26,26.0,2024
Jaden Ivey,1631093,G,16.27,5.23,3.89,0.82,0.23,3.2,1.634375,1.05,23.24,21.0,2023
Jaden Ivey,1631093,G,15.39,3.84,3.43,0.74,0.53,2.47,1.554655870445344,1.27,21.46,22.0,2024
GG Jackson,1641713,F,14.56,1.23,4.08,0.58,0.5,1.35,0.911111111111111,1.08,19.6,19.0,2024
Isaiah Jackson,1630543,F,8.25,0.28,4.14,0.69,1.44,1.11,0.2522522522522522,2.13,13.69,20.0,2022
Isaiah Jackson,1630543,F,7.22,0.81,4.48,0.49,1.48,0.81,1.0,1.97,13.67,21.0,2023
Isaiah Jackson,1630543,F,6.38,0.83,3.97,0.57,1.02,0.65,1.2769230769230768,1.59,12.12,22.0,2024
Quenton Jackson,1631245,G,6.22,1.67,0.89,0.44,0.11,0.44,3.7954545454545454,0.55,8.89,24.0,2023
Reggie Jackson,202704,G,12.82,4.28,4.02,0.84,0.1,1.82,2.351648351648352,0.94,20.24,25.0,2015
Reggie Jackson,202704,G,17.63,9.19,4.67,0.74,0.15,3.52,2.6107954545454546,0.89,28.86,25.0,2015
Reggie Jackson,202704,G,14.51,6.0,4.25,0.81,0.12,2.42,2.479338842975207,0.93,23.27,25.0,2015
Reggie Jackson,202704,G,18.85,6.23,3.2,0.75,0.14,2.82,2.2092198581560285,0.89,26.35,26.0,2016
Reggie Jackson,202704,G,14.46,5.19,2.19,0.67,0.1,2.19,2.3698630136986303,0.77,20.42,27.0,2017
Reggie Jackson,202704,G,14.58,5.29,2.78,0.6,0.09,2.2,2.4045454545454543,0.69,21.14,28.0,2018
Reggie Jackson,202704,G,15.37,4.2,2.63,0.67,0.11,1.8,2.333333333333333,0.78,21.18,29.0,2019
Reggie Jackson,202704,G,14.93,5.14,2.93,0.57,0.07,1.64,3.1341463414634148,0.64,22.0,30.0,2020
Reggie Jackson,202704,G,9.47,3.18,3.0,0.29,0.24,1.65,1.9272727272727277,0.53,14.53,30.0,2020
Reggie Jackson,202704,G,11.94,4.06,2.97,0.42,0.16,1.65,2.4606060606060605,0.58,17.9,30.0,2020
Reggie Jackson,202704,G,10.67,3.06,2.87,0.61,0.1,1.1,2.7818181818181817,0.71,16.21,31.0,2021
Reggie Jackson,202704,G,16.84,4.79,3.61,0.73,0.2,2.31,2.0735930735930737,0.93,23.86,32.0,2022
Reggie Jackson,202704,G,10.88,3.52,2.23,0.73,0.1,1.85,1.9027027027027024,0.83,15.61,33.0,2023
Reggie Jackson,202704,G,7.94,3.12,1.75,0.56,0.06,1.19,2.6218487394957983,0.62,12.24,33.0,2023
Reggie Jackson,202704,G,10.19,3.43,2.12,0.69,0.09,1.69,2.0295857988165684,0.78,14.83,33.0,2023
Reggie Jackson,202704,G,10.16,3.76,1.89,0.54,0.16,1.29,2.9147286821705425,0.7,15.22,34.0,2024
Andre Jackson Jr.,1641748,G,2.19,0.88,1.98,0.28,0.11,0.49,1.7959183673469388,0.39,4.95,22.0,2024
Jaren Jackson Jr.,1628991,F,13.76,1.1,4.69,0.9,1.41,1.69,0.6508875739644971,2.31,20.17,19.0,2019
Jaren Jackson Jr.,1628991,F,17.37,1.37,4.6,0.7,1.61,1.74,0.7873563218390806,2.31,23.91,20.0,2020
Jaren Jackson Jr.,1628991,F,14.36,1.09,5.64,1.09,1.64,1.36,0.8014705882352942,2.73,22.46,21.0,2021
Jaren Jackson Jr.,1628991,F,16.31,1.1,5.82,0.94,2.27,1.67,0.658682634730539,3.21,24.77,22.0,2022
Jaren Jackson Jr.,1628991,F,18.62,0.95,6.76,1.03,3.0,1.7,0.5588235294117647,4.03,28.66,23.0,2023
Jaren Jackson Jr.,1628991,F,22.52,2.33,5.53,1.21,1.61,2.42,0.962809917355372,2.82,30.78,24.0,2024
Trayce Jackson-Davis,1631218,F,7.94,1.21,5.01,0.43,1.12,0.72,1.6805555555555556,1.55,14.99,24.0,2024
LeBron James,2544,F,25.26,7.41,6.03,1.58,0.71,3.94,1.8807106598984773,2.29,37.05,30.0,2015
LeBron James,2544,F,25.26,6.76,7.43,1.37,0.64,3.28,2.0609756097560976,2.01,38.18,31.0,2016
LeBron James,2544,F,26.41,8.73,8.64,1.24,0.59,4.09,2.134474327628362,1.83,41.52,32.0,2017
LeBron James,2544,F,27.45,9.11,8.65,1.41,0.87,4.23,2.1536643026004723,2.28,43.26,33.0,2018
LeBron James,2544,F,27.36,8.25,8.45,1.31,0.6,3.58,2.304469273743017,1.91,42.39,34.0,2019
LeBron James,2544,F,25.34,10.21,7.84,1.16,0.54,3.9,2.6179487179487184,1.7,41.19,35.0,2020
LeBron James,2544,F,25.02,7.78,7.69,1.07,0.56,3.73,2.0857908847184987,1.63,38.39,36.0,2021
LeBron James,2544,F,30.27,6.23,8.2,1.3,1.05,3.5,1.78,2.35,43.55,37.0,2022
LeBron James,2544,F,28.91,6.82,8.31,0.91,0.58,3.24,2.1049382716049383,1.49,42.29,38.0,2023
LeBron James,2544,F,25.66,8.3,7.3,1.25,0.54,3.45,2.4057971014492754,1.79,39.6,39.0,2024
Jaime Jaquez Jr.,1631170,G,11.85,2.6,3.8,1.03,0.27,1.47,1.7687074829931977,1.3,18.08,23.0,2024
DaQuan Jeffries,1629610,G,3.85,0.54,1.38,0.31,0.08,0.15,3.6000000000000005,0.39,6.01,22.0,2020
DaQuan Jeffries,1629610,G,3.5,0.33,1.61,0.39,0.22,0.44,0.75,0.61,5.61,23.0,2021
DaQuan Jeffries,1629610,G,4.92,1.23,3.23,0.62,0.46,0.46,2.6739130434782608,1.08,10.0,23.0,2021
DaQuan Jeffries,1629610,G,4.1,0.71,2.29,0.48,0.32,0.45,1.5777777777777775,0.8,7.45,23.0,2021
DaQuan Jeffries,1629610,G,0.82,0.29,0.29,0.0,0.06,0.18,1.6111111111111112,0.06,1.28,26.0,2024
Trey Jemison III,1641998,C,0.0,0.0,0.5,0.0,0.0,0.5,0.0,0.0,0.0,24.0,2024
Trey Jemison III,1641998,C,7.43,1.17,5.78,0.52,1.22,1.43,0.8181818181818181,1.74,14.69,24.0,2024
Trey Jemison III,1641998,C,6.84,1.08,5.36,0.48,1.12,1.36,0.7941176470588235,1.6,13.52,24.0,2024
Ty Jerome,1629660,G,3.29,1.42,1.48,0.48,0.1,0.58,2.4482758620689657,0.58,6.19,22.0,2020
Ty Jerome,1629660,G,10.7,3.64,2.76,0.61,0.18,1.42,2.563380281690141,0.79,16.47,23.0,2021
Ty Jerome,1629660,G,7.08,2.27,1.62,0.62,0.1,0.77,2.948051948051948,0.72,10.92,24.0,2022
Ty Jerome,1629660,G,6.87,3.0,1.73,0.51,0.11,0.67,4.477611940298507,0.62,11.55,25.0,2023
Ty Jerome,1629660,G,2.0,1.5,0.5,0.0,0.0,0.5,3.0,0.0,3.5,26.0,2024
Isaiah Joe,1630198,G,3.73,0.49,0.88,0.29,0.1,0.27,1.8148148148148149,0.39,5.22,21.0,2021
Isaiah Joe,1630198,G,3.6,0.64,1.02,0.25,0.05,0.35,1.8285714285714287,0.3,5.21,22.0,2022
Isaiah Joe,1630198,G,9.47,1.21,2.4,0.66,0.11,0.53,2.283018867924528,0.77,13.32,23.0,2023
Isaiah Joe,1630198,G,8.15,1.27,2.31,0.59,0.28,0.6,2.1166666666666667,0.87,12.0,24.0,2024
Cameron Johnson,1629661,F,8.84,1.21,3.28,0.63,0.35,0.56,2.1607142857142856,0.98,13.75,24.0,2020
Cameron Johnson,1629661,F,9.55,1.43,3.32,0.62,0.27,0.67,2.134328358208955,0.89,14.52,25.0,2021
Cameron Johnson,1629661,F,12.45,1.5,4.14,0.86,0.24,0.71,2.1126760563380285,1.1,18.48,26.0,2022
Cameron Johnson,1629661,F,13.88,1.53,3.82,0.88,0.35,0.59,2.593220338983051,1.23,19.87,27.0,2023
Cameron Johnson,1629661,F,16.56,2.08,4.8,1.4,0.32,1.08,1.9259259259259256,1.72,24.08,27.0,2023
Cameron Johnson,1629661,F,15.48,1.86,4.4,1.19,0.33,0.88,2.113636363636364,1.52,22.38,27.0,2023
Cameron Johnson,1629661,F,13.38,2.38,4.33,0.84,0.26,0.98,2.4285714285714284,1.1,20.21,28.0,2024
Jalen Johnson,1630552,F,2.36,0.14,1.18,0.14,0.09,0.41,0.3414634146341463,0.23,3.5,20.0,2022
Jalen Johnson,1630552,F,5.64,1.19,4.03,0.54,0.49,0.59,2.016949152542373,1.03,11.3,21.0,2023
Jalen Johnson,1630552,F,16.0,3.62,8.71,1.2,0.84,1.8,2.011111111111111,2.04,28.57,22.0,2024
James Johnson,201949,F,7.91,1.36,3.67,0.77,1.0,1.13,1.2035398230088497,1.77,13.58,28.0,2015
James Johnson,201949,F,5.04,1.18,2.21,0.51,0.58,0.95,1.2421052631578948,1.09,8.57,29.0,2016
James Johnson,201949,F,12.83,3.63,4.95,1.0,1.13,2.25,1.6133333333333333,2.13,21.29,30.0,2017
James Johnson,201949,F,10.79,3.84,4.9,0.96,0.7,1.93,1.9896373056994816,1.66,19.26,31.0,2018
James Johnson,201949,F,7.78,2.45,3.2,0.64,0.49,1.35,1.8148148148148149,1.13,13.21,32.0,2019
James Johnson,201949,F,5.67,1.17,2.89,0.33,0.72,0.83,1.4096385542168677,1.05,9.95,33.0,2020
James Johnson,201949,F,12.0,3.79,4.71,1.36,1.36,2.36,1.605932203389831,2.72,20.86,33.0,2020
James Johnson,201949,F,8.44,2.31,3.69,0.78,1.0,1.5,1.54,1.78,14.72,33.0,2020
James Johnson,201949,F,5.72,1.72,2.97,0.83,0.79,0.93,1.8494623655913975,1.62,11.1,34.0,2021
James Johnson,201949,F,9.18,2.18,4.14,0.82,0.86,1.27,1.7165354330708662,1.68,15.91,34.0,2021
James Johnson,201949,F,7.22,1.92,3.47,0.82,0.82,1.08,1.7777777777777777,1.64,13.17,34.0,2021
James Johnson,201949,F,5.48,2.1,3.47,0.48,0.55,0.77,2.7272727272727275,1.03,11.31,35.0,2022
James Johnson,201949,F,2.83,0.83,1.67,0.39,0.33,0.44,1.886363636363636,0.72,5.61,36.0,2023
James Johnson,201949,F,0.89,0.89,0.44,0.56,0.11,0.56,1.5892857142857142,0.67,2.33,37.0,2024
Keldon Johnson,1629640,F,9.06,0.88,3.35,0.82,0.12,0.76,1.1578947368421053,0.94,13.47,20.0,2020
Keldon Johnson,1629640,F,12.77,1.75,5.97,0.58,0.35,1.13,1.5486725663716816,0.93,20.29,21.0,2021
Keldon Johnson,1629640,F,17.04,2.11,6.09,0.77,0.19,1.23,1.7154471544715446,0.96,24.97,22.0,2022
Keldon Johnson,1629640,F,21.98,2.9,5.05,0.73,0.17,2.13,1.3615023474178405,0.9,28.7,23.0,2023
Keldon Johnson,1629640,F,15.71,2.83,5.46,0.74,0.29,1.45,1.9517241379310344,1.03,23.58,24.0,2024
Keon Johnson,1630553,G,3.53,0.87,1.4,0.47,0.13,0.47,1.8510638297872344,0.6,5.93,20.0,2022
Keon Johnson,1630553,G,9.73,2.86,2.73,0.95,0.45,1.77,1.615819209039548,1.4,14.95,20.0,2022
Keon Johnson,1630553,G,7.22,2.05,2.19,0.76,0.32,1.24,1.6532258064516128,1.08,11.3,20.0,2022
Keon Johnson,1630553,G,4.72,1.48,1.1,0.48,0.15,1.08,1.3703703703703702,0.63,6.85,21.0,2023
Keon Johnson,1630553,G,6.2,0.6,1.4,0.6,0.2,1.0,0.6,0.8,8.0,22.0,2024
Nikola Jokić,203999,C,9.95,2.36,7.0,0.99,0.62,1.3,1.8153846153846152,1.61,19.62,21.0,2016
Nikola Jokić,203999,C,16.73,4.92,9.84,0.84,0.75,2.34,2.102564102564102,1.59,30.74,22.0,2017
Nikola Jokić,203999,C,18.47,6.11,10.71,1.2,0.81,2.8,2.1821428571428574,2.01,34.5,23.0,2018
Nikola Jokić,203999,C,20.05,7.25,10.81,1.35,0.69,3.1,2.338709677419355,2.04,37.05,24.0,2019
Nikola Jokić,203999,C,19.95,7.01,9.74,1.16,0.6,3.1,2.261290322580645,1.76,35.36,25.0,2020
Nikola Jokić,203999,C,26.36,8.32,10.83,1.32,0.67,3.08,2.7012987012987013,1.99,44.42,26.0,2021
Nikola Jokić,203999,C,27.08,7.89,13.77,1.47,0.85,3.8,2.0763157894736843,2.32,47.26,27.0,2022
Nikola Jokić,203999,C,24.49,9.83,11.84,1.26,0.68,3.58,2.7458100558659218,1.94,44.52,28.0,2023
Nikola Jokić,203999,C,26.39,8.96,12.35,1.37,0.86,3.0,2.986666666666667,2.23,46.93,29.0,2024
Colby Jones,1641732,G,2.13,0.67,1.33,0.23,0.17,0.33,2.0303030303030303,0.4,4.2,22.0,2024
Herbert Jones,1630529,F,9.51,2.14,3.79,1.67,0.77,1.28,1.671875,2.44,16.6,23.0,2022
Herbert Jones,1630529,F,9.83,2.45,4.08,1.56,0.64,1.33,1.8421052631578947,2.2,17.23,24.0,2023
Herbert Jones,1630529,F,11.01,2.62,3.58,1.38,0.82,1.22,2.1475409836065573,2.2,18.19,25.0,2024
Kai Jones,1630539,C,1.05,0.19,0.52,0.05,0.1,0.29,0.6551724137931035,0.15,1.62,21.0,2022
Kai Jones,1630539,C,3.41,0.33,2.67,0.37,0.65,0.67,0.4925373134328358,1.02,6.76,22.0,2023
Mason Jones,1630222,G,5.85,1.5,1.96,0.23,0.04,1.08,1.3888888888888888,0.27,8.5,22.0,2021
Mason Jones,1630222,G,2.67,0.5,0.67,0.17,0.0,0.17,2.941176470588235,0.17,3.84,22.0,2021
Mason Jones,1630222,G,5.25,1.31,1.72,0.22,0.03,0.91,1.4395604395604396,0.25,7.62,22.0,2021
Mason Jones,1630222,G,6.75,1.0,2.5,0.5,0.0,0.25,4.0,0.5,10.5,23.0,2022
Mason Jones,1630222,G,1.4,1.0,1.0,0.2,0.0,0.4,2.5,0.2,3.2,25.0,2024
Tre Jones,1630200,G,2.54,1.05,0.57,0.22,0.0,0.35,3.0000000000000004,0.22,4.03,21.0,2021
Tre Jones,1630200,G,5.99,3.38,2.25,0.61,0.1,0.67,5.044776119402985,0.71,11.66,22.0,2022
Tre Jones,1630200,G,12.87,6.59,3.6,1.31,0.13,1.62,4.067901234567901,1.44,22.88,23.0,2023
Tre Jones,1630200,G,10.01,6.21,3.75,1.01,0.12,1.51,4.112582781456954,1.13,19.59,24.0,2024
Tyus Jones,1626145,G,4.22,2.92,1.27,0.84,0.08,0.89,3.2808988764044944,0.92,8.44,20.0,2016
Tyus Jones,1626145,G,3.48,2.6,1.12,0.8,0.08,0.63,4.126984126984127,0.88,7.45,21.0,2017
Tyus Jones,1626145,G,5.07,2.83,1.61,1.16,0.07,0.72,3.930555555555556,1.23,10.02,22.0,2018
Tyus Jones,1626145,G,6.88,4.81,1.97,1.19,0.07,0.69,6.971014492753623,1.26,14.23,23.0,2019
Tyus Jones,1626145,G,7.45,4.38,1.58,0.91,0.09,0.85,5.152941176470589,1.0,13.56,24.0,2020
Tyus Jones,1626145,G,6.31,3.7,2.0,0.91,0.09,0.69,5.362318840579711,1.0,12.32,25.0,2021
Tyus Jones,1626145,G,8.66,4.44,2.41,0.9,0.03,0.63,7.047619047619048,0.93,15.81,26.0,2022
Tyus Jones,1626145,G,10.29,5.21,2.5,1.04,0.08,0.92,5.663043478260869,1.12,18.2,27.0,2023
Tyus Jones,1626145,G,11.97,7.35,2.71,1.08,0.27,1.0,7.35,1.35,22.38,28.0,2024
Derrick Jones Jr.,1627884,F,5.25,0.38,2.47,0.44,0.41,0.41,0.926829268292683,0.85,8.54,20.0,2017
Derrick Jones Jr.,1627884,F,1.5,0.5,0.67,0.17,0.67,0.17,2.941176470588235,0.84,3.34,21.0,2018
Derrick Jones Jr.,1627884,F,3.71,0.43,2.43,0.21,0.64,0.43,1.0,0.85,6.99,21.0,2018
Derrick Jones Jr.,1627884,F,3.05,0.45,1.9,0.2,0.65,0.35,1.2857142857142858,0.85,5.9,21.0,2018
Derrick Jones Jr.,1627884,F,7.03,0.62,4.0,0.77,0.7,0.72,0.8611111111111112,1.47,12.4,22.0,2019
Derrick Jones Jr.,1627884,F,8.47,1.05,3.95,0.98,0.64,0.51,2.058823529411765,1.62,14.58,23.0,2020
Derrick Jones Jr.,1627884,F,6.83,0.81,3.53,0.64,0.93,0.55,1.4727272727272729,1.57,12.19,24.0,2021
Derrick Jones Jr.,1627884,F,5.61,0.59,3.31,0.49,0.65,0.59,1.0,1.14,10.06,25.0,2022
Derrick Jones Jr.,1627884,F,4.98,0.53,2.39,0.45,0.58,0.39,1.358974358974359,1.03,8.54,26.0,2023
Derrick Jones Jr.,1627884,F,8.64,0.99,3.29,0.7,0.67,0.86,1.1511627906976745,1.37,13.43,27.0,2024
DeAndre Jordan,201599,C,11.54,0.74,14.95,0.99,2.23,1.33,0.556390977443609,3.22,29.12,26.0,2015
DeAndre Jordan,201599,C,12.73,1.17,13.75,0.66,2.3,1.39,0.841726618705036,2.96,29.22,27.0,2016
DeAndre Jordan,201599,C,12.7,1.19,13.75,0.63,1.65,1.42,0.8380281690140845,2.28,28.5,28.0,2017
DeAndre Jordan,201599,C,12.04,1.52,15.21,0.51,0.91,1.78,0.8539325842696629,1.42,28.41,29.0,2018
DeAndre Jordan,201599,C,11.02,1.98,13.72,0.66,1.06,2.22,0.8918918918918918,1.72,26.22,30.0,2019
DeAndre Jordan,201599,C,10.89,3.0,11.37,0.47,1.05,2.21,1.3574660633484164,1.52,24.57,30.0,2019
DeAndre Jordan,201599,C,10.99,2.26,13.07,0.61,1.06,2.22,1.0180180180180178,1.67,25.77,30.0,2019
DeAndre Jordan,201599,C,8.3,1.88,10.02,0.32,0.93,1.32,1.424242424242424,1.25,20.13,31.0,2020
DeAndre Jordan,201599,C,7.47,1.63,7.49,0.3,1.14,1.49,1.093959731543624,1.44,16.54,32.0,2021
DeAndre Jordan,201599,C,4.12,0.41,5.38,0.31,0.81,0.66,0.6212121212121211,1.12,10.37,33.0,2022
DeAndre Jordan,201599,C,4.62,0.5,5.75,0.12,0.56,1.0,0.5,0.68,10.55,33.0,2022
DeAndre Jordan,201599,C,4.29,0.44,5.5,0.25,0.73,0.77,0.5714285714285714,0.98,10.44,33.0,2022
DeAndre Jordan,201599,C,5.1,0.87,5.18,0.31,0.59,1.23,0.7073170731707317,0.9,10.82,34.0,2023
DeAndre Jordan,201599,C,3.94,0.72,4.36,0.17,0.44,0.64,1.125,0.61,8.99,35.0,2024
Cory Joseph,202709,G,6.77,2.38,2.43,0.58,0.22,0.85,2.8,0.8,11.53,23.0,2015
Cory Joseph,202709,G,8.46,3.12,2.62,0.79,0.25,1.27,2.456692913385827,1.04,13.97,24.0,2016
Cory Joseph,202709,G,9.25,3.31,2.94,0.82,0.16,1.35,2.451851851851852,0.98,15.13,25.0,2017
Cory Joseph,202709,G,7.91,3.17,3.21,0.98,0.22,1.06,2.990566037735849,1.2,14.43,26.0,2018
Cory Joseph,202709,G,6.55,3.91,3.4,1.15,0.27,0.98,3.989795918367347,1.42,14.3,27.0,2019
Cory Joseph,202709,G,6.36,3.49,2.61,0.74,0.29,1.11,3.144144144144144,1.03,12.38,28.0,2020
Cory Joseph,202709,G,6.57,2.45,2.25,0.89,0.2,1.0,2.45,1.09,11.36,29.0,2021
Cory Joseph,202709,G,12.0,5.53,3.16,1.16,0.47,1.84,3.005434782608696,1.63,20.48,29.0,2021
Cory Joseph,202709,G,8.21,3.38,2.52,0.97,0.29,1.25,2.704,1.26,14.12,29.0,2021
Cory Joseph,202709,G,8.02,3.65,2.68,0.65,0.26,1.31,2.7862595419847325,0.91,13.95,30.0,2022
Cory Joseph,202709,G,6.89,3.5,1.71,0.55,0.15,0.9,3.888888888888889,0.7,11.9,31.0,2023
Cory Joseph,202709,G,2.42,1.62,1.15,0.15,0.12,0.46,3.5217391304347827,0.27,5.0,32.0,2024
Nikola Jović,1631107,F,5.47,0.67,2.07,0.47,0.13,0.67,1.0,0.6,8.14,20.0,2023
Nikola Jović,1631107,F,7.65,1.96,4.17,0.54,0.3,0.91,2.1538461538461537,0.84,13.71,21.0,2024
Johnny Juzang,1630548,G,4.83,0.44,2.17,0.22,0.17,0.17,2.5882352941176467,0.39,7.66,22.0,2023
Johnny Juzang,1630548,G,7.2,1.15,1.8,0.2,0.1,0.65,1.769230769230769,0.3,9.8,23.0,2024
Luke Kennard,1628379,G,7.64,1.7,2.41,0.6,0.18,0.95,1.7894736842105263,0.78,11.58,22.0,2018
Luke Kennard,1628379,G,9.73,1.81,2.9,0.41,0.16,0.9,2.011111111111111,0.57,14.11,23.0,2019
Luke Kennard,1628379,G,15.79,4.11,3.5,0.43,0.21,1.54,2.668831168831169,0.64,22.5,24.0,2020
Luke Kennard,1628379,G,8.25,1.65,2.56,0.37,0.14,0.76,2.171052631578948,0.51,12.21,25.0,2021
Luke Kennard,1628379,G,11.9,2.09,3.27,0.6,0.09,0.86,2.4302325581395348,0.69,17.09,26.0,2022
Luke Kennard,1628379,G,7.83,1.06,2.37,0.54,0.11,0.86,1.232558139534884,0.65,11.05,27.0,2023
Luke Kennard,1628379,G,11.33,2.25,3.12,0.54,0.04,0.67,3.3582089552238803,0.58,16.61,27.0,2023
Luke Kennard,1628379,G,9.25,1.54,2.68,0.54,0.08,0.78,1.9743589743589745,0.62,13.31,27.0,2023
Luke Kennard,1628379,G,11.0,3.49,2.9,0.51,0.05,1.38,2.528985507246377,0.56,16.57,28.0,2024
Walker Kessler,1631117,C,9.18,0.93,8.38,0.35,2.34,0.78,1.1923076923076923,2.69,20.4,21.0,2023
Walker Kessler,1631117,C,8.09,0.94,7.52,0.47,2.41,1.03,0.9126213592233008,2.88,18.4,22.0,2024
Braxton Key,1630296,F,1.0,0.5,1.0,0.5,0.0,1.0,0.5,0.5,2.0,25.0,2022
Braxton Key,1630296,F,8.56,1.11,5.33,1.0,1.22,1.0,1.11,2.22,16.22,25.0,2022
Braxton Key,1630296,F,7.18,1.0,4.55,0.91,1.0,1.0,1.0,1.91,13.64,25.0,2022
Braxton Key,1630296,F,1.33,0.0,0.33,0.0,0.0,0.0,0.0,0.0,1.66,26.0,2023
Braxton Key,1630296,F,1.1,0.45,0.9,0.1,0.05,0.05,9.0,0.15,2.55,27.0,2024
Corey Kispert,1630557,F,8.23,1.1,2.71,0.45,0.29,0.65,1.6923076923076923,0.74,12.13,23.0,2022
Corey Kispert,1630557,F,11.08,1.18,2.8,0.43,0.12,0.74,1.5945945945945943,0.55,14.87,24.0,2023
Corey Kispert,1630557,F,13.38,1.95,2.81,0.51,0.2,1.23,1.5853658536585369,0.71,17.62,25.0,2024
Maxi Kleber,1628467,F,5.36,0.71,3.25,0.36,0.65,0.42,1.6904761904761905,1.01,9.91,26.0,2018
Maxi Kleber,1628467,F,6.83,0.99,4.63,0.51,1.1,0.76,1.3026315789473684,1.61,13.3,27.0,2019
Maxi Kleber,1628467,F,9.08,1.19,5.24,0.34,1.12,0.78,1.5256410256410255,1.46,16.19,28.0,2020
Maxi Kleber,1628467,F,7.06,1.36,5.2,0.48,0.7,0.6,2.266666666666667,1.18,14.2,29.0,2021
Maxi Kleber,1628467,F,6.97,1.15,5.93,0.51,0.98,0.8,1.4374999999999998,1.49,14.74,30.0,2022
Maxi Kleber,1628467,F,5.95,1.41,3.65,0.32,0.81,0.73,1.9315068493150684,1.13,11.41,31.0,2023
Maxi Kleber,1628467,F,4.44,1.58,3.33,0.4,0.7,0.65,2.430769230769231,1.1,9.8,32.0,2024
Kevin Knox II,1628995,F,12.84,1.09,4.47,0.57,0.32,1.52,0.7171052631578948,0.89,17.77,19.0,2019
Kevin Knox II,1628995,F,6.45,0.94,2.83,0.35,0.43,0.69,1.3623188405797102,0.78,10.31,20.0,2020
Kevin Knox II,1628995,F,3.88,0.45,1.45,0.29,0.14,0.4,1.125,0.43,5.81,21.0,2021
Kevin Knox II,1628995,F,3.62,0.23,1.69,0.15,0.08,0.38,0.6052631578947368,0.23,5.39,22.0,2022
Kevin Knox II,1628995,F,2.71,0.41,1.29,0.12,0.06,0.12,3.4166666666666665,0.18,4.47,22.0,2022
Kevin Knox II,1628995,F,3.1,0.33,1.47,0.13,0.07,0.23,1.434782608695652,0.2,4.87,22.0,2022
Kevin Knox II,1628995,F,5.64,0.36,2.57,0.33,0.29,0.76,0.4736842105263157,0.62,8.43,23.0,2023
Kevin Knox II,1628995,F,8.48,0.86,3.29,0.48,0.0,0.86,1.0,0.48,12.25,23.0,2023
Kevin Knox II,1628995,F,6.59,0.52,2.81,0.38,0.19,0.79,0.6582278481012658,0.57,9.7,23.0,2023
Kevin Knox II,1628995,F,7.19,0.74,2.42,0.42,0.23,0.71,1.0422535211267605,0.65,10.29,24.0,2024
Christian Koloko,1631132,C,3.14,0.53,2.95,0.36,0.98,0.34,1.5588235294117647,1.34,7.62,23.0,2023
John Konchar,1629723,G,2.84,1.16,2.47,0.37,0.16,0.37,3.135135135135135,0.53,6.63,24.0,2020
John Konchar,1629723,G,4.28,1.09,2.98,0.7,0.21,0.42,2.595238095238096,0.91,8.84,25.0,2021
John Konchar,1629723,G,4.85,1.51,4.57,0.62,0.31,0.4,3.775,0.93,11.46,26.0,2022
John Konchar,1629723,G,5.06,1.39,4.31,1.07,0.35,0.51,2.725490196078431,1.42,11.67,27.0,2023
John Konchar,1629723,G,4.27,2.0,4.67,0.93,0.93,0.84,2.380952380952381,1.86,11.96,28.0,2024
Luke Kornet,1628436,C,6.7,1.3,3.2,0.3,0.8,0.6,2.166666666666667,1.1,11.7,22.0,2018
Luke Kornet,1628436,C,7.0,1.17,2.93,0.59,0.91,0.54,2.1666666666666665,1.5,12.06,23.0,2019
Luke Kornet,1628436,C,5.97,0.89,2.33,0.31,0.72,0.39,2.282051282051282,1.03,9.83,24.0,2020
Luke Kornet,1628436,C,2.0,0.31,1.15,0.15,0.54,0.08,3.875,0.69,4.07,25.0,2021
Luke Kornet,1628436,C,4.44,1.11,2.89,0.11,1.39,0.33,3.363636363636364,1.5,9.61,25.0,2021
Luke Kornet,1628436,C,3.42,0.77,2.16,0.13,1.03,0.23,3.347826086956521,1.16,7.28,25.0,2021
Luke Kornet,1628436,C,0.0,0.0,1.0,0.0,0.0,0.0,0.0,0.0,1.0,26.0,2022
Luke Kornet,1628436,C,3.78,0.77,2.86,0.16,0.67,0.36,2.138888888888889,0.83,7.88,27.0,2023
Luke Kornet,1628436,C,5.3,1.06,4.14,0.37,0.97,0.33,3.212121212121212,1.34,11.51,28.0,2024
Vít Krejčí,1630249,G,6.23,1.9,3.37,0.63,0.27,0.97,1.958762886597938,0.9,11.43,22.0,2022
Vít Krejčí,1630249,G,1.24,0.59,0.9,0.17,0.03,0.17,3.4705882352941173,0.2,2.76,23.0,2023
Vít Krejčí,1630249,G,6.14,2.27,2.36,0.59,0.27,0.91,2.4945054945054945,0.86,10.72,24.0,2024
Jonathan Kuminga,1630228,F,9.31,0.91,3.34,0.44,0.31,1.06,0.8584905660377359,0.75,13.25,19.0,2022
Jonathan Kuminga,1630228,F,9.94,1.87,3.45,0.61,0.46,1.42,1.3169014084507045,1.07,14.91,20.0,2023
Jonathan Kuminga,1630228,F,16.05,2.2,4.8,0.74,0.49,1.65,1.3333333333333337,1.23,22.63,21.0,2024
Kyle Kuzma,1628398,F,16.13,1.83,6.27,0.64,0.44,1.82,1.0054945054945057,1.08,23.49,22.0,2018
Kyle Kuzma,1628398,F,18.69,2.54,5.46,0.59,0.37,1.9,1.336842105263158,0.96,25.75,23.0,2019
Kyle Kuzma,1628398,F,12.82,1.31,4.48,0.46,0.43,1.49,0.8791946308724833,0.89,18.01,24.0,2020
Kyle Kuzma,1628398,F,12.85,1.87,6.13,0.51,0.6,1.66,1.1265060240963856,1.11,20.3,25.0,2021
Kyle Kuzma,1628398,F,17.12,3.53,8.5,0.64,0.86,2.56,1.37890625,1.5,28.09,26.0,2022
Kyle Kuzma,1628398,F,21.2,3.73,7.23,0.56,0.45,2.97,1.2558922558922558,1.01,30.2,27.0,2023
Kyle Kuzma,1628398,F,22.19,4.23,6.63,0.53,0.7,2.74,1.5437956204379562,1.23,31.54,28.0,2024
Jake LaRavia,1631222,F,3.0,0.6,1.8,0.34,0.11,0.51,1.1764705882352942,0.45,5.34,21.0,2023
Jake LaRavia,1631222,F,10.83,1.66,3.66,0.83,0.34,1.29,1.2868217054263564,1.17,16.03,22.0,2024
Zach LaVine,203897,G,10.1,3.58,2.78,0.7,0.13,2.51,1.4262948207171315,0.83,14.78,20.0,2015
Zach LaVine,203897,G,14.02,3.06,2.78,0.84,0.21,1.89,1.619047619047619,1.05,19.02,21.0,2016
Zach LaVine,203897,G,18.91,2.96,3.4,0.87,0.21,1.81,1.6353591160220995,1.08,24.54,22.0,2017
Zach LaVine,203897,G,16.71,3.0,3.92,1.0,0.17,1.79,1.675977653631285,1.17,23.01,23.0,2018
Zach LaVine,203897,G,23.68,4.49,4.67,0.95,0.41,3.41,1.316715542521994,1.36,30.79,24.0,2019
Zach LaVine,203897,G,25.5,4.23,4.82,1.47,0.47,3.43,1.2332361516034986,1.94,33.06,25.0,2020
Zach LaVine,203897,G,27.43,4.86,4.98,0.79,0.47,3.5,1.3885714285714286,1.26,35.03,26.0,2021
Zach LaVine,203897,G,24.4,4.52,4.6,0.61,0.34,2.55,1.772549019607843,0.95,31.92,27.0,2022
Zach LaVine,203897,G,24.84,4.25,4.48,0.9,0.23,2.52,1.6865079365079363,1.13,32.18,28.0,2023
Zach LaVine,203897,G,19.48,3.92,5.16,0.84,0.32,2.08,1.8846153846153848,1.16,27.64,29.0,2024
Skal Labissiere,1627746,F,8.76,0.82,4.91,0.48,0.39,1.12,0.732142857142857,0.87,14.24,21.0,2017
Skal Labissiere,1627746,F,8.72,1.2,4.78,0.42,0.82,1.22,0.9836065573770492,1.24,14.72,22.0,2018
Skal Labissiere,1627746,F,2.77,0.46,1.85,0.15,0.23,0.54,0.8518518518518519,0.38,4.92,23.0,2019
Skal Labissiere,1627746,F,3.44,0.56,2.11,0.33,0.33,0.44,1.272727272727273,0.66,6.33,23.0,2019
Skal Labissiere,1627746,F,3.05,0.5,1.95,0.23,0.27,0.5,1.0,0.5,5.5,23.0,2019
Skal Labissiere,1627746,F,5.76,1.27,5.12,0.21,0.94,0.91,1.3956043956043955,1.15,12.39,24.0,2020
Jock Landale,1629111,C,4.91,0.83,2.56,0.19,0.26,0.57,1.456140350877193,0.45,8.18,26.0,2022
Jock Landale,1629111,C,6.61,0.99,4.06,0.23,0.43,0.86,1.1511627906976745,0.66,11.46,27.0,2023
Jock Landale,1629111,C,4.89,1.16,3.07,0.36,0.59,0.55,2.109090909090909,0.95,9.52,28.0,2024
A.J. Lawson,1630639,G,2.0,0.0,1.0,0.0,0.0,0.0,0.0,0.0,3.0,22.0,2023
A.J. Lawson,1630639,G,3.86,0.14,1.43,0.14,0.0,0.21,0.6666666666666667,0.14,5.36,22.0,2023
A.J. Lawson,1630639,G,3.73,0.13,1.4,0.13,0.0,0.2,0.65,0.13,5.19,22.0,2023
A.J. Lawson,1630639,G,3.24,0.48,1.19,0.24,0.07,0.33,1.4545454545454544,0.31,4.89,23.0,2024
Caris LeVert,1627747,G,8.21,1.93,3.3,0.86,0.14,1.04,1.8557692307692304,1.0,13.4,22.0,2017
Caris LeVert,1627747,G,12.08,4.21,3.66,1.15,0.31,2.15,1.958139534883721,1.46,19.26,23.0,2018
Caris LeVert,1627747,G,13.68,3.9,3.78,1.05,0.35,1.72,2.2674418604651163,1.4,21.04,24.0,2019
Caris LeVert,1627747,G,18.71,4.42,4.2,1.18,0.22,2.62,1.6870229007633586,1.4,26.11,25.0,2020
Caris LeVert,1627747,G,18.5,6.0,4.33,1.08,0.5,2.17,2.7649769585253456,1.58,28.24,26.0,2021
Caris LeVert,1627747,G,20.74,4.94,4.63,1.51,0.69,2.17,2.2764976958525347,2.2,30.34,26.0,2021
Caris LeVert,1627747,G,20.17,5.21,4.55,1.4,0.64,2.17,2.4009216589861757,2.04,29.8,26.0,2021
Caris LeVert,1627747,G,18.67,4.44,3.85,0.9,0.46,1.92,2.3125000000000004,1.36,26.4,27.0,2022
Caris LeVert,1627747,G,13.58,3.95,3.37,0.84,0.26,1.74,2.270114942528736,1.1,20.26,27.0,2022
Caris LeVert,1627747,G,17.0,4.28,3.69,0.88,0.4,1.86,2.3010752688172045,1.28,24.39,27.0,2022
Caris LeVert,1627747,G,12.12,3.88,3.81,0.97,0.32,1.57,2.4713375796178343,1.29,19.53,28.0,2023
Caris LeVert,1627747,G,14.0,5.09,4.12,1.12,0.5,1.72,2.9593023255813957,1.62,23.11,29.0,2024
Damion Lee,1627814,G,10.73,1.93,4.73,1.27,0.07,0.93,2.075268817204301,1.34,17.8,25.0,2018
Damion Lee,1627814,G,4.94,0.41,2.0,0.41,0.0,0.34,1.2058823529411764,0.41,7.42,26.0,2019
Damion Lee,1627814,G,12.67,2.71,4.88,1.02,0.12,1.37,1.9781021897810216,1.14,20.03,27.0,2020
Damion Lee,1627814,G,6.54,1.28,3.16,0.67,0.14,0.53,2.4150943396226414,0.81,11.26,28.0,2021
Damion Lee,1627814,G,7.41,1.0,3.22,0.62,0.1,0.6,1.6666666666666667,0.72,11.75,29.0,2022
Damion Lee,1627814,G,8.16,1.34,3.04,0.41,0.09,1.05,1.2761904761904763,0.5,11.99,30.0,2023
Alex Len,203458,C,6.26,0.46,6.58,0.49,1.52,1.07,0.4299065420560747,2.01,14.24,22.0,2015
Alex Len,203458,C,9.01,1.24,7.62,0.49,0.79,1.86,0.6666666666666666,1.28,17.29,23.0,2016
Alex Len,203458,C,7.96,0.57,6.62,0.49,1.27,1.32,0.4318181818181817,1.76,15.59,24.0,2017
Alex Len,203458,C,8.51,1.19,7.51,0.39,0.88,1.13,1.0530973451327434,1.27,17.35,25.0,2018
Alex Len,203458,C,11.09,1.12,5.51,0.35,0.9,1.26,0.888888888888889,1.25,17.71,26.0,2019
Alex Len,203458,C,8.72,1.05,5.75,0.5,0.82,0.98,1.0714285714285714,1.32,15.86,27.0,2020
Alex Len,203458,C,5.93,0.53,6.07,0.2,1.0,1.07,0.4953271028037383,1.2,12.66,27.0,2020
Alex Len,203458,C,7.96,0.91,5.84,0.42,0.87,1.0,0.91,1.29,15.0,27.0,2020
Alex Len,203458,C,2.29,0.43,1.57,0.14,0.86,1.14,0.3771929824561403,1.0,4.15,28.0,2021
Alex Len,203458,C,7.14,0.81,4.37,0.33,1.02,0.82,0.9878048780487806,1.35,12.85,28.0,2021
Alex Len,203458,C,6.61,0.77,4.06,0.31,1.0,0.86,0.8953488372093024,1.31,11.89,28.0,2021
Alex Len,203458,C,6.03,1.15,4.13,0.33,0.64,1.1,1.0454545454545452,0.97,11.18,29.0,2022
Alex Len,203458,C,1.65,0.46,2.31,0.15,0.42,0.62,0.7419354838709677,0.57,4.37,30.0,2023
Alex Len,203458,C,2.5,1.04,2.67,0.23,0.69,0.56,1.857142857142857,0.92,6.57,31.0,2024
Kawhi Leonard,202695,F,16.52,2.52,7.2,2.31,0.75,1.52,1.6578947368421053,3.06,27.78,24.0,2015
Kawhi Leonard,202695,F,21.15,2.58,6.85,1.78,0.99,1.46,1.767123287671233,2.77,31.89,25.0,2016
Kawhi Leonard,202695,F,25.51,3.51,5.81,1.8,0.74,2.08,1.6874999999999998,2.54,35.29,26.0,2017
Kawhi Leonard,202695,F,16.22,2.33,4.67,2.0,1.0,1.78,1.3089887640449438,3.0,24.44,27.0,2018
Kawhi Leonard,202695,F,26.6,3.32,7.32,1.77,0.4,2.02,1.6435643564356437,2.17,37.39,28.0,2019
Kawhi Leonard,202695,F,27.07,4.91,7.05,1.81,0.58,2.61,1.8812260536398469,2.39,38.81,29.0,2020
Kawhi Leonard,202695,F,24.85,5.17,6.48,1.56,0.4,2.02,2.5594059405940595,1.96,36.44,30.0,2021
Kawhi Leonard,202695,F,23.83,3.92,6.5,1.38,0.54,1.69,2.3195266272189348,1.92,34.48,32.0,2023
Kawhi Leonard,202695,F,23.72,3.59,6.12,1.63,0.87,1.75,2.051428571428571,2.5,34.18,33.0,2024
Maxwell Lewis,1641721,F,0.32,0.18,0.12,0.06,0.03,0.29,0.6206896551724138,0.09,0.42,21.0,2024
E.J. Liddell,1630604,F,0.5,0.12,0.62,0.25,0.25,0.25,0.48,0.5,1.49,23.0,2024
Damian Lillard,203081,G,20.98,6.18,4.61,1.18,0.26,2.71,2.280442804428044,1.44,30.5,24.0,2015
Damian Lillard,203081,G,25.05,6.83,4.03,0.87,0.37,3.23,2.1145510835913317,1.24,33.92,25.0,2016
Damian Lillard,203081,G,26.99,5.87,4.91,0.91,0.27,2.63,2.231939163498099,1.18,36.32,26.0,2017
Damian Lillard,203081,G,26.88,6.59,4.45,1.05,0.37,2.82,2.3368794326241136,1.42,36.52,27.0,2018
Damian Lillard,203081,G,25.84,6.89,4.64,1.1,0.42,2.65,2.6,1.52,36.24,28.0,2019
Damian Lillard,203081,G,29.97,8.03,4.3,1.06,0.33,2.94,2.7312925170068025,1.39,40.75,29.0,2020
Damian Lillard,203081,G,28.78,7.54,4.22,0.93,0.25,3.03,2.4884488448844886,1.18,38.69,30.0,2021
Damian Lillard,203081,G,23.97,7.31,4.14,0.59,0.38,2.86,2.555944055944056,0.97,33.53,31.0,2022
Damian Lillard,203081,G,32.17,7.33,4.78,0.86,0.31,3.29,2.2279635258358663,1.17,42.16,32.0,2023
Damian Lillard,203081,G,24.32,6.96,4.38,0.99,0.25,2.64,2.636363636363636,1.24,34.26,33.0,2024
Dereck Lively II,1641726,C,8.78,1.09,6.87,0.65,1.4,0.91,1.1978021978021978,2.05,17.88,20.0,2024
Chris Livingston,1641753,F,1.24,0.24,1.0,0.1,0.0,0.24,1.0,0.1,2.34,20.0,2024
Kevon Looney,1626172,F,1.8,0.0,2.0,0.0,0.0,0.2,0.0,0.0,3.6,20.0,2016
Kevon Looney,1626172,F,2.55,0.55,2.34,0.28,0.32,0.32,1.71875,0.6,5.72,21.0,2017
Kevon Looney,1626172,F,4.05,0.64,3.26,0.52,0.85,0.47,1.3617021276595749,1.37,8.85,22.0,2018
Kevon Looney,1626172,F,6.25,1.54,5.21,0.57,0.66,0.64,2.40625,1.23,13.59,23.0,2019
Kevon Looney,1626172,F,3.4,1.0,3.3,0.6,0.3,0.6,1.6666666666666667,0.9,8.0,24.0,2020
Kevon Looney,1626172,F,4.11,1.95,5.28,0.34,0.36,0.61,3.19672131147541,0.7,11.43,25.0,2021
Kevon Looney,1626172,F,5.99,2.01,7.27,0.61,0.63,0.82,2.451219512195122,1.24,15.69,26.0,2022
Kevon Looney,1626172,F,7.05,2.52,9.27,0.63,0.61,0.55,4.581818181818181,1.24,19.53,27.0,2023
Kevon Looney,1626172,F,4.51,1.8,5.66,0.38,0.39,0.68,2.647058823529412,0.77,12.06,28.0,2024
Brook Lopez,201572,C,17.17,0.69,7.43,0.6,1.75,1.44,0.4791666666666666,2.35,26.2,27.0,2015
Brook Lopez,201572,C,20.56,2.0,7.85,0.79,1.7,2.4,0.8333333333333334,2.49,30.5,28.0,2016
Brook Lopez,201572,C,20.52,2.35,5.37,0.51,1.65,2.45,0.9591836734693876,2.16,27.95,29.0,2017
Brook Lopez,201572,C,12.99,1.7,3.97,0.41,1.32,1.32,1.2878787878787878,1.73,19.07,30.0,2018
Brook Lopez,201572,C,12.46,1.21,4.89,0.63,2.21,1.01,1.198019801980198,2.84,20.39,31.0,2019
Brook Lopez,201572,C,11.96,1.46,4.59,0.68,2.4,1.03,1.4174757281553398,3.08,20.06,32.0,2020
Brook Lopez,201572,C,12.27,0.71,4.96,0.57,1.47,0.91,0.7802197802197801,2.04,19.07,33.0,2021
Brook Lopez,201572,C,12.38,0.46,4.08,0.62,1.15,0.92,0.5,1.77,17.77,34.0,2022
Brook Lopez,201572,C,15.88,1.27,6.67,0.47,2.47,1.37,0.927007299270073,2.94,25.39,35.0,2023
Brook Lopez,201572,C,12.53,1.61,5.18,0.54,2.39,1.0,1.61,2.93,21.25,36.0,2024
Kevin Love,201567,F,16.37,2.24,9.75,0.68,0.52,1.63,1.374233128834356,1.2,27.93,26.0,2015
Kevin Love,201567,F,16.03,2.4,9.9,0.75,0.53,1.84,1.3043478260869563,1.28,27.77,27.0,2016
Kevin Love,201567,F,19.03,1.93,11.1,0.88,0.35,2.03,0.9507389162561576,1.23,31.26,28.0,2017
Kevin Love,201567,F,17.61,1.75,9.25,0.73,0.41,1.53,1.1437908496732023,1.14,28.22,29.0,2018
Kevin Love,201567,F,17.0,2.18,10.86,0.27,0.23,1.91,1.1413612565445028,0.5,28.63,30.0,2019
Kevin Love,201567,F,17.62,3.18,9.77,0.59,0.34,2.5,1.272,0.93,29.0,31.0,2020
Kevin Love,201567,F,12.2,2.52,7.44,0.64,0.08,1.52,1.6578947368421053,0.72,21.36,32.0,2021
Kevin Love,201567,F,13.61,2.16,7.24,0.35,0.24,1.32,1.6363636363636365,0.59,22.28,33.0,2022
Kevin Love,201567,F,8.46,1.85,6.83,0.17,0.17,1.15,1.6086956521739133,0.34,16.33,34.0,2023
Kevin Love,201567,F,7.71,1.9,5.67,0.43,0.24,1.1,1.727272727272727,0.67,14.85,34.0,2023
Kevin Love,201567,F,8.21,1.87,6.44,0.26,0.19,1.13,1.6548672566371685,0.45,15.84,34.0,2023
Kevin Love,201567,F,8.82,2.09,6.15,0.33,0.18,0.87,2.4022988505747125,0.51,16.7,35.0,2024
Kyle Lowry,200768,G,17.77,6.76,4.69,1.56,0.19,2.47,2.736842105263157,1.75,28.5,29.0,2015
Kyle Lowry,200768,G,21.22,6.42,4.74,2.05,0.44,2.92,2.198630136986301,2.49,31.95,30.0,2016
Kyle Lowry,200768,G,22.4,6.95,4.77,1.47,0.32,2.88,2.4131944444444446,1.79,33.03,31.0,2017
Kyle Lowry,200768,G,16.24,6.88,5.56,1.09,0.24,2.35,2.927659574468085,1.33,27.66,32.0,2018
Kyle Lowry,200768,G,14.25,8.68,4.8,1.4,0.48,2.8,3.1,1.88,26.81,33.0,2019
Kyle Lowry,200768,G,19.41,7.47,5.03,1.41,0.45,3.07,2.433224755700326,1.86,30.7,34.0,2020
Kyle Lowry,200768,G,17.2,7.35,5.37,0.98,0.3,2.74,2.682481751824817,1.28,28.46,35.0,2021
Kyle Lowry,200768,G,13.4,7.52,4.48,1.06,0.27,2.67,2.8164794007490634,1.33,24.06,36.0,2022
Kyle Lowry,200768,G,11.18,5.11,4.09,1.04,0.38,1.87,2.732620320855615,1.42,19.93,37.0,2023
Kyle Lowry,200768,G,8.19,3.97,3.49,1.05,0.41,1.43,2.7762237762237767,1.46,15.68,38.0,2024
Kyle Lowry,200768,G,8.0,4.61,2.83,0.87,0.26,1.39,3.3165467625899283,1.13,15.18,38.0,2024
Kyle Lowry,200768,G,8.12,4.22,3.23,0.98,0.35,1.42,2.971830985915493,1.33,15.48,38.0,2024
Seth Lundy,1641754,G,1.56,0.0,0.78,0.0,0.0,0.11,0.0,0.0,2.23,24.0,2024
Trey Lyles,1626168,F,6.1,0.74,3.74,0.32,0.22,0.81,0.9135802469135802,0.54,10.31,20.0,2016
Trey Lyles,1626168,F,6.2,0.97,3.31,0.37,0.28,0.9,1.0777777777777775,0.65,10.23,21.0,2017
Trey Lyles,1626168,F,9.92,1.25,4.75,0.41,0.47,0.84,1.488095238095238,0.88,15.96,22.0,2018
Trey Lyles,1626168,F,8.53,1.36,3.84,0.47,0.36,1.06,1.2830188679245282,0.83,13.5,23.0,2019
Trey Lyles,1626168,F,6.41,1.1,5.73,0.44,0.44,0.62,1.774193548387097,0.88,13.5,24.0,2020
Trey Lyles,1626168,F,5.0,0.61,3.74,0.26,0.04,0.26,2.346153846153846,0.3,9.39,25.0,2021
Trey Lyles,1626168,F,10.43,1.14,4.78,0.43,0.51,1.06,1.0754716981132073,0.94,16.23,26.0,2022
Trey Lyles,1626168,F,10.58,1.25,5.62,0.29,0.25,0.79,1.5822784810126582,0.54,17.2,26.0,2022
Trey Lyles,1626168,F,10.48,1.17,5.05,0.39,0.43,0.97,1.2061855670103092,0.82,16.55,26.0,2022
Trey Lyles,1626168,F,7.59,0.89,4.05,0.36,0.42,0.86,1.0348837209302326,0.78,12.45,27.0,2023
Trey Lyles,1626168,F,7.22,1.24,4.43,0.29,0.33,0.66,1.878787878787879,0.62,12.85,28.0,2024
Sandro Mamukelashvili,1630572,F,3.76,0.54,2.0,0.22,0.22,0.37,1.4594594594594597,0.44,6.37,23.0,2022
Sandro Mamukelashvili,1630572,F,2.38,0.67,2.33,0.17,0.21,0.38,1.7631578947368425,0.38,5.38,24.0,2023
Sandro Mamukelashvili,1630572,F,10.84,2.42,6.79,0.53,0.37,1.37,1.7664233576642334,0.9,19.58,24.0,2023
Sandro Mamukelashvili,1630572,F,6.12,1.44,4.3,0.33,0.28,0.81,1.7777777777777777,0.61,11.66,24.0,2023
Sandro Mamukelashvili,1630572,F,4.13,1.07,3.2,0.15,0.26,0.41,2.609756097560976,0.41,8.4,25.0,2024
Terance Mann,1629611,G,2.41,1.29,1.34,0.27,0.12,0.44,2.931818181818182,0.39,4.99,23.0,2020
Terance Mann,1629611,G,7.04,1.55,3.61,0.43,0.19,0.6,2.583333333333333,0.62,12.22,24.0,2021
Terance Mann,1629611,G,10.77,2.58,5.25,0.68,0.26,1.04,2.480769230769231,0.94,18.5,25.0,2022
Terance Mann,1629611,G,8.8,2.27,3.41,0.52,0.27,0.99,2.292929292929293,0.79,14.28,26.0,2023
Terance Mann,1629611,G,8.77,1.59,3.39,0.57,0.2,0.64,2.484375,0.77,13.88,27.0,2024
Tre Mann,1630544,G,10.42,1.52,2.85,0.78,0.2,1.18,1.288135593220339,0.98,14.59,21.0,2022
Tre Mann,1630544,G,7.72,1.79,2.31,0.6,0.16,0.93,1.9247311827956988,0.76,11.65,22.0,2023
Tre Mann,1630544,G,3.77,1.54,1.85,0.23,0.0,0.69,2.231884057971014,0.23,6.7,23.0,2024
Tre Mann,1630544,G,11.89,5.18,4.46,1.71,0.11,2.0,2.59,1.82,21.35,23.0,2024
Tre Mann,1630544,G,9.32,4.02,3.63,1.24,0.07,1.59,2.5283018867924523,1.31,16.69,23.0,2024
Lauri Markkanen,1628374,F,15.19,1.16,7.47,0.57,0.59,1.22,0.9508196721311476,1.16,23.76,21.0,2018
Lauri Markkanen,1628374,F,18.73,1.44,9.04,0.71,0.63,1.63,0.8834355828220859,1.34,28.92,22.0,2019
Lauri Markkanen,1628374,F,14.74,1.48,6.26,0.84,0.46,1.62,0.9135802469135802,1.3,22.16,23.0,2020
Lauri Markkanen,1628374,F,13.63,0.88,5.25,0.51,0.29,1.02,0.8627450980392157,0.8,19.54,24.0,2021
Lauri Markkanen,1628374,F,14.75,1.33,5.66,0.74,0.49,0.89,1.4943820224719102,1.23,22.08,25.0,2022
Lauri Markkanen,1628374,F,25.62,1.86,8.64,0.64,0.58,1.92,0.96875,1.22,35.42,26.0,2023
Lauri Markkanen,1628374,F,23.24,2.0,8.16,0.91,0.47,1.4,1.4285714285714286,1.38,33.38,27.0,2024
Naji Marshall,1630230,F,7.69,2.75,4.62,0.81,0.31,1.19,2.3109243697478994,1.12,14.99,23.0,2021
Naji Marshall,1630230,F,5.69,1.13,2.58,0.6,0.15,0.84,1.3452380952380951,0.75,9.31,24.0,2022
Naji Marshall,1630230,F,9.06,2.45,3.62,0.7,0.18,1.26,1.9444444444444449,0.88,14.75,25.0,2023
Naji Marshall,1630230,F,7.06,1.94,3.64,0.74,0.18,0.98,1.9795918367346936,0.92,12.58,26.0,2024
Caleb Martin,1628997,F,6.17,1.28,2.11,0.67,0.39,0.83,1.5421686746987953,1.06,9.79,24.0,2020
Caleb Martin,1628997,F,4.98,1.26,2.66,0.7,0.23,0.62,2.032258064516129,0.93,9.21,25.0,2021
Caleb Martin,1628997,F,9.18,1.07,3.83,0.97,0.5,0.87,1.2298850574712643,1.47,14.68,26.0,2022
Caleb Martin,1628997,F,9.62,1.65,4.85,1.0,0.44,1.1,1.4999999999999998,1.44,16.46,27.0,2023
Caleb Martin,1628997,F,10.0,2.23,4.39,0.73,0.45,1.2,1.8583333333333332,1.18,16.6,28.0,2024
Cody Martin,1628998,F,4.96,1.98,3.29,0.81,0.19,0.92,2.152173913043478,1.0,10.31,24.0,2020
Cody Martin,1628998,F,3.98,1.65,3.1,0.71,0.23,0.77,2.142857142857143,0.94,8.9,25.0,2021
Cody Martin,1628998,F,7.66,2.52,4.01,1.24,0.45,0.86,2.9302325581395348,1.69,15.02,26.0,2022
Cody Martin,1628998,F,5.0,1.57,3.43,0.57,0.14,0.29,5.413793103448277,0.71,10.42,27.0,2023
Cody Martin,1628998,F,7.54,3.71,3.89,1.14,0.64,1.57,2.363057324840764,1.78,15.35,28.0,2024
KJ Martin,1630231,F,9.31,1.07,5.38,0.67,0.91,0.84,1.273809523809524,1.58,16.5,20.0,2021
KJ Martin,1630231,F,8.81,1.28,3.76,0.43,0.51,0.76,1.6842105263157894,0.94,14.03,21.0,2022
KJ Martin,1630231,F,12.67,1.5,5.51,0.5,0.37,1.11,1.351351351351351,0.87,19.44,22.0,2023
KJ Martin,1630231,F,5.0,0.5,1.5,1.0,0.5,1.0,0.5,1.5,7.5,23.0,2024
KJ Martin,1630231,F,3.69,0.86,2.21,0.34,0.19,0.52,1.6538461538461535,0.53,6.77,23.0,2024
KJ Martin,1630231,F,3.73,0.85,2.18,0.37,0.2,0.53,1.6037735849056602,0.57,6.8,23.0,2024
Tyrese Martin,1631213,F,1.31,0.12,0.75,0.06,0.0,0.12,1.0,0.06,2.12,24.0,2023
Garrison Mathews,1629726,G,5.44,0.56,1.33,0.44,0.06,0.44,1.272727272727273,0.5,7.39,23.0,2020
Garrison Mathews,1629726,G,5.53,0.41,1.36,0.45,0.11,0.16,2.5625,0.56,7.7,24.0,2021
Garrison Mathews,1629726,G,10.0,0.98,2.92,0.88,0.37,0.63,1.5555555555555556,1.25,14.52,25.0,2022
Garrison Mathews,1629726,G,4.76,0.51,1.38,0.51,0.09,0.4,1.275,0.6,6.85,26.0,2023
Garrison Mathews,1629726,G,4.78,0.33,1.22,0.11,0.11,0.11,3.0,0.22,6.44,26.0,2023
Garrison Mathews,1629726,G,4.76,0.48,1.35,0.44,0.09,0.35,1.3714285714285714,0.53,6.77,26.0,2023
Garrison Mathews,1629726,G,4.92,0.56,1.39,0.3,0.12,0.29,1.931034482758621,0.42,7.0,27.0,2024
Bennedict Mathurin,1631097,G,16.69,1.49,4.08,0.62,0.17,1.95,0.7641025641025642,0.79,21.1,21.0,2023
Bennedict Mathurin,1631097,G,14.51,2.02,3.97,0.59,0.24,1.64,1.2317073170731707,0.83,19.69,22.0,2024
Tyrese Maxey,1630178,G,8.0,1.97,1.7,0.43,0.21,0.67,2.9402985074626864,0.64,11.64,20.0,2021
Tyrese Maxey,1630178,G,17.48,4.28,3.2,0.73,0.43,1.17,3.6581196581196576,1.16,24.95,21.0,2022
Tyrese Maxey,1630178,G,20.3,3.53,2.93,0.82,0.13,1.33,2.6541353383458643,0.95,26.38,22.0,2023
Tyrese Maxey,1630178,G,25.94,6.19,3.69,0.99,0.47,1.66,3.728915662650603,1.46,35.62,23.0,2024
Miles McBride,1630540,G,2.22,1.02,1.05,0.35,0.02,0.12,8.5,0.37,4.54,21.0,2022
Miles McBride,1630540,G,3.47,1.12,0.78,0.58,0.12,0.39,2.871794871794872,0.7,5.68,22.0,2023
Miles McBride,1630540,G,8.26,1.68,1.47,0.74,0.1,0.44,3.818181818181818,0.84,11.81,23.0,2024
Mac McClung,1630644,G,2.0,0.0,0.0,0.0,0.0,1.0,0.0,0.0,1.0,23.0,2022
Mac McClung,1630644,G,6.0,1.0,3.0,1.0,1.0,2.0,0.5,2.0,10.0,23.0,2022
Mac McClung,1630644,G,4.0,0.5,1.5,0.5,0.5,1.5,0.3333333333333333,1.0,5.5,23.0,2022
Mac McClung,1630644,G,12.5,4.5,5.0,0.0,0.0,1.5,3.0,0.0,20.5,24.0,2023
CJ McCollum,203468,G,6.84,1.03,1.47,0.69,0.13,0.77,1.3376623376623378,0.82,9.39,23.0,2015
CJ McCollum,203468,G,20.82,4.26,3.24,1.21,0.29,2.45,1.7387755102040814,1.5,27.37,24.0,2016
CJ McCollum,203468,G,22.96,3.56,3.61,0.9,0.52,2.15,1.6558139534883722,1.42,29.4,25.0,2017
CJ McCollum,203468,G,21.38,3.36,3.96,0.95,0.43,1.86,1.806451612903225,1.38,28.22,26.0,2018
CJ McCollum,203468,G,20.97,2.96,4.03,0.79,0.4,1.51,1.960264900662252,1.19,27.64,27.0,2019
CJ McCollum,203468,G,22.23,4.43,4.24,0.77,0.6,1.81,2.447513812154696,1.37,30.46,28.0,2020
CJ McCollum,203468,G,23.13,4.74,3.94,0.94,0.45,1.38,3.4347826086956528,1.39,31.82,29.0,2021
CJ McCollum,203468,G,20.53,4.53,4.25,1.0,0.58,1.94,2.3350515463917527,1.58,28.95,30.0,2022
CJ McCollum,203468,G,24.27,5.85,4.46,1.31,0.04,2.19,2.671232876712329,1.35,33.74,30.0,2022
CJ McCollum,203468,G,22.1,5.08,4.34,1.13,0.35,2.05,2.4780487804878053,1.48,30.95,30.0,2022
CJ McCollum,203468,G,20.91,5.72,4.37,0.93,0.51,2.44,2.344262295081968,1.44,30.0,31.0,2023
CJ McCollum,203468,G,20.03,4.62,4.33,0.94,0.62,1.67,2.766467065868264,1.56,28.87,32.0,2024
T.J. McConnell,204456,G,6.09,4.53,3.09,1.17,0.12,1.73,2.6184971098265897,1.29,13.27,24.0,2016
T.J. McConnell,204456,G,6.86,6.59,3.1,1.65,0.12,1.96,3.3622448979591835,1.77,16.36,25.0,2017
T.J. McConnell,204456,G,6.29,3.99,2.97,1.21,0.17,1.47,2.7142857142857144,1.38,13.16,26.0,2018
T.J. McConnell,204456,G,6.36,3.39,2.29,1.04,0.22,1.2,2.825,1.26,12.1,27.0,2019
T.J. McConnell,204456,G,6.54,5.0,2.66,0.79,0.15,1.41,3.546099290780142,0.94,13.73,28.0,2020
T.J. McConnell,204456,G,8.64,6.61,3.71,1.86,0.33,1.96,3.372448979591837,2.19,19.19,29.0,2021
T.J. McConnell,204456,G,8.48,4.85,3.33,1.07,0.37,1.07,4.532710280373832,1.44,17.03,30.0,2022
T.J. McConnell,204456,G,8.67,5.29,3.12,1.08,0.13,1.91,2.769633507853403,1.21,16.38,31.0,2023
T.J. McConnell,204456,G,10.24,5.49,2.69,1.01,0.11,1.52,3.611842105263158,1.12,18.02,32.0,2024
Jaden McDaniels,1630183,F,6.78,1.13,3.68,0.56,0.95,0.75,1.5066666666666666,1.51,12.35,20.0,2021
Jaden McDaniels,1630183,F,9.24,1.13,4.19,0.74,0.77,1.07,1.05607476635514,1.51,15.0,21.0,2022
Jaden McDaniels,1630183,F,12.06,1.87,3.89,0.94,0.96,1.42,1.3169014084507045,1.9,18.3,22.0,2023
Jaden McDaniels,1630183,F,10.51,1.4,3.11,0.88,0.58,1.21,1.1570247933884297,1.46,15.27,23.0,2024
Jalen McDaniels,1629667,F,5.56,0.81,4.06,0.5,0.19,0.69,1.173913043478261,0.69,10.43,22.0,2020
Jalen McDaniels,1629667,F,7.36,1.13,3.6,0.6,0.4,0.96,1.1770833333333333,1.0,12.13,23.0,2021
Jalen McDaniels,1629667,F,6.18,1.05,3.09,0.47,0.4,0.65,1.6153846153846154,0.87,10.54,24.0,2022
Jalen McDaniels,1629667,F,10.62,1.98,4.82,1.18,0.52,1.43,1.3846153846153846,1.7,17.69,25.0,2023
Jalen McDaniels,1629667,F,6.67,0.79,3.17,0.71,0.21,0.54,1.462962962962963,0.92,11.01,25.0,2023
Jalen McDaniels,1629667,F,9.44,1.62,4.32,1.04,0.42,1.16,1.3965517241379313,1.46,15.68,25.0,2023
Jalen McDaniels,1629667,F,3.38,0.74,1.58,0.38,0.12,0.6,1.2333333333333334,0.5,5.6,26.0,2024
Doug McDermott,203926,F,3.03,0.17,1.19,0.11,0.03,0.47,0.3617021276595745,0.14,4.06,23.0,2015
Doug McDermott,203926,F,9.43,0.73,2.41,0.17,0.07,0.65,1.123076923076923,0.24,12.16,24.0,2016
Doug McDermott,203926,F,10.16,1.02,2.95,0.25,0.09,0.73,1.3972602739726028,0.34,13.74,25.0,2017
Doug McDermott,203926,F,6.59,0.59,2.23,0.09,0.05,0.27,2.185185185185185,0.14,9.28,25.0,2017
Doug McDermott,203926,F,8.97,0.88,2.71,0.2,0.08,0.58,1.517241379310345,0.28,12.26,25.0,2017
Doug McDermott,203926,F,7.18,0.91,2.44,0.18,0.22,0.62,1.467741935483871,0.4,10.31,26.0,2018
Doug McDermott,203926,F,9.04,1.12,2.54,0.35,0.15,0.85,1.3176470588235296,0.5,12.35,26.0,2018
Doug McDermott,203926,F,7.78,0.98,2.47,0.23,0.2,0.69,1.420289855072464,0.43,10.97,26.0,2018
Doug McDermott,203926,F,7.32,0.87,1.42,0.23,0.1,0.55,1.5818181818181818,0.33,9.39,27.0,2019
Doug McDermott,203926,F,10.29,1.13,2.52,0.17,0.07,0.61,1.8524590163934425,0.24,13.57,28.0,2020
Doug McDermott,203926,F,13.62,1.29,3.35,0.3,0.09,0.8,1.6125,0.39,17.85,29.0,2021
Doug McDermott,203926,F,11.33,1.25,2.25,0.25,0.12,0.84,1.488095238095238,0.37,14.36,30.0,2022
Doug McDermott,203926,F,10.22,1.42,2.16,0.2,0.09,0.91,1.5604395604395602,0.29,13.18,31.0,2023
Doug McDermott,203926,F,6.0,1.24,1.04,0.24,0.04,0.52,2.3846153846153846,0.28,8.04,32.0,2024
Doug McDermott,203926,F,4.17,0.72,0.61,0.28,0.0,0.22,3.2727272727272725,0.28,5.56,32.0,2024
Doug McDermott,203926,F,5.48,1.09,0.92,0.25,0.03,0.44,2.4772727272727275,0.28,7.33,32.0,2024
Bryce McGowens,1631121,G,5.35,1.17,2.02,0.33,0.13,0.93,1.258064516129032,0.46,8.07,20.0,2023
Bryce McGowens,1631121,G,5.12,0.86,1.73,0.36,0.17,0.51,1.6862745098039216,0.53,7.73,21.0,2024
Jordan McLaughlin,1629162,G,7.63,4.17,1.63,1.13,0.13,1.03,4.048543689320388,1.26,13.66,24.0,2020
Jordan McLaughlin,1629162,G,5.02,3.78,2.12,1.0,0.12,1.0,3.78,1.12,11.04,25.0,2021
Jordan McLaughlin,1629162,G,3.76,2.9,1.52,0.92,0.16,0.61,4.754098360655738,1.08,8.65,26.0,2022
Jordan McLaughlin,1629162,G,3.74,3.44,1.44,0.74,0.09,0.77,4.467532467532467,0.83,8.68,27.0,2023
Jordan McLaughlin,1629162,G,3.48,1.96,1.29,0.62,0.12,0.34,5.76470588235294,0.74,7.13,28.0,2024
De'Anthony Melton,1629001,G,5.0,3.18,2.68,1.36,0.46,1.5,2.12,1.82,11.18,21.0,2019
De'Anthony Melton,1629001,G,7.58,2.92,3.67,1.28,0.33,1.4,2.085714285714286,1.61,14.38,22.0,2020
De'Anthony Melton,1629001,G,9.08,2.54,3.1,1.15,0.6,1.27,2.0,1.75,15.2,23.0,2021
De'Anthony Melton,1629001,G,10.84,2.66,4.49,1.42,0.53,1.53,1.738562091503268,1.95,18.41,24.0,2022
De'Anthony Melton,1629001,G,10.13,2.56,4.05,1.64,0.53,1.32,1.9393939393939397,2.17,17.59,25.0,2023
De'Anthony Melton,1629001,G,11.08,3.0,3.71,1.58,0.42,1.03,2.912621359223301,2.0,18.76,26.0,2024
Sam Merrill,1630241,G,2.97,0.7,1.0,0.27,0.03,0.33,2.121212121212121,0.3,4.64,25.0,2021
Sam Merrill,1630241,G,4.17,0.67,1.17,0.0,0.0,0.33,2.0303030303030303,0.0,5.68,26.0,2022
Sam Merrill,1630241,G,7.95,1.77,1.97,0.31,0.07,0.31,5.709677419354839,0.38,11.76,28.0,2024
Vasilije Micić,203995,G,3.3,2.53,0.8,0.3,0.1,0.97,2.6082474226804124,0.4,6.06,30.0,2024
Vasilije Micić,203995,G,10.77,6.2,2.13,0.73,0.13,2.33,2.660944206008584,0.86,17.63,30.0,2024
Vasilije Micić,203995,G,7.03,4.37,1.47,0.52,0.12,1.65,2.648484848484849,0.64,11.86,30.0,2024
Khris Middleton,203114,F,13.35,2.3,4.39,1.54,0.14,1.43,1.6083916083916083,1.68,20.29,23.0,2015
Khris Middleton,203114,F,18.15,4.19,3.82,1.66,0.24,2.28,1.8377192982456143,1.9,25.78,24.0,2016
Khris Middleton,203114,F,14.69,3.41,4.24,1.41,0.24,2.24,1.5223214285714284,1.65,21.75,25.0,2017
Khris Middleton,203114,F,20.15,4.0,5.23,1.45,0.26,2.33,1.7167381974248928,1.71,28.76,26.0,2018
Khris Middleton,203114,F,18.27,4.3,5.99,1.04,0.09,2.26,1.9026548672566368,1.13,27.43,27.0,2019
Khris Middleton,203114,F,20.92,4.27,6.16,0.85,0.11,2.21,1.932126696832579,0.96,30.1,28.0,2020
Khris Middleton,203114,F,20.37,5.44,5.97,1.09,0.13,2.62,2.0763358778625958,1.22,30.38,29.0,2021
Khris Middleton,203114,F,20.08,5.42,5.39,1.15,0.27,2.88,1.8819444444444444,1.42,29.43,30.0,2022
Khris Middleton,203114,F,15.06,4.94,4.24,0.7,0.15,2.15,2.297674418604652,0.85,22.94,31.0,2023
Khris Middleton,203114,F,15.05,5.31,4.67,0.93,0.27,2.31,2.2987012987012987,1.2,23.92,32.0,2024
Brandon Miller,1641706,F,17.28,2.36,4.26,0.89,0.57,1.78,1.3258426966292134,1.46,23.58,21.0,2024
Jordan Miller,1641757,G,1.62,0.0,0.62,0.0,0.0,0.12,0.0,0.0,2.12,24.0,2024
Leonard Miller,1631159,F,1.71,0.47,1.18,0.12,0.06,0.06,7.833333333333333,0.18,3.48,20.0,2024
Patty Mills,201988,G,6.88,1.71,1.47,0.55,0.04,0.69,2.4782608695652177,0.59,9.96,26.0,2015
Patty Mills,201988,G,8.52,2.79,1.95,0.73,0.07,0.94,2.9680851063829787,0.8,13.12,27.0,2016
Patty Mills,201988,G,9.49,3.5,1.76,0.81,0.04,1.26,2.7777777777777777,0.85,14.34,28.0,2017
Patty Mills,201988,G,9.99,2.79,1.88,0.67,0.13,1.29,2.1627906976744184,0.8,14.17,29.0,2018
Patty Mills,201988,G,9.89,2.99,2.22,0.6,0.12,1.13,2.6460176991150446,0.72,14.69,30.0,2019
Patty Mills,201988,G,11.62,1.79,1.64,0.8,0.09,0.82,2.182926829268293,0.89,15.12,31.0,2020
Patty Mills,201988,G,10.82,2.38,1.71,0.62,0.04,0.97,2.453608247422681,0.66,14.6,32.0,2021
Patty Mills,201988,G,11.4,2.26,1.93,0.63,0.21,0.9,2.51111111111111,0.84,15.53,33.0,2022
Patty Mills,201988,G,6.15,1.4,1.1,0.38,0.08,0.75,1.8666666666666665,0.46,8.36,34.0,2023
Patty Mills,201988,G,2.68,0.74,1.05,0.47,0.05,0.42,1.761904761904762,0.52,4.57,35.0,2024
Patty Mills,201988,G,5.85,1.54,1.15,0.85,0.0,0.62,2.4838709677419355,0.85,8.77,35.0,2024
Patty Mills,201988,G,3.97,1.06,1.09,0.62,0.03,0.5,2.12,0.65,6.27,35.0,2024
Shake Milton,1629003,G,4.35,0.9,1.75,0.4,0.4,0.3,3.0,0.8,7.5,22.0,2019
Shake Milton,1629003,G,9.43,2.6,2.2,0.5,0.18,1.18,2.203389830508475,0.68,13.73,23.0,2020
Shake Milton,1629003,G,12.97,3.06,2.35,0.62,0.29,1.63,1.8773006134969328,0.91,17.66,24.0,2021
Shake Milton,1629003,G,8.18,2.53,2.58,0.51,0.31,0.8,3.1625,0.82,13.31,25.0,2022
Shake Milton,1629003,G,8.38,3.16,2.51,0.33,0.17,1.24,2.548387096774193,0.5,13.31,26.0,2023
Shake Milton,1629003,G,4.68,1.32,1.34,0.42,0.13,0.74,1.783783783783784,0.55,7.15,27.0,2024
Shake Milton,1629003,G,6.75,1.5,4.5,0.5,0.25,0.75,2.0,0.75,12.75,27.0,2024
Shake Milton,1629003,G,4.5,1.25,1.56,0.4,0.12,0.65,1.923076923076923,0.52,7.18,27.0,2024
Justin Minaya,1631303,F,4.25,1.0,3.75,0.5,1.25,1.0,1.0,1.75,9.75,24.0,2023
Justin Minaya,1631303,F,1.79,0.62,1.65,0.26,0.29,0.26,2.3846153846153846,0.55,4.35,25.0,2024
Josh Minott,1631169,F,3.07,0.33,1.67,0.27,0.4,0.2,1.65,0.67,5.54,20.0,2023
Josh Minott,1631169,F,1.56,0.25,0.53,0.16,0.16,0.06,4.166666666666667,0.32,2.6,21.0,2024
Davion Mitchell,1630558,G,11.48,4.17,2.21,0.73,0.32,1.52,2.7434210526315788,1.05,17.39,23.0,2022
Davion Mitchell,1630558,G,5.62,2.31,1.31,0.55,0.19,0.78,2.9615384615384617,0.74,9.2,24.0,2023
Davion Mitchell,1630558,G,5.26,1.86,1.32,0.24,0.04,0.6,3.1,0.28,8.12,25.0,2024
Donovan Mitchell,1628378,G,20.46,3.68,3.75,1.49,0.34,2.72,1.352941176470588,1.83,27.0,21.0,2018
Donovan Mitchell,1628378,G,23.75,4.18,4.1,1.38,0.4,2.83,1.4770318021201412,1.78,30.98,22.0,2019
Donovan Mitchell,1628378,G,23.99,4.26,4.41,1.01,0.2,2.67,1.595505617977528,1.21,31.2,23.0,2020
Donovan Mitchell,1628378,G,26.43,5.23,4.43,0.98,0.28,2.77,1.8880866425992784,1.26,34.58,24.0,2021
Donovan Mitchell,1628378,G,25.87,5.34,4.21,1.48,0.18,2.99,1.785953177257525,1.66,34.09,25.0,2022
Donovan Mitchell,1628378,G,28.26,4.43,4.25,1.46,0.4,2.65,1.671698113207547,1.86,36.15,26.0,2023
Donovan Mitchell,1628378,G,26.6,6.05,5.09,1.84,0.55,2.8,2.1607142857142856,2.39,37.33,27.0,2024
Evan Mobley,1630596,C,14.99,2.52,8.26,0.81,1.67,1.93,1.305699481865285,2.48,26.32,21.0,2022
Evan Mobley,1630596,C,16.16,2.84,9.0,0.76,1.51,1.85,1.535135135135135,2.27,28.42,22.0,2023
Evan Mobley,1630596,C,15.7,3.2,9.36,0.9,1.44,1.8,1.777777777777778,2.34,28.8,23.0,2024
Malik Monk,1628370,G,6.68,1.44,1.05,0.32,0.14,0.78,1.846153846153846,0.46,8.85,20.0,2018
Malik Monk,1628370,G,8.95,1.6,1.88,0.51,0.26,1.18,1.355932203389831,0.77,12.02,21.0,2019
Malik Monk,1628370,G,10.25,2.07,2.85,0.45,0.29,1.4,1.4785714285714286,0.74,14.51,22.0,2020
Malik Monk,1628370,G,11.67,2.07,2.4,0.45,0.1,1.31,1.580152671755725,0.55,15.38,23.0,2021
Malik Monk,1628370,G,13.79,2.87,3.37,0.8,0.38,1.61,1.7826086956521738,1.18,19.6,24.0,2022
Malik Monk,1628370,G,13.52,3.87,2.64,0.64,0.26,1.9,2.0368421052631582,0.9,19.03,25.0,2023
Malik Monk,1628370,G,15.42,5.14,2.94,0.62,0.54,2.08,2.471153846153846,1.16,22.58,26.0,2024
Moses Moody,1630541,G,4.38,0.44,1.54,0.13,0.19,0.25,1.76,0.32,6.43,20.0,2022
Moses Moody,1630541,G,4.79,0.81,1.67,0.29,0.11,0.54,1.5,0.4,7.13,21.0,2023
Moses Moody,1630541,G,8.08,0.86,2.97,0.64,0.36,0.67,1.2835820895522387,1.0,12.24,22.0,2024
Tazé Moore,1631386,G,4.5,1.25,2.0,0.5,0.0,0.75,1.6666666666666667,0.5,7.5,26.0,2024
Wendell Moore Jr.,1631111,G,1.45,0.62,0.62,0.28,0.17,0.28,2.214285714285714,0.45,2.86,21.0,2023
Wendell Moore Jr.,1631111,G,0.72,0.24,0.48,0.2,0.04,0.16,1.5,0.24,1.52,22.0,2024
Ja Morant,1629630,G,17.81,7.28,3.87,0.87,0.27,3.28,2.2195121951219514,1.14,26.82,20.0,2020
Ja Morant,1629630,G,19.11,7.38,4.0,0.9,0.21,3.22,2.291925465838509,1.11,28.38,21.0,2021
Ja Morant,1629630,G,27.44,6.74,5.7,1.16,0.39,3.44,1.9593023255813955,1.55,37.99,22.0,2022
Ja Morant,1629630,G,26.16,8.08,5.85,1.08,0.26,3.38,2.3905325443786984,1.34,38.05,23.0,2023
Ja Morant,1629630,G,25.11,8.11,5.56,0.78,0.56,3.0,2.703333333333333,1.34,37.12,24.0,2024
Markieff Morris,202693,F,15.34,2.34,6.17,1.23,0.48,2.07,1.1304347826086956,1.71,23.49,25.0,2015
Markieff Morris,202693,F,11.62,2.35,5.24,0.89,0.46,2.43,0.9670781893004116,1.35,18.13,26.0,2016
Markieff Morris,202693,F,12.41,1.37,5.85,0.93,0.63,1.67,0.8203592814371259,1.56,19.52,26.0,2016
Markieff Morris,202693,F,11.95,1.94,5.5,0.91,0.53,2.11,0.9194312796208532,1.44,18.72,26.0,2016
Markieff Morris,202693,F,13.99,1.66,6.49,1.08,0.55,1.7,0.976470588235294,1.63,22.07,27.0,2017
Markieff Morris,202693,F,11.52,1.95,5.6,0.77,0.52,1.74,1.1206896551724137,1.29,18.62,28.0,2018
Markieff Morris,202693,F,11.5,1.76,5.12,0.74,0.59,1.38,1.2753623188405798,1.33,18.33,29.0,2019
Markieff Morris,202693,F,6.5,0.79,3.79,0.46,0.08,0.29,2.724137931034483,0.54,11.33,29.0,2019
Markieff Morris,202693,F,9.43,1.36,4.57,0.62,0.38,0.93,1.4623655913978495,1.0,15.43,29.0,2019
Markieff Morris,202693,F,11.05,1.57,3.93,0.59,0.25,1.59,0.9874213836477987,0.84,15.8,30.0,2020
Markieff Morris,202693,F,5.29,0.57,3.21,0.36,0.43,0.43,1.3255813953488371,0.79,9.43,30.0,2020
Markieff Morris,202693,F,9.66,1.33,3.76,0.53,0.29,1.31,1.015267175572519,0.82,14.26,30.0,2020
Markieff Morris,202693,F,6.67,1.2,4.36,0.36,0.31,0.89,1.348314606741573,0.67,12.01,31.0,2021
Markieff Morris,202693,F,7.59,1.35,2.65,0.35,0.06,1.18,1.1440677966101696,0.41,10.82,32.0,2022
Markieff Morris,202693,F,3.56,0.93,2.19,0.3,0.19,0.52,1.7884615384615383,0.49,6.65,33.0,2023
Markieff Morris,202693,F,4.5,0.75,1.5,0.12,0.0,0.5,1.5,0.12,6.37,33.0,2023
Markieff Morris,202693,F,3.77,0.89,2.03,0.26,0.14,0.51,1.7450980392156863,0.4,6.58,33.0,2023
Markieff Morris,202693,F,2.54,0.62,1.5,0.19,0.12,0.46,1.3478260869565215,0.31,4.51,34.0,2024
Monté Morris,1628420,G,3.33,2.33,0.67,1.0,0.0,0.33,7.0606060606060606,1.0,7.0,23.0,2018
Monté Morris,1628420,G,10.38,3.62,2.37,0.89,0.05,0.63,5.746031746031746,0.94,16.68,24.0,2019
Monté Morris,1628420,G,9.04,3.49,1.88,0.75,0.23,0.73,4.780821917808219,0.98,14.66,25.0,2020
Monté Morris,1628420,G,10.23,3.19,2.04,0.72,0.28,0.72,4.430555555555555,1.0,15.74,26.0,2021
Monté Morris,1628420,G,12.6,4.44,3.01,0.75,0.19,1.04,4.269230769230769,0.94,19.95,27.0,2022
Monté Morris,1628420,G,10.26,5.26,3.39,0.69,0.21,0.97,5.422680412371134,0.9,18.84,28.0,2023
Monté Morris,1628420,G,4.5,1.33,2.0,0.17,0.17,0.33,4.03030303030303,0.34,7.84,29.0,2024
Monté Morris,1628420,G,5.07,2.26,1.67,0.67,0.3,0.19,11.894736842105262,0.97,9.78,29.0,2024
Monté Morris,1628420,G,4.97,2.09,1.73,0.58,0.27,0.21,9.952380952380953,0.85,9.43,29.0,2024
Trey Murphy III,1630530,F,5.39,0.61,2.37,0.37,0.11,0.26,2.346153846153846,0.48,8.59,22.0,2022
Trey Murphy III,1630530,F,14.53,1.42,3.56,1.13,0.54,0.77,1.844155844155844,1.67,20.41,23.0,2023
Trey Murphy III,1630530,F,14.77,2.18,4.91,0.89,0.49,0.6,3.6333333333333337,1.38,22.64,24.0,2024
Dejounte Murray,1627749,G,3.42,1.26,1.11,0.21,0.16,1.0,1.26,0.37,5.16,20.0,2017
Dejounte Murray,1627749,G,8.07,2.85,5.67,1.2,0.38,1.65,1.7272727272727275,1.58,16.52,21.0,2018
Dejounte Murray,1627749,G,10.91,4.11,5.8,1.68,0.26,1.89,2.174603174603175,1.94,20.87,23.0,2020
Dejounte Murray,1627749,G,15.69,5.42,7.06,1.51,0.1,1.75,3.097142857142857,1.61,28.03,24.0,2021
Dejounte Murray,1627749,G,21.15,9.22,8.28,2.03,0.34,2.65,3.4792452830188685,2.37,38.37,25.0,2022
Dejounte Murray,1627749,G,20.47,6.05,5.26,1.51,0.26,2.16,2.8009259259259256,1.77,31.39,26.0,2023
Dejounte Murray,1627749,G,22.47,6.44,5.33,1.42,0.31,2.58,2.496124031007752,1.73,33.39,27.0,2024
Jamal Murray,1627750,G,9.89,2.07,2.61,0.62,0.29,1.38,1.5,0.91,14.1,20.0,2017
Jamal Murray,1627750,G,16.69,3.38,3.67,0.98,0.35,2.12,1.5943396226415094,1.33,22.95,21.0,2018
Jamal Murray,1627750,G,18.23,4.84,4.23,0.89,0.36,2.11,2.293838862559242,1.25,26.44,22.0,2019
Jamal Murray,1627750,G,18.49,4.81,4.0,1.14,0.29,2.15,2.237209302325581,1.43,26.58,23.0,2020
Jamal Murray,1627750,G,21.21,4.81,4.04,1.33,0.27,2.25,2.1377777777777776,1.6,29.41,24.0,2021
Jamal Murray,1627750,G,19.97,6.15,3.95,1.02,0.25,2.23,2.757847533632287,1.27,29.11,26.0,2023
Jamal Murray,1627750,G,21.19,6.51,4.1,0.97,0.66,2.12,3.070754716981132,1.63,31.31,27.0,2024
Keegan Murray,1631099,F,12.2,1.23,4.64,0.76,0.52,0.75,1.64,1.28,18.6,22.0,2023
Keegan Murray,1631099,F,15.22,1.68,5.45,1.03,0.77,0.83,2.0240963855421685,1.8,23.32,23.0,2024
Kris Murray,1631200,F,6.06,1.29,3.61,0.85,0.34,0.89,1.449438202247191,1.19,11.26,23.0,2024
Svi Mykhailiuk,1629004,G,3.26,0.85,0.87,0.33,0.03,0.51,1.6666666666666663,0.36,4.83,22.0,2019
Svi Mykhailiuk,1629004,G,2.0,1.33,0.67,0.33,0.0,0.33,4.03030303030303,0.33,4.0,22.0,2019
Svi Mykhailiuk,1629004,G,3.17,0.88,0.86,0.33,0.02,0.5,1.76,0.35,4.76,22.0,2019
Svi Mykhailiuk,1629004,G,9.0,1.89,1.86,0.73,0.07,1.09,1.7339449541284402,0.8,12.46,23.0,2020
Svi Mykhailiuk,1629004,G,6.92,1.58,2.06,0.75,0.17,1.08,1.462962962962963,0.92,10.4,24.0,2021
Svi Mykhailiuk,1629004,G,10.33,1.77,2.97,0.8,0.2,1.63,1.0858895705521474,1.0,14.44,24.0,2021
Svi Mykhailiuk,1629004,G,8.47,1.67,2.47,0.77,0.18,1.33,1.2556390977443608,0.95,12.23,24.0,2021
Svi Mykhailiuk,1629004,G,4.55,0.8,1.64,0.46,0.07,0.57,1.4035087719298247,0.53,6.95,25.0,2022
Svi Mykhailiuk,1629004,G,1.62,0.08,0.54,0.08,0.0,0.15,0.5333333333333333,0.08,2.17,26.0,2023
Svi Mykhailiuk,1629004,G,10.58,2.74,2.42,0.74,0.21,1.16,2.362068965517241,0.95,15.53,26.0,2023
Svi Mykhailiuk,1629004,G,6.94,1.66,1.66,0.47,0.12,0.75,2.2133333333333334,0.59,10.1,26.0,2023
Svi Mykhailiuk,1629004,G,3.95,0.85,1.24,0.27,0.02,0.29,2.931034482758621,0.29,6.04,27.0,2024
Pete Nance,1631250,F,0.38,0.0,0.38,0.12,0.0,0.12,0.0,0.12,0.76,24.0,2024
Larry Nance Jr.,1626204,F,5.54,0.7,4.95,0.86,0.37,0.65,1.0769230769230769,1.23,11.77,23.0,2016
Larry Nance Jr.,1626204,F,7.13,1.52,5.86,1.3,0.62,0.89,1.7078651685393258,1.92,15.54,24.0,2017
Larry Nance Jr.,1626204,F,8.57,1.36,6.76,1.4,0.48,0.98,1.3877551020408163,1.88,17.59,25.0,2018
Larry Nance Jr.,1626204,F,8.88,1.04,7.0,1.21,0.75,0.42,2.4761904761904763,1.96,18.46,25.0,2018
Larry Nance Jr.,1626204,F,8.68,1.24,6.85,1.33,0.58,0.77,1.6103896103896105,1.91,17.91,25.0,2018
Larry Nance Jr.,1626204,F,9.36,3.19,8.24,1.49,0.6,1.45,2.2,2.09,21.43,26.0,2019
Larry Nance Jr.,1626204,F,10.07,2.2,7.3,1.0,0.39,1.07,2.0560747663551404,1.39,19.89,27.0,2020
Larry Nance Jr.,1626204,F,9.34,3.06,6.71,1.74,0.49,1.57,1.9490445859872607,2.23,19.77,28.0,2021
Larry Nance Jr.,1626204,F,6.89,1.97,5.65,1.03,0.35,0.73,2.698630136986301,1.38,15.16,29.0,2022
Larry Nance Jr.,1626204,F,7.33,0.89,4.33,0.56,0.78,1.11,0.8018018018018017,1.34,12.78,29.0,2022
Larry Nance Jr.,1626204,F,6.98,1.76,5.39,0.93,0.43,0.8,2.2,1.36,14.69,29.0,2022
Larry Nance Jr.,1626204,F,6.78,1.83,5.45,0.86,0.57,0.65,2.815384615384616,1.43,14.84,30.0,2023
Larry Nance Jr.,1626204,F,5.74,1.85,5.03,1.0,0.31,0.8,2.3125,1.31,13.13,31.0,2024
Andrew Nembhard,1629614,G,9.45,4.55,2.65,0.93,0.17,1.68,2.708333333333333,1.1,16.07,23.0,2023
Andrew Nembhard,1629614,G,9.21,4.12,2.07,0.93,0.09,1.49,2.76510067114094,1.02,14.93,24.0,2024
Aaron Nesmith,1630174,G,4.74,0.5,2.76,0.33,0.2,0.5,1.0,0.53,8.03,21.0,2021
Aaron Nesmith,1630174,G,3.77,0.42,1.71,0.38,0.1,0.6,0.7,0.48,5.78,22.0,2022
Aaron Nesmith,1630174,G,10.11,1.34,3.79,0.75,0.47,1.03,1.300970873786408,1.22,15.43,23.0,2023
Aaron Nesmith,1630174,G,12.18,1.5,3.82,0.9,0.68,0.89,1.6853932584269662,1.58,18.19,24.0,2024
Georges Niang,1627777,F,0.91,0.22,0.74,0.13,0.0,0.22,1.0,0.13,1.78,24.0,2017
Georges Niang,1627777,F,1.0,0.33,1.0,0.22,0.0,0.33,1.0,0.22,2.22,25.0,2018
Georges Niang,1627777,F,3.98,0.59,1.47,0.17,0.1,0.39,1.5128205128205128,0.27,5.92,26.0,2019
Georges Niang,1627777,F,5.94,0.67,1.92,0.27,0.08,0.45,1.488888888888889,0.35,8.43,27.0,2020
Georges Niang,1627777,F,6.94,0.82,2.44,0.35,0.11,0.71,1.1549295774647887,0.46,9.95,28.0,2021
Georges Niang,1627777,F,9.21,1.34,2.67,0.39,0.17,0.78,1.717948717948718,0.56,13.0,29.0,2022
Georges Niang,1627777,F,8.17,0.99,2.37,0.38,0.18,0.69,1.4347826086956523,0.56,11.4,30.0,2023
Georges Niang,1627777,F,9.37,1.2,3.39,0.37,0.22,0.88,1.3636363636363635,0.59,13.67,31.0,2024
Daishen Nix,1630227,G,3.21,1.67,1.38,0.62,0.0,1.08,1.546296296296296,0.62,5.8,20.0,2022
Daishen Nix,1630227,G,3.96,2.32,1.72,0.54,0.12,1.51,1.5364238410596025,0.66,7.15,21.0,2023
Daishen Nix,1630227,G,1.8,0.4,0.2,0.33,0.0,0.33,1.2121212121212122,0.33,2.4,22.0,2024
Zeke Nnaji,1630192,F,3.24,0.24,1.55,0.19,0.1,0.17,1.4117647058823528,0.29,5.15,20.0,2021
Zeke Nnaji,1630192,F,6.59,0.41,3.59,0.39,0.32,0.56,0.732142857142857,0.71,10.74,21.0,2022
Zeke Nnaji,1630192,F,5.23,0.34,2.6,0.32,0.43,0.58,0.5862068965517242,0.75,8.34,22.0,2023
Zeke Nnaji,1630192,F,3.21,0.55,2.17,0.26,0.66,0.47,1.170212765957447,0.92,6.38,23.0,2024
Jaylen Nowell,1629669,G,3.8,1.27,0.87,0.2,0.07,0.2,6.35,0.27,6.01,20.0,2020
Jaylen Nowell,1629669,G,9.02,1.48,2.26,0.52,0.29,0.67,2.2089552238805967,0.81,12.9,21.0,2021
Jaylen Nowell,1629669,G,8.5,2.1,1.98,0.44,0.16,0.58,3.620689655172414,0.6,12.6,22.0,2022
Jaylen Nowell,1629669,G,10.83,2.03,2.62,0.65,0.08,1.0,2.03,0.73,15.21,23.0,2023
Jaylen Nowell,1629669,G,5.67,1.78,1.56,0.33,0.0,0.56,3.1785714285714284,0.33,8.78,24.0,2024
Jaylen Nowell,1629669,G,7.5,0.75,2.5,0.25,0.5,0.5,1.5,0.75,11.0,24.0,2024
Jaylen Nowell,1629669,G,6.23,1.46,1.85,0.31,0.15,0.54,2.7037037037037037,0.46,9.46,24.0,2024
Jusuf Nurkić,203994,C,6.87,0.81,6.16,0.84,1.1,1.39,0.5827338129496403,1.94,14.39,20.0,2015
Jusuf Nurkić,203994,C,8.22,1.25,5.47,0.75,1.38,1.72,0.7267441860465116,2.13,15.35,21.0,2016
Jusuf Nurkić,203994,C,7.96,1.33,5.78,0.56,0.8,1.8,0.7388888888888889,1.36,14.63,22.0,2017
Jusuf Nurkić,203994,C,15.2,3.15,10.35,1.25,1.9,3.1,1.0161290322580645,3.15,28.75,22.0,2017
Jusuf Nurkić,203994,C,10.18,1.89,7.18,0.77,1.14,2.2,0.859090909090909,1.91,18.96,22.0,2017
Jusuf Nurkić,203994,C,14.33,1.81,8.96,0.81,1.41,2.32,0.7801724137931035,2.22,25.0,23.0,2018
Jusuf Nurkić,203994,C,15.62,3.24,10.39,0.99,1.43,2.33,1.3905579399141632,2.42,29.34,24.0,2019
Jusuf Nurkić,203994,C,17.62,4.0,10.25,1.38,2.0,2.38,1.680672268907563,3.38,32.87,25.0,2020
Jusuf Nurkić,203994,C,11.46,3.38,8.97,1.03,1.05,1.97,1.715736040609137,2.08,23.92,26.0,2021
Jusuf Nurkić,203994,C,15.04,2.8,11.05,1.11,0.61,2.55,1.0980392156862746,1.72,28.06,27.0,2022
Jusuf Nurkić,203994,C,13.35,2.87,9.06,0.83,0.85,2.29,1.2532751091703056,1.68,24.67,28.0,2023
Jusuf Nurkić,203994,C,10.91,3.96,11.01,1.07,1.05,2.3,1.7217391304347829,2.12,25.7,29.0,2024
Royce O'Neale,1626220,F,4.97,1.38,3.42,0.52,0.23,0.8,1.725,0.75,9.72,25.0,2018
Royce O'Neale,1626220,F,5.2,1.51,3.48,0.66,0.29,0.85,1.7764705882352942,0.95,10.29,26.0,2019
Royce O'Neale,1626220,F,6.34,2.54,5.48,0.83,0.45,0.86,2.953488372093023,1.28,14.78,27.0,2020
Royce O'Neale,1626220,F,6.99,2.55,6.83,0.8,0.45,1.17,2.1794871794871797,1.25,16.45,28.0,2021
Royce O'Neale,1626220,F,7.4,2.48,4.78,1.12,0.42,1.03,2.407766990291262,1.54,15.17,29.0,2022
Royce O'Neale,1626220,F,8.83,3.72,5.05,0.86,0.64,1.5,2.48,1.5,17.6,30.0,2023
Royce O'Neale,1626220,F,7.43,2.8,4.51,0.65,0.59,1.04,2.692307692307692,1.24,14.94,31.0,2024
Royce O'Neale,1626220,F,8.13,2.73,5.2,0.9,0.5,0.73,3.73972602739726,1.4,16.73,31.0,2024
Royce O'Neale,1626220,F,7.7,2.77,4.77,0.75,0.56,0.92,3.010869565217391,1.31,15.63,31.0,2024
Jahlil Okafor,1626143,C,17.51,1.23,7.04,0.42,1.15,2.34,0.5256410256410257,1.57,25.01,20.0,2016
Jahlil Okafor,1626143,C,11.8,1.16,4.8,0.4,0.98,1.82,0.6373626373626373,1.38,17.32,21.0,2017
Jahlil Okafor,1626143,C,5.0,0.5,4.5,0.0,1.0,1.5,0.3333333333333333,1.0,9.5,22.0,2018
Jahlil Okafor,1626143,C,6.38,0.42,2.92,0.12,0.62,0.69,0.6086956521739131,0.74,9.77,22.0,2018
Jahlil Okafor,1626143,C,6.29,0.43,3.04,0.11,0.64,0.75,0.5733333333333334,0.75,9.76,22.0,2018
Jahlil Okafor,1626143,C,8.2,0.68,4.71,0.25,0.68,0.88,0.7727272727272728,0.93,13.64,23.0,2019
Jahlil Okafor,1626143,C,8.1,1.23,4.23,0.23,0.73,1.27,0.968503937007874,0.96,13.25,24.0,2020
Jahlil Okafor,1626143,C,5.37,0.48,2.44,0.22,0.19,0.78,0.6153846153846153,0.41,7.92,25.0,2021
Chuma Okeke,1629643,F,7.76,2.24,4.02,1.07,0.49,0.84,2.666666666666667,1.56,14.74,22.0,2021
Chuma Okeke,1629643,F,8.64,1.69,4.96,1.39,0.6,0.81,2.08641975308642,1.99,16.47,23.0,2022
Chuma Okeke,1629643,F,4.74,1.37,3.56,0.7,0.41,0.63,2.174603174603175,1.11,10.15,24.0,2023
Chuma Okeke,1629643,F,2.28,0.43,1.7,0.19,0.15,0.34,1.2647058823529411,0.34,4.41,25.0,2024
Josh Okogie,1629006,G,7.7,1.23,2.95,1.19,0.45,0.85,1.4470588235294115,1.64,12.67,20.0,2019
Josh Okogie,1629006,G,8.6,1.6,4.32,1.1,0.42,1.4,1.142857142857143,1.52,14.64,21.0,2020
Josh Okogie,1629006,G,5.36,1.07,2.64,0.92,0.47,0.73,1.4657534246575343,1.39,9.73,22.0,2021
Josh Okogie,1629006,G,2.71,0.51,1.43,0.53,0.24,0.47,1.0851063829787235,0.77,4.95,23.0,2022
Josh Okogie,1629006,G,7.35,1.46,3.49,0.78,0.47,0.88,1.659090909090909,1.25,12.67,24.0,2023
Josh Okogie,1629006,G,4.62,1.07,2.57,0.8,0.4,0.6,1.7833333333333334,1.2,8.86,25.0,2024
Onyeka Okongwu,1630168,F,4.56,0.36,3.26,0.46,0.66,0.58,0.6206896551724138,1.12,8.72,20.0,2021
Onyeka Okongwu,1630168,F,8.17,1.1,5.9,0.65,1.25,0.92,1.1956521739130437,1.9,16.15,21.0,2022
Onyeka Okongwu,1630168,F,9.89,1.01,7.2,0.7,1.34,1.01,1.0,2.04,19.13,22.0,2023
Onyeka Okongwu,1630168,F,10.2,1.35,6.84,0.47,1.09,0.82,1.6463414634146345,1.56,19.13,23.0,2024
Isaac Okoro,1630171,F,9.64,1.91,3.07,0.93,0.36,1.28,1.4921875,1.29,14.63,20.0,2021
Isaac Okoro,1630171,F,8.78,1.81,3.0,0.84,0.33,0.87,2.0804597701149428,1.17,13.89,21.0,2022
Isaac Okoro,1630171,F,6.45,1.14,2.46,0.74,0.39,0.55,2.0727272727272723,1.13,10.63,22.0,2023
Isaac Okoro,1630171,F,9.38,1.91,2.99,0.83,0.49,0.78,2.4487179487179485,1.32,14.82,23.0,2024
Kelly Olynyk,203482,F,10.25,1.7,4.73,1.0,0.61,1.53,1.1111111111111112,1.61,16.76,24.0,2015
Kelly Olynyk,203482,F,9.96,1.52,4.07,0.75,0.48,1.07,1.4205607476635511,1.23,15.71,25.0,2016
Kelly Olynyk,203482,F,9.04,1.97,4.81,0.59,0.39,1.28,1.5390625,0.98,15.52,26.0,2017
Kelly Olynyk,203482,F,11.47,2.72,5.67,0.82,0.46,1.93,1.4093264248704664,1.28,19.21,27.0,2018
Kelly Olynyk,203482,F,9.96,1.77,4.75,0.67,0.47,1.44,1.2291666666666667,1.14,16.18,28.0,2019
Kelly Olynyk,203482,F,8.19,1.73,4.55,0.67,0.34,1.06,1.6320754716981132,1.01,14.42,29.0,2020
Kelly Olynyk,203482,F,10.05,2.12,6.07,0.93,0.6,1.28,1.65625,1.53,18.49,30.0,2021
Kelly Olynyk,203482,F,19.0,4.15,8.44,1.44,0.59,2.63,1.5779467680608368,2.03,30.99,30.0,2021
Kelly Olynyk,203482,F,13.5,2.9,6.99,1.13,0.6,1.8,1.611111111111111,1.73,23.32,30.0,2021
Kelly Olynyk,203482,F,9.12,2.78,4.42,0.78,0.48,1.45,1.9172413793103449,1.26,16.13,31.0,2022
Kelly Olynyk,203482,F,12.46,3.71,6.18,0.88,0.54,2.47,1.5020242914979756,1.42,21.3,32.0,2023
Kelly Olynyk,203482,F,8.12,4.38,5.08,0.74,0.24,1.62,2.7037037037037037,0.98,16.94,33.0,2024
Kelly Olynyk,203482,F,12.71,4.57,5.61,1.32,0.64,2.54,1.799212598425197,1.96,22.31,33.0,2024
Kelly Olynyk,203482,F,9.77,4.45,5.27,0.95,0.38,1.95,2.2820512820512824,1.33,18.87,33.0,2024
Kelly Oubre Jr.,1626162,F,3.75,0.21,2.11,0.35,0.11,0.54,0.3888888888888888,0.46,5.99,20.0,2016
Kelly Oubre Jr.,1626162,F,6.34,0.59,3.3,0.73,0.22,0.63,0.9365079365079364,0.95,10.55,21.0,2017
Kelly Oubre Jr.,1626162,F,11.77,1.21,4.48,0.99,0.43,1.11,1.09009009009009,1.42,17.77,22.0,2018
Kelly Oubre Jr.,1626162,F,12.86,0.69,4.45,0.93,0.69,1.03,0.6699029126213591,1.62,18.59,23.0,2019
Kelly Oubre Jr.,1626162,F,16.85,1.6,4.9,1.42,0.98,1.82,0.8791208791208791,2.4,23.93,23.0,2019
Kelly Oubre Jr.,1626162,F,15.17,1.22,4.71,1.22,0.86,1.49,0.8187919463087249,2.08,21.69,23.0,2019
Kelly Oubre Jr.,1626162,F,18.68,1.52,6.45,1.27,0.71,1.48,1.027027027027027,1.98,27.15,24.0,2020
Kelly Oubre Jr.,1626162,F,15.44,1.33,5.98,1.04,0.76,1.27,1.0472440944881891,1.8,23.28,25.0,2021
Kelly Oubre Jr.,1626162,F,14.96,1.11,3.97,1.01,0.41,0.88,1.2613636363636365,1.42,20.58,26.0,2022
Kelly Oubre Jr.,1626162,F,20.25,1.12,5.19,1.42,0.38,1.33,0.8421052631578948,1.8,27.03,27.0,2023
Kelly Oubre Jr.,1626162,F,15.43,1.49,5.01,1.13,0.69,1.28,1.1640625,1.82,22.47,28.0,2024
Chris Paul,101108,G,19.07,10.22,4.59,1.9,0.18,2.32,4.405172413793104,2.08,33.64,30.0,2015
Chris Paul,101108,G,19.54,9.97,4.19,2.05,0.18,2.62,3.8053435114503817,2.23,33.31,31.0,2016
Chris Paul,101108,G,18.1,9.23,4.98,1.95,0.13,2.41,3.8298755186721993,2.08,31.98,32.0,2017
Chris Paul,101108,G,18.64,7.88,5.4,1.66,0.24,2.21,3.565610859728507,1.9,31.61,33.0,2018
Chris Paul,101108,G,15.62,8.16,4.57,1.97,0.31,2.62,3.114503816793893,2.28,28.01,34.0,2019
Chris Paul,101108,G,17.6,6.74,4.99,1.59,0.16,2.3,2.930434782608696,1.75,28.78,35.0,2020
Chris Paul,101108,G,16.41,8.89,4.46,1.41,0.27,2.23,3.986547085201794,1.68,29.21,36.0,2021
Chris Paul,101108,G,14.74,10.8,4.35,1.86,0.31,2.35,4.595744680851064,2.17,29.71,37.0,2022
Chris Paul,101108,G,13.88,8.88,4.25,1.54,0.37,1.93,4.601036269430052,1.91,26.99,38.0,2023
Chris Paul,101108,G,9.19,6.78,3.88,1.21,0.1,1.31,5.175572519083969,1.31,19.85,39.0,2024
Cameron Payne,1626166,G,4.96,1.89,1.49,0.63,0.11,0.77,2.454545454545454,0.74,8.31,21.0,2016
Cameron Payne,1626166,G,5.3,2.0,1.55,0.5,0.2,0.8,2.5,0.7,8.75,22.0,2017
Cameron Payne,1626166,G,4.91,1.36,1.55,0.36,0.0,1.18,1.152542372881356,0.36,7.0,22.0,2017
Cameron Payne,1626166,G,5.16,1.77,1.55,0.45,0.13,0.94,1.8829787234042556,0.58,8.12,22.0,2017
Cameron Payne,1626166,G,8.84,4.52,2.76,1.04,0.36,1.44,3.138888888888889,1.4,16.08,23.0,2018
Cameron Payne,1626166,G,5.68,2.68,1.71,0.65,0.19,1.1,2.4363636363636365,0.84,9.81,24.0,2019
Cameron Payne,1626166,G,8.22,2.56,2.11,0.89,0.33,1.22,2.098360655737705,1.22,12.89,24.0,2019
Cameron Payne,1626166,G,6.25,2.65,1.8,0.7,0.22,1.12,2.3660714285714284,0.92,10.5,24.0,2019
Cameron Payne,1626166,G,10.88,3.0,3.88,1.0,0.25,1.38,2.173913043478261,1.25,17.63,25.0,2020
Cameron Payne,1626166,G,8.42,3.62,2.4,0.6,0.27,1.0,3.62,0.87,14.31,26.0,2021
Cameron Payne,1626166,G,10.79,4.86,3.02,0.69,0.29,1.78,2.7303370786516856,0.98,17.87,27.0,2022
Cameron Payne,1626166,G,10.27,4.46,2.21,0.69,0.17,1.69,2.63905325443787,0.86,16.11,28.0,2023
Cameron Payne,1626166,G,6.19,2.32,1.32,0.47,0.06,0.66,3.5151515151515147,0.53,9.7,29.0,2024
Cameron Payne,1626166,G,9.26,3.1,1.77,0.65,0.26,1.13,2.743362831858408,0.91,13.91,29.0,2024
Cameron Payne,1626166,G,7.41,2.63,1.5,0.54,0.14,0.85,3.094117647058824,0.68,11.37,29.0,2024
Elfrid Payton,203901,G,8.91,6.5,4.26,1.73,0.24,2.48,2.620967741935484,1.97,19.16,21.0,2015
Elfrid Payton,203901,G,10.66,6.4,3.58,1.22,0.27,2.42,2.644628099173554,1.49,19.71,22.0,2016
Elfrid Payton,203901,G,12.76,6.45,4.72,1.07,0.49,2.17,2.972350230414747,1.56,23.32,23.0,2017
Elfrid Payton,203901,G,13.02,6.25,3.95,1.45,0.36,2.59,2.4131274131274134,1.81,22.44,24.0,2018
Elfrid Payton,203901,G,11.79,6.21,5.26,1.0,0.32,2.84,2.1866197183098595,1.32,21.74,24.0,2018
Elfrid Payton,203901,G,12.65,6.24,4.35,1.32,0.35,2.67,2.337078651685393,1.67,22.24,24.0,2018
Elfrid Payton,203901,G,10.62,7.62,5.24,1.05,0.4,2.67,2.8539325842696632,1.45,22.26,25.0,2019
Elfrid Payton,203901,G,9.98,7.18,4.71,1.56,0.38,2.13,3.370892018779343,1.94,21.68,26.0,2020
Elfrid Payton,203901,G,10.14,3.22,3.43,0.75,0.14,1.63,1.9754601226993864,0.89,16.05,27.0,2021
Elfrid Payton,203901,G,3.0,1.98,1.76,0.5,0.12,0.94,2.1063829787234045,0.62,6.42,28.0,2022
Gary Payton II,1627780,G,3.33,2.17,2.0,0.5,0.67,1.67,1.2994011976047903,1.17,7.0,24.0,2017
Gary Payton II,1627780,G,2.5,0.75,1.42,0.25,0.08,0.25,3.0,0.33,4.75,25.0,2018
Gary Payton II,1627780,G,3.55,1.09,2.45,0.36,0.18,0.36,3.027777777777778,0.54,7.27,25.0,2018
Gary Payton II,1627780,G,3.0,0.91,1.91,0.3,0.13,0.3,3.0333333333333337,0.43,5.95,25.0,2018
Gary Payton II,1627780,G,3.67,1.33,0.67,1.0,0.33,0.33,4.03030303030303,1.33,6.67,26.0,2019
Gary Payton II,1627780,G,3.9,1.66,2.76,1.14,0.24,0.69,2.4057971014492754,1.38,9.01,27.0,2020
Gary Payton II,1627780,G,2.5,0.1,1.1,0.6,0.1,0.1,1.0,0.7,4.3,28.0,2021
Gary Payton II,1627780,G,7.07,0.9,3.48,1.35,0.31,0.56,1.607142857142857,1.66,12.55,29.0,2022
Gary Payton II,1627780,G,4.07,1.47,2.6,1.07,0.07,0.8,1.8375,1.14,8.48,30.0,2023
Gary Payton II,1627780,G,5.71,1.14,4.29,0.86,0.57,0.57,2.0,1.43,12.0,30.0,2023
Gary Payton II,1627780,G,4.59,1.36,3.14,1.0,0.23,0.73,1.863013698630137,1.23,9.59,30.0,2023
Gary Payton II,1627780,G,5.45,1.09,2.57,0.89,0.41,0.61,1.7868852459016396,1.3,9.8,31.0,2024
Drew Peterson,1641809,F,3.67,0.33,0.33,0.67,0.0,0.33,1.0,0.67,4.67,24.0,2024
Julian Phillips,1641763,F,2.22,0.32,0.9,0.18,0.18,0.25,1.28,0.36,3.55,20.0,2024
Jalen Pickett,1629618,G,1.56,0.78,0.52,0.15,0.0,0.33,2.363636363636364,0.15,2.68,24.0,2024
Scotty Pippen Jr.,1630590,G,2.33,0.33,0.67,0.33,0.17,0.33,1.0,0.5,3.5,22.0,2023
Scotty Pippen Jr.,1630590,G,12.9,4.67,3.19,1.71,0.48,2.67,1.749063670411985,2.19,20.28,23.0,2024
Mason Plumlee,203486,F,8.74,0.9,6.24,0.79,0.77,1.29,0.6976744186046512,1.56,16.15,25.0,2015
Mason Plumlee,203486,F,9.13,2.76,7.66,0.83,1.04,1.88,1.4680851063829787,1.87,19.54,26.0,2016
Mason Plumlee,203486,F,11.06,3.96,8.0,0.93,1.17,1.63,2.4294478527607364,2.1,23.49,27.0,2017
Mason Plumlee,203486,F,9.07,2.59,6.41,0.7,1.07,1.7,1.5235294117647058,1.77,18.14,27.0,2017
Mason Plumlee,203486,F,10.4,3.51,7.47,0.85,1.14,1.65,2.1272727272727274,1.99,21.72,27.0,2017
Mason Plumlee,203486,F,7.08,1.92,5.41,0.66,1.09,1.38,1.391304347826087,1.75,14.78,28.0,2018
Mason Plumlee,203486,F,7.77,2.96,6.39,0.8,0.93,1.54,1.922077922077922,1.73,17.31,29.0,2019
Mason Plumlee,203486,F,7.16,2.52,5.2,0.54,0.62,1.34,1.880597014925373,1.16,14.7,30.0,2020
Mason Plumlee,203486,F,10.38,3.61,9.27,0.77,0.89,1.88,1.9202127659574468,1.66,23.04,31.0,2021
Mason Plumlee,203486,F,6.53,3.1,7.74,0.84,0.71,1.37,2.262773722627737,1.55,17.55,32.0,2022
Mason Plumlee,203486,F,12.23,3.66,9.66,0.62,0.62,1.55,2.361290322580645,1.24,25.24,33.0,2023
Mason Plumlee,203486,F,7.48,1.74,6.91,0.48,0.52,1.3,1.3384615384615384,1.0,15.83,33.0,2023
Mason Plumlee,203486,F,10.85,3.1,8.86,0.58,0.59,1.48,2.0945945945945947,1.17,22.5,33.0,2023
Mason Plumlee,203486,F,5.3,1.2,5.09,0.3,0.37,0.78,1.5384615384615383,0.67,11.48,34.0,2024
Brandin Podziemski,1641764,G,9.22,3.69,5.77,0.82,0.19,1.19,3.100840336134454,1.01,18.5,21.0,2024
Jakob Poeltl,1627751,C,3.06,0.22,3.06,0.31,0.37,0.54,0.4074074074074074,0.68,6.48,21.0,2017
Jakob Poeltl,1627751,C,6.91,0.7,4.79,0.48,1.22,1.04,0.673076923076923,1.7,13.06,22.0,2018
Jakob Poeltl,1627751,C,5.49,1.21,5.32,0.38,0.88,0.62,1.9516129032258065,1.26,12.66,23.0,2019
Jakob Poeltl,1627751,C,5.64,1.76,5.68,0.56,1.44,0.82,2.1463414634146343,2.0,14.26,24.0,2020
Jakob Poeltl,1627751,C,8.59,1.94,7.93,0.68,1.78,1.2,1.6166666666666667,2.46,19.72,25.0,2021
Jakob Poeltl,1627751,C,13.46,2.78,9.32,0.66,1.74,1.6,1.7374999999999998,2.4,26.36,26.0,2022
Jakob Poeltl,1627751,C,12.09,3.07,9.04,0.78,1.13,2.09,1.4688995215311005,1.91,24.02,27.0,2023
Jakob Poeltl,1627751,C,13.12,2.15,9.12,1.15,1.31,1.12,1.919642857142857,2.46,25.73,27.0,2023
Jakob Poeltl,1627751,C,12.46,2.74,9.07,0.92,1.19,1.74,1.574712643678161,2.11,24.64,27.0,2023
Jakob Poeltl,1627751,C,11.1,2.54,8.58,0.7,1.52,1.54,1.6493506493506491,2.22,22.9,28.0,2024
Jordan Poole,1629673,G,8.82,2.35,2.07,0.61,0.18,1.3,1.807692307692308,0.79,12.73,21.0,2020
Jordan Poole,1629673,G,12.0,1.94,1.8,0.51,0.18,1.0,1.94,0.69,15.43,22.0,2021
Jordan Poole,1629673,G,18.49,4.0,3.42,0.79,0.3,2.46,1.6260162601626016,1.09,24.54,23.0,2022
Jordan Poole,1629673,G,20.43,4.5,2.74,0.77,0.26,3.07,1.4657980456026058,1.03,25.63,24.0,2023
Jordan Poole,1629673,G,17.38,4.4,2.72,1.1,0.32,2.41,1.825726141078838,1.42,23.51,25.0,2024
Craig Porter Jr.,1641854,G,5.59,2.31,2.14,0.41,0.29,0.88,2.625,0.7,9.86,24.0,2024
Kevin Porter Jr.,1629645,G,9.31,3.2,3.56,0.96,0.24,1.87,1.711229946524064,1.2,15.4,25.0,2025
Kevin Porter Jr.,1629645,G,11.73,3.73,3.93,1.27,0.07,1.73,2.1560693641618496,1.34,19.0,25.0,2025
Kevin Porter Jr.,1629645,G,10.28,3.41,3.71,1.08,0.17,1.81,1.8839779005524864,1.25,16.84,25.0,2025
Kevin Porter Jr.,1629645,G,17.14,7.45,5.0,2.18,0.41,3.27,2.2782874617737003,2.59,28.91,25.0,2026
Michael Porter Jr.,1629008,F,18.16,2.14,7.01,0.65,0.49,1.35,1.5851851851851853,1.14,27.1,27.0,2025
Michael Porter Jr.,1629008,F,25.74,3.29,7.48,1.03,0.23,2.55,1.2901960784313726,1.26,35.22,27.0,2026
Bobby Portis,1626171,F,13.88,2.12,8.39,0.71,0.53,1.16,1.827586206896552,1.24,24.47,30.0,2025
Bobby Portis,1626171,F,12.98,1.34,6.49,0.56,0.17,1.05,1.2761904761904763,0.73,20.49,30.0,2026
Kristaps Porziņģis,204001,F,19.48,2.07,6.76,0.74,1.5,1.26,1.6428571428571428,2.24,29.29,29.0,2025
Kristaps Porziņģis,204001,F,17.12,2.71,5.12,0.53,1.29,0.94,2.882978723404256,1.82,25.83,30.0,2026
Quinten Post,1642366,C,8.1,1.33,3.52,0.38,0.43,0.79,1.6835443037974684,0.81,12.97,25.0,2025
Quinten Post,1642366,C,7.86,1.4,3.79,0.5,0.52,0.79,1.7721518987341771,1.02,13.28,25.0,2026
Micah Potter,1630695,C,4.26,0.82,4.32,0.37,0.37,0.82,1.0,0.74,9.32,27.0,2025
Micah Potter,1630695,C,7.64,1.27,3.45,0.27,0.27,0.73,1.7397260273972603,0.54,12.17,27.0,2026
Dwight Powell,203939,F,2.07,1.0,2.15,0.33,0.38,0.33,3.0303030303030303,0.71,5.6,33.0,2025
Dwight Powell,203939,F,2.86,0.89,3.29,0.46,0.39,0.5,1.78,0.85,7.39,34.0,2026
Norman Powell,1626181,G,21.77,2.08,3.17,1.22,0.15,1.8,1.1555555555555557,1.37,26.59,32.0,2025
Norman Powell,1626181,G,23.91,2.66,3.74,1.26,0.2,1.91,1.3926701570680629,1.46,29.86,32.0,2026
Taurean Prince,1627752,F,8.2,1.94,3.59,0.95,0.19,1.02,1.9019607843137252,1.14,13.85,31.0,2025
Taurean Prince,1627752,F,6.12,1.0,1.62,0.75,0.25,0.62,1.6129032258064515,1.0,9.12,31.0,2026
Payton Pritchard,1630202,G,14.3,3.49,3.84,0.88,0.18,1.04,3.355769230769231,1.06,21.65,27.0,2025
Payton Pritchard,1630202,G,16.6,5.38,4.45,0.88,0.12,1.1,4.890909090909091,1.0,26.33,27.0,2026
Olivier-Maxence Prosper,1641765,F,3.87,0.77,2.42,0.5,0.12,0.27,2.851851851851852,0.62,7.41,22.0,2025
Olivier-Maxence Prosper,1641765,F,4.75,0.75,2.25,0.2,0.05,0.6,1.25,0.25,7.4,23.0,2026
Zyon Pullin,1642389,G,0.0,0.0,0.0,0.0,0.0,0.0,0.0,0.0,0.0,24.0,2025
Trevelin Queen,1630243,G,4.9,1.23,1.74,1.0,0.32,0.71,1.7323943661971832,1.32,8.48,28.0,2025
Neemias Queta,1629674,C,5.0,0.73,3.81,0.29,0.68,0.65,1.123076923076923,0.97,9.86,25.0,2025
Neemias Queta,1629674,C,10.11,1.37,8.26,0.82,1.24,0.89,1.5393258426966294,2.06,20.91,26.0,2026
Immanuel Quickley,1630193,G,17.09,5.79,3.55,0.7,0.12,1.76,3.289772727272727,0.82,25.49,26.0,2025
Immanuel Quickley,1630193,G,16.5,6.1,4.2,1.15,0.12,1.68,3.630952380952381,1.27,26.39,26.0,2026
Lester Quinones,1631311,G,2.25,0.25,1.0,0.0,0.0,1.0,0.25,0.0,2.5,24.0,2025
Lester Quinones,1631311,G,8.56,2.56,1.67,0.33,0.22,1.11,2.3063063063063063,0.55,12.23,24.0,2025
Lester Quinones,1631311,G,6.62,1.85,1.46,0.23,0.15,1.08,1.712962962962963,0.38,9.23,24.0,2025
Julius Randle,203944,F,18.67,4.68,7.06,0.68,0.23,2.84,1.647887323943662,0.91,28.48,30.0,2025
Julius Randle,203944,F,22.2,5.68,7.12,1.05,0.15,2.46,2.3089430894308944,1.2,33.74,31.0,2026
Duop Reath,1641871,C,4.22,0.57,2.0,0.26,0.3,0.35,1.6285714285714286,0.56,7.0,29.0,2025
Duop Reath,1641871,C,2.97,0.3,1.07,0.17,0.23,0.23,1.3043478260869563,0.4,4.51,29.0,2026
Austin Reaves,1630559,G,20.21,5.77,4.51,1.11,0.3,2.42,2.384297520661157,1.41,29.48,27.0,2025
Austin Reaves,1630559,G,26.61,6.26,5.22,0.96,0.22,3.26,1.9202453987730064,1.18,36.01,27.0,2026
Cam Reddish,1629629,F,3.18,0.67,2.0,1.0,0.3,0.36,1.8611111111111116,1.3,6.79,25.0,2025
Paul Reed,1630194,F,4.09,0.98,2.73,0.87,0.56,0.58,1.6896551724137931,1.43,8.65,26.0,2025
Paul Reed,1630194,F,5.87,1.27,4.3,0.9,0.63,1.0,1.27,1.53,11.97,26.0,2026
Alex Reese,1642024,F,2.0,0.0,1.0,0.0,0.0,0.0,0.0,0.0,3.0,26.0,2025
Alex Reese,1642024,F,5.29,0.29,3.29,0.71,0.71,0.43,0.6744186046511628,1.42,9.86,26.0,2025
Alex Reese,1642024,F,5.07,0.27,3.13,0.67,0.67,0.4,0.675,1.34,9.41,26.0,2025
Antonio Reeves,1641810,G,6.93,0.89,1.43,0.48,0.09,0.68,1.3088235294117647,0.57,9.14,24.0,2025
Naz Reid,1629675,C,14.22,2.26,6.0,0.72,0.9,1.35,1.6740740740740738,1.62,22.75,25.0,2025
Naz Reid,1629675,C,14.61,2.39,6.22,0.9,0.88,1.59,1.5031446540880504,1.78,23.41,26.0,2026
Jared Rhoden,1631197,G,1.0,0.5,1.0,0.25,0.0,0.25,2.0,0.25,2.5,25.0,2025
Jared Rhoden,1631197,G,11.4,1.4,3.8,0.9,0.2,0.8,1.7499999999999998,1.1,16.9,25.0,2025
Jared Rhoden,1631197,G,8.43,1.14,3.0,0.71,0.14,0.64,1.7812499999999998,0.85,12.78,25.0,2025
Nick Richards,1630208,C,8.9,1.33,7.52,0.33,1.24,1.57,0.8471337579617835,1.57,17.75,27.0,2025
Nick Richards,1630208,C,9.5,0.58,8.56,0.19,0.81,1.33,0.4360902255639097,1.0,18.31,27.0,2025
Nick Richards,1630208,C,9.28,0.86,8.18,0.25,0.96,1.42,0.6056338028169014,1.21,18.11,27.0,2025
Nick Richards,1630208,C,3.18,0.29,3.25,0.14,0.5,0.89,0.3258426966292134,0.64,6.47,28.0,2026
Josh Richardson,1626196,G,4.0,1.5,1.5,1.0,0.12,1.0,1.5,1.12,7.12,31.0,2025
Zaccharie Risacher,1642258,F,12.56,1.23,3.57,0.69,0.49,1.23,1.0,1.18,17.31,20.0,2025
Zaccharie Risacher,1642258,F,11.19,1.44,3.31,0.89,0.53,0.92,1.5652173913043477,1.42,16.44,20.0,2026
Liam Robbins,1641857,C,0.69,0.15,0.92,0.15,0.15,0.46,0.3260869565217391,0.3,1.6,25.0,2025
Duncan Robinson,1629130,F,11.04,2.38,2.26,0.54,0.08,1.16,2.0517241379310347,0.62,15.14,31.0,2025
Duncan Robinson,1629130,F,11.95,1.86,2.76,0.73,0.32,0.68,2.735294117647059,1.05,16.94,31.0,2026
Mitchell Robinson,1629011,C,5.12,0.76,5.94,0.94,1.06,0.59,1.288135593220339,2.0,13.23,27.0,2025
Mitchell Robinson,1629011,C,4.64,1.11,9.0,0.89,1.14,0.68,1.6323529411764706,2.03,16.1,27.0,2026
Orlando Robinson,1631115,C,2.11,1.0,1.56,0.33,0.11,0.44,2.272727272727273,0.44,4.67,24.0,2025
Orlando Robinson,1631115,C,8.11,1.94,5.89,0.4,0.43,1.29,1.503875968992248,0.83,15.48,24.0,2025
Orlando Robinson,1631115,C,6.89,1.75,5.0,0.39,0.36,1.11,1.5765765765765765,0.75,13.28,24.0,2025
Jeremiah Robinson-Earl,1630526,F,6.33,1.33,4.77,0.59,0.11,0.77,1.7272727272727273,0.7,12.36,24.0,2025
Jeremiah Robinson-Earl,1630526,F,4.65,0.71,5.18,0.41,0.06,0.59,1.2033898305084745,0.47,10.42,25.0,2026
Jeremiah Robinson-Earl,1630526,F,12.0,0.0,7.0,2.0,0.0,1.0,0.0,2.0,20.0,25.0,2026
Jeremiah Robinson-Earl,1630526,F,5.06,0.67,5.28,0.5,0.06,0.61,1.098360655737705,0.56,10.96,25.0,2026
David Roddy,1631223,F,4.52,1.11,2.59,0.44,0.3,0.74,1.5000000000000002,0.74,8.22,24.0,2025
David Roddy,1631223,F,6.0,1.0,3.0,0.67,0.0,0.33,3.0303030303030303,0.67,10.34,24.0,2025
David Roddy,1631223,F,4.33,0.67,1.67,0.0,0.33,0.33,2.0303030303030303,0.33,6.67,24.0,2025
David Roddy,1631223,F,4.64,1.06,2.55,0.42,0.27,0.67,1.582089552238806,0.69,8.27,24.0,2025
Ryan Rollins,1631157,G,6.23,1.86,1.93,0.75,0.3,0.95,1.9578947368421051,1.05,10.12,22.0,2025
Ryan Rollins,1631157,G,16.22,5.54,4.56,1.46,0.41,2.29,2.4192139737991267,1.87,25.9,23.0,2026
Jackson Rowe,1642050,F,3.67,0.67,1.83,0.67,0.0,0.17,3.941176470588235,0.67,6.67,28.0,2025
Terry Rozier,1626179,G,10.61,2.61,3.72,0.58,0.22,1.22,2.139344262295082,0.8,16.52,31.0,2025
Rayan Rupert,1641712,G,2.98,0.48,1.35,0.31,0.08,0.58,0.8275862068965517,0.39,4.62,21.0,2025
Rayan Rupert,1641712,G,2.77,0.69,1.69,0.43,0.06,0.37,1.8648648648648647,0.49,5.27,21.0,2026
D'Angelo Russell,1626156,G,12.38,4.69,2.76,0.79,0.14,1.72,2.726744186046512,0.93,19.04,29.0,2025
D'Angelo Russell,1626156,G,12.86,5.55,2.83,1.14,0.66,2.0,2.775,1.8,21.04,29.0,2025
D'Angelo Russell,1626156,G,12.62,5.12,2.79,0.97,0.4,1.86,2.7526881720430105,1.37,20.04,29.0,2025
D'Angelo Russell,1626156,G,10.15,4.0,2.35,0.46,0.08,1.88,2.127659574468085,0.54,15.16,29.0,2026
Matt Ryan,1630346,F,1.47,0.16,0.42,0.11,0.0,0.16,1.0,0.11,2.0,28.0,2025
Domantas Sabonis,1627734,F,19.1,6.04,13.89,0.69,0.37,2.89,2.0899653979238755,1.06,37.2,29.0,2025
Domantas Sabonis,1627734,F,17.18,3.73,12.27,1.18,0.18,2.55,1.4627450980392158,1.36,31.99,29.0,2026
Tidjane Salaün,1642275,F,5.88,1.23,4.67,0.48,0.23,0.97,1.268041237113402,0.71,11.52,19.0,2025
Tidjane Salaün,1642275,F,6.19,0.85,4.08,0.42,0.23,0.73,1.1643835616438356,0.65,11.04,20.0,2026
Adama Sanogo,1641766,F,2.0,0.25,1.5,0.0,0.0,0.25,1.0,0.0,3.5,23.0,2025
Gui Santos,1630611,F,4.05,1.43,3.07,0.45,0.18,0.75,1.9066666666666665,0.63,8.43,23.0,2025
Gui Santos,1630611,F,3.73,1.0,2.36,0.45,0.18,0.76,1.3157894736842106,0.63,6.96,23.0,2026
Alex Sarr,1642259,C,12.97,2.4,6.49,0.66,1.51,1.7,1.411764705882353,2.17,22.33,20.0,2025
Alex Sarr,1642259,C,16.87,2.83,7.57,0.77,2.3,1.83,1.546448087431694,3.07,28.51,20.0,2026
Marcus Sasser,1631204,G,6.58,2.33,1.21,0.65,0.07,0.95,2.4526315789473685,0.72,9.89,24.0,2025
Marcus Sasser,1631204,G,5.2,1.9,1.1,0.6,0.2,0.7,2.7142857142857144,0.8,8.3,25.0,2026
Baylor Scheierman,1631248,G,3.65,1.06,2.1,0.55,0.06,0.39,2.717948717948718,0.61,7.03,24.0,2025
Baylor Scheierman,1631248,G,2.71,0.57,1.66,0.46,0.06,0.37,1.5405405405405403,0.52,5.09,25.0,2026
Dennis Schröder,203471,G,18.43,6.61,2.96,1.13,0.17,2.57,2.5719844357976656,1.3,26.73,31.0,2025
Dennis Schröder,203471,G,10.58,4.38,2.33,1.04,0.12,2.0,2.19,1.16,16.45,31.0,2025
Dennis Schröder,203471,G,10.79,5.25,2.64,0.54,0.18,1.25,4.2,0.72,18.15,31.0,2025
Dennis Schröder,203471,G,13.07,5.39,2.64,0.88,0.16,1.89,2.851851851851852,1.04,20.25,31.0,2025
Dennis Schröder,203471,G,12.97,5.74,3.29,0.84,0.16,1.94,2.9587628865979383,1.0,21.06,32.0,2026
Alperen Sengun,1630578,C,19.09,4.89,10.34,1.11,0.8,2.55,1.9176470588235293,1.91,33.68,22.0,2025
Alperen Sengun,1630578,C,21.48,6.52,9.03,1.39,0.97,3.26,2.0,2.36,36.13,23.0,2026
Brice Sensabaugh,1641729,F,10.87,1.55,2.96,0.65,0.11,1.51,1.0264900662251657,0.76,14.63,21.0,2025
Brice Sensabaugh,1641729,F,11.38,1.52,2.92,0.7,0.12,1.25,1.216,0.82,15.39,22.0,2026
Collin Sexton,1629012,G,18.4,4.19,2.71,0.75,0.1,2.54,1.6496062992125986,0.85,23.61,26.0,2025
Collin Sexton,1629012,G,14.88,4.09,2.0,0.78,0.16,2.31,1.7705627705627704,0.94,19.6,27.0,2026
Landry Shamet,1629013,G,5.72,0.54,1.22,0.46,0.04,0.44,1.2272727272727273,0.5,7.54,28.0,2025
Landry Shamet,1629013,G,9.06,1.12,1.88,0.44,0.19,0.44,2.545454545454546,0.63,12.25,28.0,2026
Terrence Shannon Jr.,1630545,G,4.31,1.0,1.47,0.22,0.16,0.47,2.127659574468085,0.38,6.69,24.0,2025
Terrence Shannon Jr.,1630545,G,4.55,0.64,1.27,0.32,0.05,0.68,0.9411764705882352,0.37,6.15,25.0,2026
Day'Ron Sharpe,1630549,C,7.94,1.82,6.6,0.82,0.84,1.26,1.4444444444444444,1.66,16.76,23.0,2025
Day'Ron Sharpe,1630549,C,7.86,2.32,6.32,1.0,0.49,1.57,1.4777070063694266,1.49,16.42,24.0,2026
Shaedon Sharpe,1631101,G,18.54,2.75,4.5,0.86,0.22,2.08,1.3221153846153846,1.08,24.79,22.0,2025
Shaedon Sharpe,1631101,G,21.53,2.66,4.5,1.47,0.13,2.97,0.8956228956228957,1.6,27.32,22.0,2026
Jamal Shead,1642347,G,7.11,4.21,1.53,0.77,0.13,1.56,2.6987179487179485,0.9,12.19,22.0,2025
Jamal Shead,1642347,G,7.02,5.45,1.76,0.98,0.14,1.31,4.1603053435114505,1.12,14.04,23.0,2026
Ben Sheppard,1641767,G,5.27,1.35,2.81,0.6,0.22,0.35,3.8571428571428577,0.82,9.9,23.0,2025
Ben Sheppard,1641767,G,6.5,1.83,3.63,0.6,0.1,0.57,3.210526315789474,0.7,12.09,24.0,2026
Reed Sheppard,1642263,G,4.4,1.44,1.5,0.67,0.33,0.71,2.028169014084507,1.0,7.63,21.0,2025
Reed Sheppard,1642263,G,12.76,3.24,2.63,1.42,0.55,1.16,2.7931034482758625,1.97,19.44,21.0,2026
Pascal Siakam,1627783,F,20.23,3.37,6.92,0.9,0.54,1.4,2.407142857142857,1.44,30.56,31.0,2025
Pascal Siakam,1627783,F,23.55,3.85,6.92,1.25,0.42,2.22,1.734234234234234,1.67,33.77,31.0,2026
Ben Simmons,1627732,G,6.18,6.94,5.21,0.79,0.48,2.67,2.599250936329588,1.27,16.93,28.0,2025
Ben Simmons,1627732,G,2.89,3.11,3.83,0.67,0.39,0.78,3.987179487179487,1.06,10.11,28.0,2025
Ben Simmons,1627732,G,5.02,5.59,4.73,0.75,0.45,2.0,2.795,1.2,14.54,28.0,2025
Anfernee Simons,1629014,G,19.26,4.81,2.7,0.86,0.07,2.04,2.3578431372549016,0.93,25.66,26.0,2025
Anfernee Simons,1629014,G,14.1,2.55,2.38,0.45,0.1,1.08,2.3611111111111107,0.55,18.5,26.0,2026
KJ Simpson,1642354,G,7.83,3.11,3.03,0.94,0.17,1.56,1.9935897435897436,1.11,13.52,22.0,2025
KJ Simpson,1642354,G,6.0,2.5,2.07,1.07,0.0,1.71,1.4619883040935673,1.07,9.93,23.0,2026
Jericho Sims,1630579,C,1.64,0.56,3.31,0.21,0.26,0.54,1.037037037037037,0.47,5.44,26.0,2025
Jericho Sims,1630579,C,2.43,0.79,4.86,0.14,0.64,0.86,0.9186046511627908,0.78,8.0,26.0,2025
Jericho Sims,1630579,C,1.85,0.62,3.72,0.19,0.36,0.62,1.0,0.55,6.12,26.0,2025
Jericho Sims,1630579,C,3.0,0.63,3.77,0.2,0.17,1.0,0.63,0.37,6.77,27.0,2026
Marcus Smart,203935,G,8.68,3.74,2.26,1.21,0.32,1.84,2.032608695652174,1.53,14.37,31.0,2025
Marcus Smart,203935,G,9.33,2.53,1.93,1.07,0.2,1.27,1.9921259842519683,1.27,13.79,31.0,2025
Marcus Smart,203935,G,8.97,3.21,2.12,1.15,0.26,1.59,2.0188679245283017,1.41,14.12,31.0,2025
Marcus Smart,203935,G,9.4,2.97,3.13,1.43,0.37,1.7,1.747058823529412,1.8,15.6,31.0,2026
Dru Smith,1630696,G,6.21,1.64,2.57,1.5,0.43,1.21,1.3553719008264462,1.93,11.14,27.0,2025
Dru Smith,1630696,G,6.12,2.59,2.34,1.49,0.29,0.95,2.726315789473684,1.78,11.88,28.0,2026
Jalen Smith,1630188,F,8.19,1.02,5.58,0.27,0.69,0.58,1.7586206896551726,0.96,15.17,25.0,2025
Jalen Smith,1630188,F,9.21,1.24,6.55,0.33,0.82,0.91,1.362637362637363,1.15,17.24,25.0,2026
Tolu Smith,1642449,F,14.0,0.0,8.0,0.0,0.0,2.0,0.0,0.0,20.0,24.0,2025
Tolu Smith,1642449,F,5.2,0.8,5.6,0.4,1.0,0.8,1.0,1.4,12.2,25.0,2026
Tyler Smith,1641890,F,2.91,0.17,1.09,0.13,0.17,0.35,0.4857142857142857,0.3,4.12,20.0,2025
Jabari Smith Jr.,1631095,F,12.25,1.05,7.0,0.44,0.72,1.07,0.9813084112149532,1.16,20.39,22.0,2025
Jabari Smith Jr.,1631095,F,15.14,1.81,6.97,0.78,0.78,1.41,1.2836879432624115,1.56,24.07,22.0,2026
Nick Smith Jr.,1641733,G,9.85,2.42,2.13,0.28,0.1,1.37,1.7664233576642334,0.38,13.41,21.0,2025
Nick Smith Jr.,1641733,G,6.29,1.14,0.86,0.38,0.1,0.76,1.4999999999999998,0.48,8.01,21.0,2026
Jeremy Sochan,1631110,F,11.43,2.37,6.52,0.83,0.5,1.56,1.5192307692307692,1.33,20.09,22.0,2025
Jeremy Sochan,1631110,F,4.38,1.08,2.81,0.38,0.15,0.69,1.565217391304348,0.53,8.11,22.0,2026
Cam Spencer,1642285,G,4.24,1.36,1.2,0.36,0.04,0.24,5.666666666666667,0.4,6.96,25.0,2025
Cam Spencer,1642285,G,11.85,5.49,2.74,0.74,0.05,1.46,3.76027397260274,0.79,19.41,25.0,2026
Pat Spencer,1630311,G,2.51,1.23,1.18,0.36,0.08,0.46,2.6739130434782608,0.44,4.9,28.0,2025
Pat Spencer,1630311,G,5.67,3.0,2.04,0.67,0.04,0.93,3.225806451612903,0.71,10.49,29.0,2026
Jaden Springer,1630531,G,1.73,0.38,0.92,0.46,0.04,0.15,2.5333333333333337,0.5,3.38,22.0,2025
Jaden Springer,1630531,G,3.76,1.35,2.0,0.71,0.18,0.71,1.9014084507042253,0.89,7.29,22.0,2025
Jaden Springer,1630531,G,2.53,0.77,1.35,0.56,0.09,0.37,2.081081081081081,0.65,4.93,22.0,2025
Isaiah Stevens,1641815,G,0.0,0.0,0.67,0.33,0.0,0.0,0.0,0.33,1.0,24.0,2025
Lamar Stevens,1630205,F,4.35,0.47,2.24,0.29,0.18,0.59,0.7966101694915254,0.47,6.94,27.0,2025
Isaiah Stewart,1630191,F,6.04,1.71,5.54,0.39,1.4,0.94,1.819148936170213,1.79,14.14,24.0,2025
Isaiah Stewart,1630191,F,10.26,1.09,5.6,0.26,2.06,1.26,0.8650793650793651,2.32,18.01,24.0,2026
Julian Strawther,1631124,G,9.05,1.28,2.18,0.6,0.25,0.88,1.4545454545454546,0.85,12.48,23.0,2025
Julian Strawther,1631124,G,3.4,0.7,1.25,0.05,0.05,0.5,1.4,0.1,4.95,23.0,2026
Max Strus,1629622,G,9.42,3.16,4.34,0.52,0.24,1.08,2.925925925925926,0.76,16.6,29.0,2025
Jalen Suggs,1630591,G,16.2,3.69,4.03,1.46,0.94,2.91,1.268041237113402,2.4,23.41,24.0,2025
Jalen Suggs,1630591,G,15.04,4.65,3.65,1.87,0.52,2.65,1.7547169811320755,2.39,23.08,24.0,2026
Cole Swider,1631306,F,7.38,0.25,3.12,0.5,0.25,0.5,0.5,0.75,11.0,26.0,2025
Cole Swider,1631306,F,5.9,0.3,2.7,0.4,0.2,0.4,0.7499999999999999,0.6,9.1,26.0,2025
Jae'Sean Tate,1630256,F,3.62,0.9,2.25,0.5,0.13,0.42,2.142857142857143,0.63,6.98,29.0,2025
Jae'Sean Tate,1630256,F,2.65,0.57,1.39,0.17,0.13,0.17,3.352941176470588,0.3,4.74,30.0,2026
Jayson Tatum,1628369,F,26.83,5.99,8.65,1.06,0.53,2.9,2.0655172413793106,1.59,40.16,27.0,2025
Garrett Temple,202066,G,1.89,1.11,1.04,0.61,0.07,0.36,3.083333333333334,0.68,4.36,39.0,2025
Garrett Temple,202066,G,0.4,0.3,0.4,0.3,0.1,0.3,1.0,0.4,1.2,39.0,2026
Dalen Terry,1631207,F,4.47,1.33,1.7,0.6,0.21,0.73,1.8219178082191785,0.81,7.58,22.0,2025
Dalen Terry,1631207,F,3.0,1.08,1.72,0.68,0.32,0.6,1.8000000000000005,1.0,6.2,23.0,2026
Daniel Theis,1628464,F,4.26,1.58,4.32,0.47,0.53,0.66,2.393939393939394,1.0,10.5,32.0,2025
Cam Thomas,1630560,G,23.96,3.76,3.32,0.6,0.08,2.48,1.5161290322580645,0.68,29.24,23.0,2025
Cam Thomas,1630560,G,18.75,2.62,1.75,0.25,0.12,2.0,1.31,0.37,21.49,24.0,2026
Amen Thompson,1641708,G,14.06,3.84,8.17,1.41,1.29,2.0,1.92,2.7,26.77,22.0,2025
Amen Thompson,1641708,G,18.66,5.08,7.68,1.34,0.53,2.55,1.9921568627450983,1.87,30.74,22.0,2026
Ausar Thompson,1641709,G,10.07,2.27,5.14,1.66,0.68,1.36,1.6691176470588234,2.34,18.46,22.0,2025
Ausar Thompson,1641709,G,11.06,2.63,5.8,1.51,0.83,1.57,1.6751592356687897,2.34,20.26,22.0,2026
Ethan Thompson,1630679,G,4.11,1.33,1.67,0.5,0.28,0.56,2.375,0.78,7.33,26.0,2026
Klay Thompson,202691,G,13.96,2.01,3.42,0.69,0.42,1.22,1.647540983606557,1.11,19.28,35.0,2025
Klay Thompson,202691,G,11.69,1.44,2.44,0.41,0.33,0.87,1.6551724137931034,0.74,15.44,35.0,2026
Tristan Thompson,202684,C,1.72,0.6,3.35,0.05,0.28,0.35,1.7142857142857144,0.33,5.65,34.0,2025
JT Thor,1630550,F,3.11,0.11,0.67,0.22,0.33,0.67,0.1641791044776119,0.55,3.77,22.0,2025
JT Thor,1630550,F,3.91,0.45,3.82,0.55,0.55,0.27,1.6666666666666663,1.1,9.01,22.0,2025
JT Thor,1630550,F,3.55,0.3,2.4,0.4,0.45,0.45,0.6666666666666666,0.85,6.65,22.0,2025
Matisse Thybulle,1629680,G,7.47,1.87,3.47,2.2,0.6,0.87,2.1494252873563218,2.8,14.74,28.0,2025
Matisse Thybulle,1629680,G,5.0,0.75,1.0,2.5,0.0,0.25,3.0,2.5,9.0,28.0,2026
Xavier Tillman,1630214,F,1.03,0.21,1.3,0.33,0.15,0.42,0.5,0.48,2.6,26.0,2025
Xavier Tillman,1630214,F,2.82,0.45,2.18,0.55,0.18,0.36,1.25,0.73,5.82,26.0,2026
Drew Timme,1631166,F,12.11,2.22,7.22,0.44,0.11,1.67,1.3293413173652695,0.55,20.43,24.0,2025
Drew Timme,1631166,F,0.67,0.5,0.67,0.17,0.0,0.17,2.941176470588235,0.17,1.84,25.0,2026
Nae'Qwan Tomlin,1641772,F,7.2,0.4,4.2,0.0,0.2,0.4,1.0,0.2,11.6,24.0,2025
Nae'Qwan Tomlin,1641772,F,6.1,0.81,2.87,0.71,0.74,0.35,2.3142857142857145,1.45,10.88,25.0,2026
Jacob Toppin,1631210,F,0.38,0.25,0.69,0.12,0.0,0.12,2.083333333333333,0.12,1.32,25.0,2025
Jacob Toppin,1631210,F,17.0,2.0,4.0,0.0,0.0,1.0,2.0,0.0,22.0,25.0,2025
Jacob Toppin,1631210,F,1.35,0.35,0.88,0.12,0.0,0.18,1.9444444444444444,0.12,2.52,25.0,2025
Obi Toppin,1630167,F,10.54,1.62,4.03,0.58,0.35,0.86,1.8837209302325584,0.93,16.26,27.0,2025
Obi Toppin,1630167,F,14.0,1.67,6.67,1.0,0.0,2.0,0.835,1.0,21.34,27.0,2026
Karl-Anthony Towns,1626157,C,24.43,3.08,12.78,0.99,0.69,2.67,1.153558052434457,1.68,39.3,29.0,2025
Karl-Anthony Towns,1626157,C,20.89,2.95,11.47,0.92,0.66,2.58,1.1434108527131783,1.58,34.31,30.0,2026
Armel Traoré,1642422,F,1.56,0.11,1.67,0.44,0.22,0.33,0.3333333333333333,0.66,3.67,22.0,2025
Luke Travers,1631247,F,1.0,0.67,1.67,0.08,0.08,0.67,1.0,0.16,2.83,23.0,2025
Luke Travers,1631247,F,2.33,0.75,2.0,0.58,0.33,0.25,3.0,0.91,5.74,24.0,2026
Gary Trent Jr.,1629018,G,11.14,1.18,2.27,0.97,0.05,0.57,2.0701754385964914,1.02,15.04,26.0,2025
Gary Trent Jr.,1629018,G,8.46,1.59,1.26,0.67,0.05,0.62,2.564516129032258,0.72,11.41,26.0,2026
Oscar Tshiebwe,1631131,F,7.64,0.64,8.71,0.93,0.07,0.71,0.9014084507042254,1.0,17.28,25.0,2025
P.J. Tucker,200782,F,3.0,0.0,2.67,0.33,0.33,0.33,0.0,0.66,6.0,40.0,2025
Myles Turner,1626167,C,15.56,1.54,6.54,0.75,2.0,1.71,0.9005847953216375,2.75,24.68,29.0,2025
Myles Turner,1626167,C,12.2,1.6,5.28,0.65,1.5,0.98,1.6326530612244898,2.15,20.25,29.0,2026
Hunter Tyson,1641816,F,2.63,0.39,1.53,0.2,0.12,0.27,1.4444444444444444,0.32,4.6,25.0,2025
Hunter Tyson,1641816,F,2.5,0.62,1.56,0.12,0.06,0.25,2.48,0.18,4.61,25.0,2026
Jaylon Tyson,1642281,G,3.55,0.94,2.04,0.28,0.06,0.55,1.7090909090909088,0.34,6.32,22.0,2025
Jaylon Tyson,1642281,G,12.76,1.97,5.3,1.03,0.51,1.3,1.515384615384615,1.54,20.27,23.0,2026
Stanley Umude,1630649,G,0.68,0.18,0.77,0.14,0.27,0.14,1.2857142857142856,0.41,1.9,26.0,2025
Jonas Valančiūnas,202685,C,11.51,2.2,8.24,0.45,0.57,1.8,1.2222222222222223,1.02,21.17,33.0,2025
Jonas Valančiūnas,202685,C,8.72,1.75,6.97,0.47,0.56,1.0,1.75,1.03,17.47,33.0,2025
Jonas Valančiūnas,202685,C,10.41,2.02,7.74,0.46,0.57,1.48,1.364864864864865,1.03,19.72,33.0,2025
Jonas Valančiūnas,202685,C,8.48,1.24,4.67,0.21,0.61,1.12,1.107142857142857,0.82,14.09,33.0,2026
Fred VanVleet,1627832,G,14.07,5.55,3.68,1.57,0.42,1.45,3.827586206896552,1.99,23.84,31.0,2025
Jarred Vanderbilt,1629020,F,4.08,1.14,5.06,0.97,0.28,0.81,1.4074074074074072,1.25,10.72,26.0,2025
Jarred Vanderbilt,1629020,F,5.07,1.3,5.23,0.8,0.3,1.2,1.0833333333333337,1.1,11.5,26.0,2026
Devin Vassell,1630170,G,16.27,2.86,3.98,1.31,0.52,1.38,2.072463768115942,1.83,23.56,24.0,2025
Devin Vassell,1630170,G,15.0,2.41,4.03,0.91,0.47,0.94,2.563829787234043,1.38,21.88,25.0,2026
Gabe Vincent,1629216,G,6.39,1.36,1.28,0.71,0.18,0.57,2.385964912280702,0.89,9.35,29.0,2025
Gabe Vincent,1629216,G,5.11,1.37,0.95,0.42,0.05,0.32,4.28125,0.47,7.58,29.0,2026
Tristan Vukcevic,1641774,F,9.43,1.11,3.71,0.31,0.66,1.2,0.9250000000000002,0.97,14.02,22.0,2025
Tristan Vukcevic,1641774,F,6.9,0.97,2.37,0.27,0.67,1.0,0.97,0.94,10.18,22.0,2026
Nikola Vučević,202696,C,18.48,3.51,10.07,0.84,0.71,1.63,2.1533742331288344,1.55,31.98,34.0,2025
Nikola Vučević,202696,C,16.9,3.69,9.21,0.69,0.56,1.46,2.5273972602739727,1.25,29.59,35.0,2026
Dean Wade,1629731,F,5.42,1.29,4.22,0.71,0.34,0.37,3.4864864864864864,1.05,11.61,28.0,2025
Dean Wade,1629731,F,5.79,1.59,4.03,0.71,0.38,0.26,6.115384615384616,1.09,12.24,29.0,2026
Franz Wagner,1630532,F,24.15,4.73,5.7,1.25,0.35,2.3,2.056521739130435,1.6,33.88,23.0,2025
Franz Wagner,1630532,F,22.52,3.6,6.2,1.12,0.36,1.88,1.9148936170212767,1.48,31.92,24.0,2026
Moritz Wagner,1629021,F,12.87,1.4,4.93,0.8,0.4,1.63,0.8588957055214724,1.2,18.77,28.0,2025
Moritz Wagner,1629021,F,7.5,1.0,3.0,0.0,0.0,0.5,2.0,0.0,11.0,28.0,2026
Jabari Walker,1631133,F,5.22,0.62,3.52,0.55,0.1,0.57,1.087719298245614,0.65,9.44,22.0,2025
Jabari Walker,1631133,F,4.08,0.54,3.32,0.24,0.3,0.46,1.173913043478261,0.54,8.02,23.0,2026
Jarace Walker,1641716,F,6.15,1.47,3.05,0.72,0.33,1.04,1.4134615384615383,1.05,10.68,21.0,2025
Jarace Walker,1641716,F,9.02,1.88,4.29,0.66,0.32,1.51,1.2450331125827814,0.98,14.66,22.0,2026
Lonnie Walker IV,1629022,G,12.35,2.5,3.15,0.5,0.25,1.25,2.0,0.75,17.5,26.0,2025
Cason Wallace,1641717,G,8.35,2.54,3.37,1.76,0.51,0.87,2.9195402298850577,2.27,15.66,21.0,2025
Cason Wallace,1641717,G,7.32,2.1,3.02,2.15,0.22,0.9,2.333333333333333,2.37,13.91,22.0,2026
Keaton Wallace,1630811,G,5.42,2.61,1.61,0.9,0.29,1.06,2.462264150943396,1.19,9.77,26.0,2025
Keaton Wallace,1630811,G,4.17,2.2,1.26,0.57,0.11,0.63,3.4920634920634925,0.68,7.68,26.0,2026
Jordan Walsh,1641775,G,1.58,0.37,1.33,0.23,0.21,0.33,1.121212121212121,0.44,3.39,21.0,2025
Jordan Walsh,1641775,G,6.23,0.89,4.77,0.94,0.49,0.54,1.648148148148148,1.43,12.78,21.0,2026
Ja'Kobe Walter,1642266,G,8.63,1.56,3.08,0.83,0.19,0.96,1.6250000000000002,1.02,13.33,20.0,2025
Ja'Kobe Walter,1642266,G,6.14,0.86,2.11,0.86,0.16,0.51,1.6862745098039216,1.02,9.62,21.0,2026
Kel'el Ware,1642276,C,9.3,0.94,7.39,0.61,1.11,0.89,1.0561797752808988,1.72,18.46,21.0,2025
Kel'el Ware,1642276,C,11.66,0.54,9.93,0.88,1.15,1.0,0.54,2.03,23.16,21.0,2026
P.J. Washington,1629023,F,14.67,2.3,7.75,1.11,1.05,2.07,1.1111111111111112,2.16,24.81,26.0,2025
P.J. Washington,1629023,F,14.65,1.87,7.39,1.03,1.39,2.16,0.8657407407407407,2.42,24.17,27.0,2026
TyTy Washington Jr.,1631102,G,2.19,1.0,0.81,0.19,0.0,0.19,5.2631578947368425,0.19,4.0,23.0,2025
Lindy Waters III,1630322,F,5.5,1.11,2.53,0.58,0.26,0.45,2.466666666666667,0.84,9.53,27.0,2025
Lindy Waters III,1630322,F,3.36,0.71,1.0,0.36,0.07,0.21,3.380952380952381,0.43,5.29,27.0,2025
Lindy Waters III,1630322,F,4.92,1.0,2.12,0.52,0.21,0.38,2.631578947368421,0.73,8.39,27.0,2025
Lindy Waters III,1630322,F,2.17,0.42,0.88,0.17,0.0,0.08,5.25,0.17,3.56,28.0,2026
Trendon Watford,1630570,G,10.23,2.61,3.64,0.61,0.27,1.89,1.380952380952381,0.88,15.47,24.0,2025
Trendon Watford,1630570,G,7.11,3.17,3.89,0.33,0.22,1.17,2.709401709401709,0.55,13.55,25.0,2026
Anton Watson,1641817,F,0.89,0.22,0.33,0.11,0.0,0.22,1.0,0.11,1.33,24.0,2025
Peyton Watson,1631212,G,8.1,1.38,3.43,0.71,1.37,0.82,1.6829268292682926,2.08,14.17,22.0,2025
Peyton Watson,1631212,G,13.77,1.85,5.03,1.0,1.0,1.64,1.128048780487805,2.0,21.01,23.0,2026
Jaylen Wells,1642377,F,10.42,1.71,3.39,0.56,0.1,0.87,1.9655172413793105,0.66,15.31,21.0,2025
Jaylen Wells,1642377,F,11.78,1.78,3.5,0.88,0.08,1.12,1.5892857142857142,0.96,16.9,22.0,2026
Victor Wembanyama,1641705,F,24.26,3.65,11.0,1.13,3.83,3.24,1.126543209876543,4.96,40.63,21.0,2025
Victor Wembanyama,1641705,F,23.93,2.96,10.93,0.85,2.67,2.85,1.03859649122807,3.52,38.49,22.0,2026
Blake Wesley,1631104,G,3.74,1.97,1.05,0.64,0.1,0.93,2.118279569892473,0.74,6.57,22.0,2025
Blake Wesley,1631104,G,6.0,3.17,2.33,1.67,0.17,1.17,2.709401709401709,1.84,12.17,22.0,2026
Russell Westbrook,201566,G,13.25,6.09,4.93,1.41,0.49,3.23,1.8854489164086687,1.9,22.94,36.0,2025
Russell Westbrook,201566,G,14.8,6.98,6.46,1.34,0.17,3.37,2.0712166172106827,1.51,26.38,37.0,2026
Phillip Wheeler,1630762,F,1.6,0.4,1.6,0.2,0.4,0.2,2.0,0.6,4.0,22.0,2025
Coby White,1629632,G,20.39,4.46,3.69,0.93,0.22,2.39,1.8661087866108783,1.15,27.3,25.0,2025
Coby White,1629632,G,17.89,4.63,3.58,0.63,0.05,3.11,1.4887459807073955,0.68,23.67,25.0,2026
Derrick White,1628401,G,16.42,4.75,4.49,0.95,1.05,1.72,2.761627906976744,2.0,25.94,30.0,2025
Derrick White,1628401,G,18.36,5.21,4.46,1.28,1.54,1.87,2.786096256684492,2.82,28.98,31.0,2026
Dariq Whitehead,1641727,G,5.7,0.6,1.45,0.3,0.05,0.75,0.7999999999999999,0.35,7.35,20.0,2025
Cam Whitmore,1641715,F,9.35,0.96,2.96,0.61,0.25,0.9,1.0666666666666669,0.86,13.23,20.0,2025
Cam Whitmore,1641715,F,9.19,0.71,2.76,0.71,0.38,0.86,0.8255813953488372,1.09,12.89,21.0,2026
Aaron Wiggins,1630598,G,12.03,1.76,3.88,0.79,0.24,0.91,1.934065934065934,1.03,17.79,26.0,2025
Aaron Wiggins,1630598,G,10.07,1.69,3.17,0.72,0.66,1.07,1.5794392523364484,1.38,15.24,27.0,2026
Andrew Wiggins,203952,F,17.56,2.37,4.58,0.93,0.77,1.3,1.823076923076923,1.7,24.91,30.0,2025
Andrew Wiggins,203952,F,19.0,3.29,4.24,1.18,1.0,2.53,1.300395256916996,2.18,26.18,30.0,2025
Andrew Wiggins,203952,F,17.97,2.63,4.48,1.0,0.83,1.65,1.593939393939394,1.83,25.26,30.0,2025
Andrew Wiggins,203952,F,15.78,2.81,4.92,1.19,1.08,1.73,1.624277456647399,2.27,24.05,30.0,2026
Brandon Williams,1630314,G,8.33,2.3,1.76,0.73,0.15,1.18,1.9491525423728813,0.88,12.09,25.0,2025
Brandon Williams,1630314,G,11.94,3.69,2.86,1.14,0.25,1.92,1.921875,1.39,17.96,26.0,2026
Cody Williams,1642262,F,4.6,1.18,2.26,0.46,0.32,0.88,1.3409090909090908,0.78,7.94,20.0,2025
Cody Williams,1642262,F,5.04,0.75,1.89,0.32,0.29,0.36,2.083333333333333,0.61,7.93,21.0,2026
Grant Williams,1629684,F,10.38,2.31,5.12,1.12,0.81,1.75,1.32,1.93,17.99,26.0,2025
Grant Williams,1629684,F,6.33,0.0,4.33,0.0,0.33,0.0,0.0,0.33,10.99,27.0,2026
Jalen Williams,1631114,G,21.59,5.13,5.35,1.61,0.67,2.17,2.3640552995391704,2.28,32.18,24.0,2025
Jalen Williams,1631114,G,17.22,5.74,4.83,1.39,0.39,2.0,2.87,1.78,27.57,24.0,2026
Jaylin Williams,1631119,F,5.91,2.55,5.57,0.47,0.62,0.74,3.4459459459459456,1.09,14.38,23.0,2025
Jaylin Williams,1631119,F,5.82,2.39,4.82,0.64,0.54,0.93,2.5698924731182795,1.18,13.28,23.0,2026
Kenrich Williams,1629026,G,6.32,1.41,3.49,0.62,0.14,0.57,2.473684210526316,0.76,11.41,30.0,2025
Kenrich Williams,1629026,G,5.59,1.41,2.86,0.64,0.09,0.55,2.5636363636363635,0.73,10.04,31.0,2026
Mark Williams,1631109,C,15.25,2.48,10.16,0.73,1.23,1.61,1.5403726708074532,1.96,28.24,23.0,2025
Mark Williams,1631109,C,12.22,1.08,8.28,1.08,1.0,1.0,1.08,2.08,22.66,24.0,2026
Nate Williams,1631466,G,3.25,0.45,0.65,0.4,0.2,0.7,0.6428571428571429,0.6,4.25,26.0,2025
Patrick Williams,1630172,F,8.98,1.97,3.76,0.76,0.51,1.37,1.437956204379562,1.27,14.61,23.0,2025
Patrick Williams,1630172,F,6.5,1.21,2.95,0.74,0.26,0.89,1.3595505617977528,1.0,10.77,24.0,2026
Ziaire Williams,1630533,F,10.03,1.33,4.56,0.98,0.44,1.06,1.2547169811320755,1.42,16.28,23.0,2025
Ziaire Williams,1630533,F,9.1,0.66,2.41,1.14,0.52,1.0,0.66,1.66,12.83,24.0,2026
Robert Williams III,1629057,C,5.8,1.05,5.9,0.65,1.65,0.85,1.2352941176470589,2.3,14.2,27.0,2025
Robert Williams III,1629057,C,5.97,1.03,6.17,0.62,1.28,0.62,1.6612903225806452,1.9,14.45,28.0,2026
Vince Williams Jr.,1631246,G,6.63,2.04,3.63,0.44,0.26,1.22,1.6721311475409837,0.7,11.78,24.0,2025
Vince Williams Jr.,1631246,G,7.85,4.85,4.15,0.73,0.5,2.0,2.425,1.23,16.08,25.0,2026
Zion Williamson,1629627,F,24.57,5.3,7.2,1.23,0.9,3.0,1.7666666666666666,2.13,36.2,24.0,2025
Zion Williamson,1629627,F,22.44,3.37,5.74,1.19,0.59,2.41,1.3983402489626555,1.78,30.92,25.0,2026
Jalen Wilson,1630592,F,9.48,1.84,3.42,0.51,0.06,1.0,1.84,0.57,14.31,24.0,2025
Jalen Wilson,1630592,F,5.0,0.46,1.08,0.35,0.08,0.46,1.0,0.43,6.51,25.0,2026
James Wiseman,1630164,C,6.0,0.0,1.0,0.0,0.0,0.0,0.0,0.0,7.0,24.0,2025
James Wiseman,1630164,C,3.25,0.75,2.0,0.0,0.25,1.25,0.6,0.25,5.0,24.0,2026
Isaiah Wong,1631209,G,6.0,1.4,1.6,0.55,0.0,0.9,1.5555555555555554,0.55,8.65,24.0,2025
Delon Wright,1626153,G,2.5,1.85,1.77,0.88,0.35,0.54,3.425925925925926,1.23,6.81,33.0,2025
Delon Wright,1626153,G,4.29,2.07,1.43,0.86,0.21,0.57,3.631578947368421,1.07,8.29,33.0,2025
Delon Wright,1626153,G,3.12,1.92,1.65,0.88,0.3,0.55,3.4909090909090903,1.18,7.32,33.0,2025
Guerschon Yabusele,1627824,F,10.97,2.11,5.64,0.83,0.34,1.24,1.7016129032258065,1.17,18.65,29.0,2025
Guerschon Yabusele,1627824,F,3.12,0.44,2.18,0.09,0.12,0.41,1.0731707317073171,0.21,5.54,30.0,2026
Jahmir Young,1642443,G,1.83,1.0,0.5,0.0,0.0,0.17,5.88235294117647,0.0,3.16,24.0,2025
Jahmir Young,1642443,G,2.0,0.8,0.4,0.2,0.0,0.4,2.0,0.2,3.0,25.0,2026
Trae Young,1629027,G,24.22,11.58,3.11,1.2,0.16,4.67,2.4796573875803,1.36,35.6,26.0,2025
Trae Young,1629027,G,19.3,8.9,1.5,1.0,0.1,2.6,3.423076923076923,1.1,28.2,27.0,2026
Ivica Zubac,1627826,C,16.75,2.68,12.62,0.69,1.12,1.59,1.6855345911949686,1.81,32.27,28.0,2025
Ivica Zubac,1627826,C,14.82,2.44,10.71,0.41,0.97,1.94,1.2577319587628866,1.38,27.41,28.0,2026
Tristan da Silva,1641783,F,7.2,1.53,3.31,0.45,0.24,0.76,2.013157894736842,0.69,11.97,24.0,2025
Tristan da Silva,1641783,F,9.75,1.19,3.58,0.86,0.19,0.92,1.2934782608695652,1.05,14.65,24.0,2026
Vlatko Čančar,1628427,F,1.85,0.69,2.46,0.23,0.15,0.85,0.8117647058823529,0.38,4.53,28.0,2025
Dario Šarić,203967,F,3.5,1.44,3.12,0.44,0.06,0.94,1.5319148936170213,0.5,7.62,31.0,2025
Dario Šarić,203967,F,1.0,0.4,1.2,0.0,0.0,0.4,1.0,0.0,2.2,31.0,2026
Kevin Porter Jr.,1629645,G,9.96,2.18,3.24,0.92,0.28,1.86,1.1720430107526882,1.2,14.72,20.0,2020
Kevin Porter Jr.,1629645,G,16.58,6.31,3.81,0.73,0.31,3.5,1.8028571428571427,1.04,24.24,21.0,2021
Kevin Porter Jr.,1629645,G,15.56,6.16,4.38,1.13,0.36,3.15,1.955555555555556,1.49,24.44,22.0,2022
Kevin Porter Jr.,1629645,G,19.15,5.73,5.32,1.39,0.29,3.19,1.7962382445141067,1.68,28.69,23.0,2023
Michael Porter Jr.,1629008,F,9.31,0.84,4.71,0.49,0.45,0.89,0.9438202247191012,0.94,14.91,22.0,2020
Michael Porter Jr.,1629008,F,19.05,1.15,7.3,0.66,0.89,1.26,0.9126984126984128,1.55,27.79,23.0,2021
Michael Porter Jr.,1629008,F,9.89,1.89,6.56,1.11,0.22,1.33,1.4210526315789471,1.33,18.34,24.0,2022
Michael Porter Jr.,1629008,F,17.42,1.05,5.5,0.6,0.47,1.1,0.9545454545454544,1.07,23.94,25.0,2023
Michael Porter Jr.,1629008,F,16.74,1.51,6.98,0.52,0.65,1.14,1.324561403508772,1.17,25.26,26.0,2024
Bobby Portis,1626171,F,7.03,0.84,5.44,0.4,0.35,0.87,0.9655172413793104,0.75,13.19,21.0,2016
Bobby Portis,1626171,F,6.83,0.55,4.62,0.25,0.17,0.58,0.9482758620689656,0.42,11.84,22.0,2017
Bobby Portis,1626171,F,13.21,1.68,6.82,0.68,0.32,1.41,1.1914893617021276,1.0,21.3,23.0,2018
Bobby Portis,1626171,F,14.09,1.32,7.32,0.5,0.36,1.32,1.0,0.86,22.27,24.0,2019
Bobby Portis,1626171,F,14.29,1.54,8.64,0.86,0.43,1.61,0.9565217391304348,1.29,24.15,24.0,2019
Bobby Portis,1626171,F,14.2,1.44,8.06,0.7,0.4,1.48,0.9729729729729728,1.1,23.32,24.0,2019
Bobby Portis,1626171,F,10.12,1.48,5.12,0.48,0.27,1.11,1.3333333333333333,0.75,16.36,25.0,2020
Bobby Portis,1626171,F,11.42,1.08,7.06,0.79,0.39,0.85,1.2705882352941178,1.18,19.89,26.0,2021
Bobby Portis,1626171,F,14.61,1.19,9.12,0.74,0.71,1.25,0.952,1.45,25.12,27.0,2022
Bobby Portis,1626171,F,14.1,1.5,9.6,0.41,0.23,1.16,1.293103448275862,0.64,24.68,28.0,2023
Bobby Portis,1626171,F,13.78,1.27,7.4,0.83,0.41,1.11,1.144144144144144,1.24,22.58,29.0,2024
Kristaps Porziņģis,204001,F,14.28,1.31,7.31,0.74,1.86,1.68,0.7797619047619048,2.6,23.82,20.0,2016
Kristaps Porziņģis,204001,F,18.12,1.47,7.2,0.71,1.95,1.79,0.8212290502793296,2.66,27.66,21.0,2017
Kristaps Porziņģis,204001,F,22.67,1.19,6.58,0.75,2.4,1.94,0.6134020618556701,3.15,31.65,22.0,2018
Kristaps Porziņģis,204001,F,20.42,1.79,9.47,0.72,2.02,1.61,1.1118012422360248,2.74,32.81,24.0,2020
Kristaps Porziņģis,204001,F,20.12,1.58,8.86,0.47,1.35,1.19,1.327731092436975,1.82,31.19,25.0,2021
Kristaps Porziņģis,204001,F,19.24,2.03,7.68,0.74,1.74,1.56,1.301282051282051,2.48,29.87,26.0,2022
Kristaps Porziņģis,204001,F,22.12,2.94,8.82,0.71,1.47,1.65,1.781818181818182,2.18,34.41,26.0,2022
Kristaps Porziņģis,204001,F,20.2,2.33,8.06,0.73,1.65,1.59,1.4654088050314464,2.38,31.38,26.0,2022
Kristaps Porziņģis,204001,F,23.15,2.68,8.4,0.89,1.54,2.11,1.270142180094787,2.43,34.55,27.0,2023
Kristaps Porziņģis,204001,F,20.09,2.02,7.18,0.74,1.95,1.56,1.294871794871795,2.69,30.42,28.0,2024
Micah Potter,1630695,C,4.0,0.0,3.0,0.33,0.33,0.33,0.0,0.66,7.33,24.0,2022
Micah Potter,1630695,C,3.43,0.57,2.29,0.14,0.0,0.29,1.9655172413793105,0.14,6.14,25.0,2023
Micah Potter,1630695,C,3.31,0.38,2.69,0.25,0.38,0.31,1.2258064516129032,0.63,6.7,26.0,2024
Dwight Powell,203939,F,1.8,0.0,0.2,0.4,0.0,0.4,0.0,0.4,2.0,23.0,2015
Dwight Powell,203939,F,3.38,0.38,2.04,0.29,0.25,0.38,1.0,0.54,5.96,23.0,2015
Dwight Powell,203939,F,3.1,0.31,1.72,0.31,0.21,0.38,0.8157894736842105,0.52,5.27,23.0,2015
Dwight Powell,203939,F,5.78,0.64,3.96,0.52,0.35,0.58,1.1034482758620692,0.87,10.67,24.0,2016
Dwight Powell,203939,F,6.7,0.64,3.97,0.79,0.51,0.44,1.4545454545454546,1.3,12.17,25.0,2017
Dwight Powell,203939,F,8.49,1.15,5.62,0.85,0.41,0.75,1.5333333333333332,1.26,15.77,26.0,2018
Dwight Powell,203939,F,10.58,1.45,5.34,0.57,0.65,0.87,1.6666666666666663,1.22,17.72,27.0,2019
Dwight Powell,203939,F,9.4,1.48,5.68,0.85,0.55,0.9,1.6444444444444444,1.4,17.06,28.0,2020
Dwight Powell,203939,F,5.9,1.09,4.03,0.62,0.52,0.69,1.5797101449275364,1.14,11.47,29.0,2021
Dwight Powell,203939,F,8.74,1.18,4.93,0.45,0.48,0.78,1.5128205128205128,0.93,15.0,30.0,2022
Dwight Powell,203939,F,6.66,0.91,4.13,0.63,0.34,0.86,1.058139534883721,0.97,11.81,31.0,2023
Dwight Powell,203939,F,3.3,1.33,3.4,0.41,0.32,0.51,2.607843137254902,0.73,8.25,32.0,2024
Norman Powell,1626181,G,5.57,0.96,2.27,0.59,0.2,0.65,1.4769230769230768,0.79,8.94,23.0,2016
Norman Powell,1626181,G,8.37,1.08,2.22,0.68,0.18,0.92,1.173913043478261,0.86,11.61,24.0,2017
Norman Powell,1626181,G,5.5,1.27,1.7,0.53,0.23,0.94,1.3510638297872342,0.76,8.29,25.0,2018
Norman Powell,1626181,G,8.6,1.52,2.32,0.65,0.22,1.08,1.4074074074074074,0.87,12.23,26.0,2019
Norman Powell,1626181,G,15.96,1.75,3.65,1.15,0.4,1.48,1.1824324324324325,1.55,21.43,27.0,2020
Norman Powell,1626181,G,19.6,1.83,3.0,1.12,0.19,1.83,1.0,1.31,23.91,28.0,2021
Norman Powell,1626181,G,17.04,1.93,3.3,1.3,0.37,1.56,1.237179487179487,1.67,22.38,28.0,2021
Norman Powell,1626181,G,18.59,1.87,3.12,1.19,0.26,1.72,1.0872093023255816,1.45,23.31,28.0,2021
Norman Powell,1626181,G,18.65,2.05,3.28,1.0,0.42,1.55,1.3225806451612905,1.42,23.85,29.0,2022
Norman Powell,1626181,G,21.4,2.8,2.8,0.4,0.8,1.4,2.0,1.2,26.8,29.0,2022
Norman Powell,1626181,G,18.96,2.13,3.22,0.93,0.47,1.53,1.392156862745098,1.4,24.18,29.0,2022
Norman Powell,1626181,G,16.98,1.82,2.92,0.83,0.3,1.68,1.0833333333333337,1.13,21.17,30.0,2023
Norman Powell,1626181,G,13.89,1.08,2.57,0.57,0.29,0.87,1.2413793103448276,0.86,17.53,31.0,2024
Taurean Prince,1627752,F,5.68,0.93,2.66,0.73,0.46,1.03,0.9029126213592232,1.19,9.43,23.0,2017
Taurean Prince,1627752,F,14.12,2.61,4.74,1.04,0.51,2.33,1.1201716738197425,1.55,20.69,24.0,2018
Taurean Prince,1627752,F,13.49,2.15,3.62,0.96,0.35,1.82,1.1813186813186811,1.31,18.75,25.0,2019
Taurean Prince,1627752,F,12.08,1.81,5.95,0.89,0.39,1.98,0.914141414141414,1.28,19.14,26.0,2020
Taurean Prince,1627752,F,8.08,0.58,2.83,0.67,0.67,0.92,0.6304347826086956,1.34,11.91,27.0,2021
Taurean Prince,1627752,F,10.07,2.38,3.72,0.69,0.52,1.24,1.9193548387096773,1.21,16.14,27.0,2021
Taurean Prince,1627752,F,9.49,1.85,3.46,0.68,0.56,1.15,1.6086956521739133,1.24,14.89,27.0,2021
Taurean Prince,1627752,F,7.28,0.99,2.52,0.68,0.33,0.77,1.2857142857142856,1.01,11.03,28.0,2022
Taurean Prince,1627752,F,9.13,1.56,2.44,0.52,0.28,1.28,1.21875,0.8,12.65,29.0,2023
Taurean Prince,1627752,F,8.94,1.53,2.95,0.74,0.45,0.94,1.6276595744680853,1.19,13.67,30.0,2024
Payton Pritchard,1630202,G,7.73,1.82,2.39,0.56,0.14,0.8,2.275,0.7,11.84,23.0,2021
Payton Pritchard,1630202,G,6.23,1.96,1.89,0.35,0.08,0.58,3.3793103448275863,0.43,9.93,24.0,2022
Payton Pritchard,1630202,G,5.62,1.33,1.83,0.29,0.02,0.83,1.602409638554217,0.31,8.26,25.0,2023
Payton Pritchard,1630202,G,9.6,3.43,3.23,0.48,0.07,0.74,4.635135135135135,0.55,16.07,26.0,2024
Olivier-Maxence Prosper,1641765,F,3.02,0.55,1.98,0.18,0.1,0.2,2.75,0.28,5.63,21.0,2024
Trevelin Queen,1630243,G,4.3,0.4,1.6,0.5,0.1,0.7,0.5714285714285715,0.6,6.2,25.0,2022
Trevelin Queen,1630243,G,3.0,0.86,2.43,0.29,0.71,1.0,0.86,1.0,6.29,26.0,2023
Trevelin Queen,1630243,G,2.86,1.29,1.43,0.5,0.36,0.5,2.58,0.86,5.94,27.0,2024
Neemias Queta,1629674,C,3.0,0.4,2.07,0.07,0.53,0.4,1.0,0.6,5.67,22.0,2022
Neemias Queta,1629674,C,2.4,0.2,2.2,0.0,0.4,0.2,1.0,0.4,5.0,23.0,2023
Neemias Queta,1629674,C,5.5,0.71,4.36,0.46,0.75,0.46,1.543478260869565,1.21,11.32,24.0,2024
Immanuel Quickley,1630193,G,11.42,1.98,2.14,0.47,0.19,0.91,2.175824175824176,0.66,15.29,22.0,2021
Immanuel Quickley,1630193,G,11.31,3.53,3.17,0.69,0.04,1.27,2.779527559055118,0.73,17.47,23.0,2022
Immanuel Quickley,1630193,G,14.93,3.44,4.16,0.99,0.17,1.23,2.796747967479675,1.16,22.46,24.0,2023
Immanuel Quickley,1630193,G,15.0,2.47,2.57,0.53,0.1,1.03,2.3980582524271847,0.63,19.64,25.0,2024
Immanuel Quickley,1630193,G,18.58,6.76,4.79,0.89,0.18,1.84,3.6739130434782608,1.07,29.36,25.0,2024
Immanuel Quickley,1630193,G,17.0,4.87,3.81,0.74,0.15,1.49,3.2684563758389262,0.89,25.08,25.0,2024
Lester Quinones,1631311,G,2.5,0.5,0.75,0.25,0.0,1.25,0.4,0.25,2.75,22.0,2023
Lester Quinones,1631311,G,4.43,0.97,1.95,0.16,0.05,0.46,2.108695652173913,0.21,7.1,23.0,2024
Julius Randle,203944,F,2.0,0.0,0.0,0.0,0.0,1.0,0.0,0.0,1.0,20.0,2015
Julius Randle,203944,F,11.35,1.78,10.23,0.65,0.36,1.84,0.967391304347826,1.01,22.53,21.0,2016
Julius Randle,203944,F,13.18,3.57,8.59,0.66,0.5,2.34,1.5256410256410258,1.16,24.16,22.0,2017
Julius Randle,203944,F,16.13,2.56,7.98,0.52,0.55,2.6,0.9846153846153846,1.07,25.14,23.0,2018
Julius Randle,203944,F,21.44,3.14,8.68,0.71,0.62,2.85,1.1017543859649124,1.33,31.74,24.0,2019
Julius Randle,203944,F,19.5,3.09,9.72,0.8,0.34,3.02,1.02317880794702,1.14,30.43,25.0,2020
Julius Randle,203944,F,24.11,6.01,10.2,0.9,0.25,3.39,1.7728613569321532,1.15,38.08,26.0,2021
Julius Randle,203944,F,20.1,5.14,9.94,0.74,0.54,3.4,1.511764705882353,1.28,33.06,27.0,2022
Julius Randle,203944,F,25.14,4.1,9.96,0.64,0.27,2.81,1.4590747330960852,0.91,37.3,28.0,2023
Julius Randle,203944,F,23.96,4.98,9.2,0.54,0.26,3.46,1.4393063583815031,0.8,35.48,29.0,2024
Duop Reath,1641871,C,9.07,0.99,3.68,0.49,0.56,0.76,1.3026315789473684,1.05,14.03,28.0,2024
Austin Reaves,1630559,G,7.28,1.8,3.16,0.48,0.33,0.66,2.727272727272727,0.81,12.39,24.0,2022
Austin Reaves,1630559,G,13.02,3.36,3.02,0.52,0.3,1.55,2.1677419354838707,0.82,18.67,25.0,2023
Austin Reaves,1630559,G,15.85,5.49,4.29,0.8,0.3,2.12,2.589622641509434,1.1,24.61,26.0,2024
Cam Reddish,1629629,F,10.52,1.5,3.72,1.07,0.48,1.66,0.9036144578313252,1.55,15.63,20.0,2020
Cam Reddish,1629629,F,11.23,1.35,4.0,1.27,0.35,1.31,1.0305343511450382,1.62,16.89,21.0,2021
Cam Reddish,1629629,F,11.94,1.12,2.47,1.03,0.32,1.29,0.868217054263566,1.35,15.59,22.0,2022
Cam Reddish,1629629,F,6.07,0.67,1.4,0.8,0.27,0.87,0.7701149425287357,1.07,8.34,22.0,2022
Cam Reddish,1629629,F,10.14,0.98,2.14,0.96,0.31,1.16,0.8448275862068966,1.27,13.37,22.0,2022
Cam Reddish,1629629,F,8.4,1.0,1.55,0.75,0.4,0.75,1.3333333333333333,1.15,11.35,23.0,2023
Cam Reddish,1629629,F,10.95,1.85,2.85,1.2,0.3,1.6,1.15625,1.5,15.55,23.0,2023
Cam Reddish,1629629,F,9.68,1.42,2.2,0.98,0.35,1.18,1.2033898305084745,1.33,13.45,23.0,2023
Cam Reddish,1629629,F,5.42,1.0,2.06,0.98,0.29,0.65,1.5384615384615383,1.27,9.1,24.0,2024
Paul Reed,1630194,F,3.38,0.46,2.35,0.38,0.5,0.46,1.0,0.88,6.61,22.0,2021
Paul Reed,1630194,F,3.05,0.42,2.42,0.87,0.37,0.26,1.6153846153846152,1.24,6.87,23.0,2022
Paul Reed,1630194,F,4.16,0.39,3.8,0.67,0.74,0.65,0.6,1.41,9.11,24.0,2023
Paul Reed,1630194,F,7.32,1.33,5.95,0.82,1.02,0.82,1.6219512195121952,1.84,15.62,25.0,2024
Naz Reid,1629675,C,8.97,1.17,4.13,0.63,0.73,0.73,1.6027397260273972,1.36,14.9,20.0,2020
Naz Reid,1629675,C,11.2,1.03,4.6,0.49,1.09,0.99,1.0404040404040404,1.58,17.42,21.0,2021
Naz Reid,1629675,C,8.27,0.92,3.91,0.52,0.92,1.06,0.8679245283018868,1.44,13.48,22.0,2022
Naz Reid,1629675,C,11.49,1.13,4.9,0.62,0.78,1.35,0.8370370370370369,1.4,17.57,23.0,2023
Naz Reid,1629675,C,13.46,1.31,5.22,0.78,0.9,1.37,0.9562043795620436,1.68,20.3,24.0,2024
Jared Rhoden,1631197,G,3.21,0.29,2.64,0.29,0.07,0.21,1.380952380952381,0.36,6.29,23.0,2023
Jared Rhoden,1631197,G,4.88,0.82,1.94,0.18,0.76,0.41,2.0,0.94,8.17,24.0,2024
Nick Richards,1630208,C,0.83,0.11,0.61,0.0,0.0,0.17,0.6470588235294117,0.0,1.38,23.0,2021
Nick Richards,1630208,C,3.0,0.26,1.72,0.18,0.42,0.48,0.5416666666666667,0.6,5.1,24.0,2022
Nick Richards,1630208,C,8.18,0.58,6.4,0.17,1.09,0.91,0.6373626373626373,1.26,15.51,25.0,2023
Nick Richards,1630208,C,9.73,0.81,8.04,0.39,1.1,1.09,0.7431192660550459,1.49,18.98,26.0,2024
Josh Richardson,1626196,G,6.56,1.4,2.06,0.69,0.48,0.67,2.08955223880597,1.17,10.52,22.0,2016
Josh Richardson,1626196,G,10.17,2.64,3.17,1.13,0.74,1.23,2.1463414634146343,1.87,16.62,23.0,2017
Josh Richardson,1626196,G,12.9,2.85,3.52,1.49,0.93,1.73,1.647398843930636,2.42,19.96,24.0,2018
Josh Richardson,1626196,G,16.56,4.08,3.6,1.08,0.47,1.55,2.632258064516129,1.55,24.24,25.0,2019
Josh Richardson,1626196,G,13.73,2.95,3.16,0.95,0.65,1.89,1.560846560846561,1.6,19.55,26.0,2020
Josh Richardson,1626196,G,12.12,2.59,3.31,1.03,0.41,1.34,1.932835820895522,1.44,18.12,27.0,2021
Josh Richardson,1626196,G,9.7,1.5,2.84,0.77,0.52,0.89,1.6853932584269662,1.29,14.44,28.0,2022
Josh Richardson,1626196,G,11.38,2.33,2.86,1.05,0.29,1.29,1.806201550387597,1.34,16.62,28.0,2022
Josh Richardson,1626196,G,10.25,1.77,2.85,0.86,0.45,1.02,1.7352941176470589,1.31,15.16,28.0,2022
Josh Richardson,1626196,G,11.45,3.26,2.83,0.95,0.26,1.5,2.1733333333333333,1.21,17.25,29.0,2023
Josh Richardson,1626196,G,7.52,1.61,2.43,1.26,0.39,1.0,1.61,1.65,12.21,29.0,2023
Josh Richardson,1626196,G,10.06,2.68,2.69,1.06,0.31,1.32,2.0303030303030303,1.37,15.48,29.0,2023
Josh Richardson,1626196,G,9.88,2.44,2.81,0.56,0.33,0.84,2.9047619047619047,0.89,15.18,30.0,2024
Duncan Robinson,1629130,F,3.33,0.33,1.27,0.33,0.0,0.27,1.222222222222222,0.33,4.99,25.0,2019
Duncan Robinson,1629130,F,13.47,1.4,3.18,0.48,0.26,0.96,1.4583333333333333,0.74,17.83,26.0,2020
Duncan Robinson,1629130,F,13.08,1.76,3.47,0.6,0.28,1.12,1.5714285714285714,0.88,18.07,27.0,2021
Duncan Robinson,1629130,F,10.92,1.63,2.57,0.53,0.18,0.76,2.144736842105263,0.71,15.07,28.0,2022
Duncan Robinson,1629130,F,6.38,1.1,1.64,0.33,0.0,0.67,1.6417910447761197,0.33,8.78,29.0,2023
Duncan Robinson,1629130,F,12.87,2.82,2.54,0.68,0.24,1.4,2.0142857142857142,0.92,17.75,30.0,2024
Mitchell Robinson,1629011,C,7.35,0.56,6.41,0.79,2.44,0.53,1.0566037735849056,3.23,17.02,21.0,2019
Mitchell Robinson,1629011,C,9.67,0.59,7.02,0.85,1.95,0.61,0.9672131147540984,2.8,19.47,22.0,2020
Mitchell Robinson,1629011,C,8.26,0.55,8.13,1.13,1.45,0.84,0.6547619047619049,2.58,18.68,23.0,2021
Mitchell Robinson,1629011,C,8.47,0.53,8.57,0.81,1.85,0.83,0.6385542168674699,2.66,19.4,24.0,2022
Mitchell Robinson,1629011,C,7.37,0.9,9.41,0.95,1.85,0.69,1.3043478260869568,2.8,19.79,25.0,2023
Mitchell Robinson,1629011,C,5.58,0.58,8.48,1.19,1.13,0.81,0.7160493827160492,2.32,16.15,26.0,2024
Orlando Robinson,1631115,C,3.74,0.81,4.06,0.39,0.39,0.52,1.5576923076923077,0.78,8.87,22.0,2023
Orlando Robinson,1631115,C,2.75,0.94,2.33,0.19,0.22,0.5,1.88,0.41,5.93,23.0,2024
Jeremiah Robinson-Earl,1630526,F,7.47,1.0,5.59,0.59,0.31,0.8,1.25,0.9,14.16,21.0,2022
Jeremiah Robinson-Earl,1630526,F,6.79,1.0,4.19,0.56,0.26,0.44,2.272727272727273,0.82,12.36,22.0,2023
Jeremiah Robinson-Earl,1630526,F,2.95,0.54,1.95,0.26,0.1,0.41,1.3170731707317074,0.36,5.39,23.0,2024
David Roddy,1631223,F,6.66,0.84,2.76,0.41,0.27,0.81,1.037037037037037,0.68,10.13,22.0,2023
David Roddy,1631223,F,8.4,1.58,4.17,0.52,0.23,1.12,1.4107142857142856,0.75,13.78,23.0,2024
David Roddy,1631223,F,1.29,0.24,0.65,0.12,0.0,0.18,1.3333333333333333,0.12,2.12,23.0,2024
David Roddy,1631223,F,6.54,1.23,3.25,0.42,0.17,0.88,1.3977272727272727,0.59,10.73,23.0,2024
Ryan Rollins,1631157,G,1.92,0.5,1.0,0.08,0.08,1.33,0.3759398496240601,0.16,2.25,20.0,2023
Ryan Rollins,1631157,G,4.1,1.1,1.1,0.8,0.3,0.7,1.5714285714285716,1.1,6.7,21.0,2024
Ryan Rollins,1631157,G,1.0,1.0,0.67,0.67,0.0,0.33,3.0303030303030303,0.67,3.01,21.0,2024
Ryan Rollins,1631157,G,3.38,1.08,1.0,0.77,0.23,0.62,1.741935483870968,1.0,5.84,21.0,2024
Terry Rozier,1626179,G,1.85,0.95,1.62,0.15,0.03,0.49,1.9387755102040816,0.18,4.11,22.0,2016
Terry Rozier,1626179,G,5.54,1.77,3.07,0.61,0.15,0.64,2.765625,0.76,10.5,23.0,2017
Terry Rozier,1626179,G,11.25,2.9,4.7,1.0,0.24,1.0,2.9,1.24,19.09,24.0,2018
Terry Rozier,1626179,G,8.96,2.92,3.89,0.86,0.27,0.86,3.395348837209302,1.13,16.04,25.0,2019
Terry Rozier,1626179,G,18.0,4.11,4.38,0.97,0.16,2.24,1.8348214285714288,1.13,25.38,26.0,2020
Terry Rozier,1626179,G,20.39,4.25,4.38,1.26,0.38,1.86,2.2849462365591395,1.64,28.8,27.0,2021
Terry Rozier,1626179,G,19.29,4.47,4.32,1.27,0.34,1.32,3.386363636363636,1.61,28.37,28.0,2022
Terry Rozier,1626179,G,21.1,5.06,4.11,1.17,0.25,2.13,2.375586854460094,1.42,29.56,29.0,2023
Terry Rozier,1626179,G,23.2,6.6,3.9,1.07,0.4,2.17,3.0414746543778803,1.47,33.0,30.0,2024
Terry Rozier,1626179,G,16.42,4.65,4.19,1.0,0.29,1.32,3.522727272727273,1.29,25.23,30.0,2024
Terry Rozier,1626179,G,19.75,5.61,4.05,1.03,0.34,1.74,3.224137931034483,1.37,29.04,30.0,2024
Rayan Rupert,1641712,G,3.97,1.59,2.36,0.31,0.08,0.79,2.0126582278481013,0.39,7.52,20.0,2024
D'Angelo Russell,1626156,G,13.18,3.32,3.42,1.16,0.16,2.45,1.3551020408163263,1.32,18.79,20.0,2016
D'Angelo Russell,1626156,G,15.62,4.81,3.51,1.38,0.25,2.79,1.7240143369175625,1.63,22.78,21.0,2017
D'Angelo Russell,1626156,G,15.48,5.19,3.94,0.75,0.35,3.06,1.6960784313725492,1.1,22.65,22.0,2018
D'Angelo Russell,1626156,G,21.14,6.95,3.89,1.23,0.25,3.12,2.227564102564102,1.48,30.34,23.0,2019
D'Angelo Russell,1626156,G,23.61,6.24,3.7,0.94,0.27,3.06,2.0392156862745097,1.21,31.7,24.0,2020
D'Angelo Russell,1626156,G,21.67,6.58,4.58,1.42,0.33,3.83,1.7180156657963446,1.75,30.75,24.0,2020
D'Angelo Russell,1626156,G,23.09,6.33,3.93,1.07,0.29,3.27,1.9357798165137612,1.36,31.44,24.0,2020
D'Angelo Russell,1626156,G,18.95,5.81,2.64,1.07,0.43,2.67,2.176029962546816,1.5,26.23,25.0,2021
D'Angelo Russell,1626156,G,18.09,7.08,3.32,0.95,0.34,2.54,2.787401574803149,1.29,27.24,26.0,2022
D'Angelo Russell,1626156,G,17.91,6.19,3.06,1.11,0.39,2.72,2.275735294117647,1.5,25.94,27.0,2023
D'Angelo Russell,1626156,G,17.41,6.06,2.94,0.59,0.47,2.29,2.646288209606986,1.06,25.18,27.0,2023
D'Angelo Russell,1626156,G,17.79,6.15,3.03,0.99,0.41,2.62,2.3473282442748094,1.4,25.75,27.0,2023
D'Angelo Russell,1626156,G,18.01,6.34,3.11,0.91,0.47,2.05,3.0926829268292684,1.38,26.79,28.0,2024
Matt Ryan,1630346,F,3.0,0.0,0.0,1.0,0.0,0.0,0.0,1.0,4.0,25.0,2022
Matt Ryan,1630346,F,3.92,0.33,1.17,0.17,0.0,0.25,1.32,0.17,5.34,26.0,2023
Matt Ryan,1630346,F,3.41,0.55,0.55,0.14,0.05,0.18,3.055555555555556,0.19,4.52,26.0,2023
Matt Ryan,1630346,F,3.59,0.47,0.76,0.15,0.03,0.21,2.238095238095238,0.18,4.79,26.0,2023
Matt Ryan,1630346,F,5.43,0.64,1.43,0.21,0.04,0.68,0.9411764705882352,0.25,7.07,27.0,2024
Domantas Sabonis,1627734,F,5.91,1.01,3.56,0.48,0.4,1.02,0.9901960784313726,0.88,10.34,21.0,2017
Domantas Sabonis,1627734,F,11.64,2.04,7.73,0.54,0.43,1.85,1.1027027027027028,0.97,20.53,22.0,2018
Domantas Sabonis,1627734,F,14.09,2.86,9.32,0.65,0.41,2.16,1.324074074074074,1.06,25.17,23.0,2019
Domantas Sabonis,1627734,F,18.5,5.0,12.44,0.76,0.48,2.74,1.824817518248175,1.24,34.44,24.0,2020
Domantas Sabonis,1627734,F,20.32,6.69,11.97,1.23,0.53,3.44,1.9447674418604648,1.76,37.3,25.0,2021
Domantas Sabonis,1627734,F,18.89,5.02,12.06,0.98,0.47,3.04,1.651315789473684,1.45,34.38,26.0,2022
Domantas Sabonis,1627734,F,18.87,5.8,12.33,0.87,0.33,3.47,1.6714697406340056,1.2,34.73,26.0,2022
Domantas Sabonis,1627734,F,18.89,5.21,12.13,0.95,0.44,3.15,1.653968253968254,1.39,34.47,26.0,2022
Domantas Sabonis,1627734,F,19.11,7.25,12.32,0.82,0.49,2.91,2.491408934707904,1.31,37.08,27.0,2023
Domantas Sabonis,1627734,F,19.43,8.21,13.66,0.9,0.59,3.32,2.472891566265061,1.49,39.47,28.0,2024
Adama Sanogo,1641766,F,4.0,0.0,4.0,0.11,0.0,0.56,0.0,0.11,7.55,22.0,2024
Gui Santos,1630611,F,3.57,0.61,2.13,0.17,0.09,0.3,2.033333333333333,0.26,6.27,22.0,2024
Marcus Sasser,1631204,G,8.25,3.32,1.76,0.62,0.17,1.27,2.6141732283464565,0.79,12.85,23.0,2024
Dennis Schröder,203471,G,9.97,4.12,2.13,0.64,0.05,1.95,2.112820512820513,0.69,14.96,21.0,2015
Dennis Schröder,203471,G,10.99,4.36,2.55,0.88,0.11,2.29,1.903930131004367,0.99,16.6,22.0,2016
Dennis Schröder,203471,G,17.9,6.32,3.14,0.94,0.2,3.27,1.9327217125382263,1.14,25.23,23.0,2017
Dennis Schröder,203471,G,19.42,6.22,3.1,1.07,0.09,2.73,2.2783882783882783,1.16,27.17,24.0,2018
Dennis Schröder,203471,G,15.49,4.09,3.59,0.82,0.15,2.18,1.8761467889908252,0.97,21.96,25.0,2019
Dennis Schröder,203471,G,18.91,4.03,3.63,0.69,0.22,2.55,1.5803921568627453,0.91,24.93,26.0,2020
Dennis Schröder,203471,G,15.43,5.75,3.46,1.15,0.21,2.67,2.153558052434457,1.36,23.33,27.0,2021
Dennis Schröder,203471,G,14.37,4.24,3.35,0.84,0.1,2.12,2.0,0.94,20.78,28.0,2022
Dennis Schröder,203471,G,10.87,5.87,3.33,0.8,0.2,2.6,2.257692307692308,1.0,18.47,28.0,2022
Dennis Schröder,203471,G,13.55,4.62,3.34,0.83,0.12,2.23,2.071748878923767,0.95,20.23,28.0,2022
Dennis Schröder,203471,G,12.39,4.45,2.46,0.75,0.15,1.67,2.6646706586826348,0.9,18.53,29.0,2023
Dennis Schröder,203471,G,13.69,6.14,2.75,0.9,0.16,1.63,3.766871165644172,1.06,22.01,30.0,2024
Dennis Schröder,203471,G,14.62,6.03,3.52,0.59,0.31,2.41,2.5020746887966805,0.9,22.66,30.0,2024
Dennis Schröder,203471,G,14.02,6.1,3.02,0.79,0.21,1.91,3.193717277486911,1.0,22.23,30.0,2024
Alperen Sengun,1630578,C,9.61,2.57,5.46,0.82,0.94,2.01,1.2786069651741294,1.76,17.39,19.0,2022
Alperen Sengun,1630578,C,14.79,3.88,9.04,0.93,0.93,2.57,1.509727626459144,1.86,27.0,20.0,2023
Alperen Sengun,1630578,C,21.13,4.95,9.35,1.21,0.73,2.57,1.926070038910506,1.94,34.8,21.0,2024
Brice Sensabaugh,1641729,F,7.53,1.72,3.19,0.41,0.19,1.47,1.1700680272108843,0.6,11.57,20.0,2024
Collin Sexton,1629012,G,16.72,2.96,2.88,0.54,0.07,2.26,1.3097345132743363,0.61,20.91,20.0,2019
Collin Sexton,1629012,G,20.75,2.95,3.14,1.0,0.11,2.43,1.213991769547325,1.11,25.52,21.0,2020
Collin Sexton,1629012,G,24.33,4.37,3.12,1.03,0.17,2.78,1.5719424460431657,1.2,30.24,22.0,2021
Collin Sexton,1629012,G,16.0,2.09,3.27,0.91,0.0,2.82,0.7411347517730497,0.91,19.45,23.0,2022
Collin Sexton,1629012,G,14.27,2.88,2.19,0.56,0.12,1.77,1.6271186440677965,0.68,18.25,24.0,2023
Collin Sexton,1629012,G,18.69,4.91,2.63,0.79,0.23,2.12,2.3160377358490565,1.02,25.13,25.0,2024
Landry Shamet,1629013,G,8.31,1.09,1.44,0.44,0.15,0.48,2.270833333333333,0.59,10.95,22.0,2019
Landry Shamet,1629013,G,10.92,2.32,2.24,0.52,0.08,0.76,3.052631578947368,0.6,15.32,22.0,2019
Landry Shamet,1629013,G,9.14,1.48,1.7,0.47,0.13,0.57,2.5964912280701755,0.6,12.35,22.0,2019
Landry Shamet,1629013,G,9.28,1.87,1.89,0.38,0.19,0.79,2.367088607594937,0.57,12.82,23.0,2020
Landry Shamet,1629013,G,9.3,1.62,1.84,0.51,0.16,0.79,2.050632911392405,0.67,12.64,24.0,2021
Landry Shamet,1629013,G,8.3,1.57,1.83,0.41,0.13,0.59,2.661016949152543,0.54,11.65,25.0,2022
Landry Shamet,1629013,G,8.65,2.33,1.68,0.65,0.12,0.9,2.588888888888889,0.77,12.53,26.0,2023
Landry Shamet,1629013,G,7.11,1.17,1.35,0.54,0.22,0.65,1.7999999999999998,0.76,9.74,27.0,2024
Day'Ron Sharpe,1630549,C,6.19,0.53,5.0,0.31,0.47,0.94,0.5638297872340426,0.78,11.56,20.0,2022
Day'Ron Sharpe,1630549,C,4.73,0.77,4.17,0.31,0.67,0.88,0.875,0.98,9.77,21.0,2023
Day'Ron Sharpe,1630549,C,6.8,1.39,6.38,0.39,0.72,1.15,1.208695652173913,1.11,14.53,22.0,2024
Shaedon Sharpe,1631101,G,9.86,1.18,2.95,0.48,0.3,1.04,1.1346153846153846,0.78,13.73,20.0,2023
Shaedon Sharpe,1631101,G,15.94,2.94,5.0,0.88,0.38,2.25,1.3066666666666666,1.26,22.89,21.0,2024
Ben Sheppard,1641767,G,4.42,0.93,1.56,0.58,0.04,0.26,3.576923076923077,0.62,7.27,22.0,2024
Pascal Siakam,1627783,F,4.16,0.31,3.36,0.47,0.82,0.6,0.5166666666666667,1.29,8.52,23.0,2017
Pascal Siakam,1627783,F,7.27,1.96,4.49,0.77,0.52,0.83,2.36144578313253,1.29,14.18,24.0,2018
Pascal Siakam,1627783,F,16.92,3.1,6.86,0.91,0.65,1.92,1.6145833333333337,1.56,26.52,25.0,2019
Pascal Siakam,1627783,F,22.85,3.45,7.32,1.02,0.88,2.47,1.3967611336032388,1.9,33.05,26.0,2020
Pascal Siakam,1627783,F,21.36,4.46,7.23,1.14,0.66,2.32,1.9224137931034484,1.8,32.53,27.0,2021
Pascal Siakam,1627783,F,22.81,5.29,8.53,1.25,0.62,2.66,1.988721804511278,1.87,35.84,28.0,2022
Pascal Siakam,1627783,F,24.23,5.85,7.83,0.92,0.51,2.38,2.457983193277311,1.43,36.96,29.0,2023
Pascal Siakam,1627783,F,22.18,4.87,6.31,0.82,0.26,2.13,2.286384976525822,1.08,32.31,30.0,2024
Pascal Siakam,1627783,F,21.27,3.71,7.78,0.76,0.37,1.41,2.631205673758865,1.13,32.48,30.0,2024
Pascal Siakam,1627783,F,21.71,4.28,7.06,0.79,0.31,1.76,2.431818181818182,1.1,32.39,30.0,2024
Ben Simmons,1627732,G,15.79,8.16,8.14,1.73,0.86,3.43,2.379008746355685,2.59,31.25,21.0,2018
Ben Simmons,1627732,G,16.92,7.72,8.82,1.42,0.77,3.47,2.2247838616714697,2.19,32.18,22.0,2019
Ben Simmons,1627732,G,16.44,7.98,7.79,2.09,0.58,3.51,2.273504273504274,2.67,31.37,23.0,2020
Ben Simmons,1627732,G,14.29,6.91,7.19,1.6,0.6,2.98,2.3187919463087248,2.2,27.61,24.0,2021
Ben Simmons,1627732,G,6.93,6.1,6.26,1.29,0.57,2.31,2.6406926406926403,1.86,18.84,26.0,2023
Ben Simmons,1627732,G,6.13,5.73,7.93,0.8,0.6,1.8,3.1833333333333336,1.4,19.39,27.0,2024
Anfernee Simons,1629014,G,3.75,0.65,0.65,0.05,0.0,0.55,1.1818181818181817,0.05,4.55,20.0,2019
Anfernee Simons,1629014,G,8.27,1.39,2.17,0.37,0.14,0.87,1.5977011494252873,0.51,11.47,21.0,2020
Anfernee Simons,1629014,G,7.84,1.39,2.19,0.28,0.12,0.67,2.0746268656716413,0.4,11.15,22.0,2021
Anfernee Simons,1629014,G,17.33,3.88,2.65,0.53,0.11,2.02,1.9207920792079207,0.64,22.48,23.0,2022
Anfernee Simons,1629014,G,21.06,4.08,2.6,0.68,0.23,2.06,1.980582524271845,0.91,26.59,24.0,2023
Anfernee Simons,1629014,G,22.59,5.54,3.63,0.5,0.11,2.74,2.0218978102189777,0.61,29.63,25.0,2024
Jericho Sims,1630579,C,2.2,0.51,4.12,0.27,0.54,0.49,1.0408163265306123,0.81,7.15,23.0,2022
Jericho Sims,1630579,C,3.42,0.48,4.65,0.29,0.54,0.52,0.923076923076923,0.83,8.86,24.0,2023
Jericho Sims,1630579,C,2.04,0.56,3.27,0.18,0.42,0.36,1.5555555555555558,0.6,6.11,25.0,2024
Marcus Smart,203935,G,7.81,3.1,3.31,1.48,0.27,1.34,2.3134328358208958,1.75,14.63,21.0,2015
Marcus Smart,203935,G,9.15,3.03,4.18,1.49,0.3,1.31,2.312977099236641,1.79,16.84,22.0,2016
Marcus Smart,203935,G,10.57,4.61,3.86,1.58,0.43,2.01,2.293532338308458,2.01,19.04,23.0,2017
Marcus Smart,203935,G,10.19,4.8,3.48,1.31,0.43,2.39,2.00836820083682,1.74,17.82,24.0,2018
Marcus Smart,203935,G,8.85,4.01,2.92,1.79,0.35,1.54,2.6038961038961035,2.14,16.38,25.0,2019
Marcus Smart,203935,G,12.93,4.85,3.75,1.68,0.48,1.72,2.819767441860465,2.16,21.97,26.0,2020
Marcus Smart,203935,G,13.06,5.69,3.48,1.5,0.48,2.0,2.845,1.98,22.21,27.0,2021
Marcus Smart,203935,G,12.13,5.87,3.8,1.68,0.25,2.24,2.620535714285714,1.93,21.49,28.0,2022
Marcus Smart,203935,G,11.52,6.26,3.13,1.52,0.38,2.34,2.6752136752136755,1.9,20.47,29.0,2023
Marcus Smart,203935,G,14.45,4.3,2.65,2.05,0.25,3.1,1.3870967741935485,2.3,20.6,30.0,2024
Dru Smith,1630696,G,2.2,1.0,1.8,0.8,0.6,0.2,5.0,1.4,6.2,25.0,2023
Dru Smith,1630696,G,3.3,1.7,1.5,0.6,0.1,0.2,8.5,0.7,7.0,25.0,2023
Dru Smith,1630696,G,2.93,1.47,1.6,0.67,0.27,0.2,7.35,0.94,6.74,25.0,2023
Dru Smith,1630696,G,4.33,1.56,1.56,1.0,0.33,0.56,2.7857142857142856,1.33,8.22,26.0,2024
Jalen Smith,1630188,F,1.96,0.15,1.37,0.04,0.15,0.26,0.5769230769230769,0.19,3.41,21.0,2021
Jalen Smith,1630188,F,6.03,0.21,4.79,0.21,0.62,0.76,0.2763157894736842,0.83,11.1,22.0,2022
Jalen Smith,1630188,F,13.41,0.82,7.64,0.41,1.05,0.91,0.901098901098901,1.46,22.42,22.0,2022
Jalen Smith,1630188,F,9.22,0.47,6.02,0.29,0.8,0.82,0.573170731707317,1.09,15.98,22.0,2022
Jalen Smith,1630188,F,9.44,0.97,5.79,0.31,0.88,1.06,0.9150943396226414,1.19,16.33,23.0,2023
Jalen Smith,1630188,F,9.85,1.03,5.52,0.28,0.62,0.72,1.4305555555555556,0.9,16.58,24.0,2024
Jabari Smith Jr.,1631095,F,12.78,1.28,7.2,0.54,0.94,1.32,0.9696969696969696,1.48,21.42,20.0,2023
Jabari Smith Jr.,1631095,F,13.74,1.59,8.11,0.68,0.8,1.17,1.358974358974359,1.48,23.75,21.0,2024
Nick Smith Jr.,1641733,G,5.92,1.16,1.41,0.2,0.14,0.76,1.526315789473684,0.34,8.07,20.0,2024
Jeremy Sochan,1631110,F,10.96,2.54,5.27,0.77,0.41,1.73,1.4682080924855492,1.18,18.22,20.0,2023
Jeremy Sochan,1631110,F,11.64,3.36,6.43,0.84,0.54,1.89,1.777777777777778,1.38,20.92,21.0,2024
Pat Spencer,1630311,G,0.67,0.83,0.67,0.0,0.0,0.17,4.88235294117647,0.0,2.0,27.0,2024
Jaden Springer,1630531,G,1.0,0.0,1.0,0.0,1.0,0.5,0.0,1.0,2.5,19.0,2022
Jaden Springer,1630531,G,2.62,0.5,0.88,0.44,0.19,0.19,2.631578947368421,0.63,4.44,20.0,2023
Jaden Springer,1630531,G,4.0,1.09,1.81,0.78,0.34,0.81,1.345679012345679,1.12,7.21,21.0,2024
Jaden Springer,1630531,G,2.06,0.53,1.18,0.65,0.24,0.47,1.1276595744680853,0.89,4.19,21.0,2024
Jaden Springer,1630531,G,3.33,0.9,1.59,0.73,0.31,0.69,1.3043478260869568,1.04,6.17,21.0,2024
Lamar Stevens,1630205,F,4.12,0.62,2.4,0.42,0.32,0.57,1.087719298245614,0.74,7.31,23.0,2021
Lamar Stevens,1630205,F,6.08,0.7,2.6,0.49,0.29,0.65,1.0769230769230769,0.78,9.51,24.0,2022
Lamar Stevens,1630205,F,5.29,0.53,3.34,0.44,0.31,0.44,1.2045454545454546,0.75,9.47,25.0,2023
Lamar Stevens,1630205,F,2.79,0.42,1.63,0.32,0.26,0.47,0.8936170212765958,0.58,4.95,26.0,2024
Lamar Stevens,1630205,F,11.53,1.05,5.05,0.89,0.89,0.79,1.3291139240506329,1.78,18.62,26.0,2024
Lamar Stevens,1630205,F,7.16,0.74,3.34,0.61,0.58,0.63,1.1746031746031746,1.19,11.8,26.0,2024
Isaiah Stewart,1630191,F,7.9,0.87,6.66,0.57,1.26,0.99,0.8787878787878788,1.83,16.27,20.0,2021
Isaiah Stewart,1630191,F,8.3,1.15,8.69,0.31,1.1,1.2,0.9583333333333331,1.41,18.35,21.0,2022
Isaiah Stewart,1630191,F,11.34,1.4,8.06,0.4,0.68,1.36,1.0294117647058822,1.08,20.52,22.0,2023
Isaiah Stewart,1630191,F,10.93,1.59,6.63,0.37,0.83,1.43,1.111888111888112,1.2,18.92,23.0,2024
Julian Strawther,1631124,G,4.54,0.94,1.22,0.34,0.14,0.46,2.043478260869565,0.48,6.72,22.0,2024
Max Strus,1629622,G,2.5,0.0,0.5,0.0,0.0,0.0,0.0,0.0,3.0,24.0,2020
Max Strus,1629622,G,6.05,0.62,1.05,0.28,0.05,0.21,2.952380952380953,0.33,7.84,25.0,2021
Max Strus,1629622,G,10.6,1.35,2.97,0.41,0.24,0.84,1.6071428571428572,0.65,14.73,26.0,2022
Max Strus,1629622,G,11.54,2.14,3.22,0.52,0.15,0.88,2.431818181818182,0.67,16.69,27.0,2023
Max Strus,1629622,G,12.19,4.04,4.83,0.91,0.41,1.6,2.525,1.32,20.78,28.0,2024
Jalen Suggs,1630591,G,11.75,4.35,3.56,1.23,0.4,2.98,1.459731543624161,1.63,18.31,21.0,2022
Jalen Suggs,1630591,G,9.89,2.92,3.04,1.26,0.51,1.77,1.6497175141242937,1.77,15.85,22.0,2023
Jalen Suggs,1630591,G,12.57,2.73,3.05,1.41,0.63,1.76,1.5511363636363635,2.04,18.63,23.0,2024
Cole Swider,1631306,F,2.33,0.28,0.39,0.06,0.06,0.44,0.6363636363636365,0.12,2.68,25.0,2024
Jae'Sean Tate,1630256,F,11.34,2.54,5.34,1.21,0.51,1.4,1.8142857142857145,1.72,19.54,25.0,2021
Jae'Sean Tate,1630256,F,11.78,2.85,5.38,0.92,0.53,1.78,1.601123595505618,1.45,19.68,26.0,2022
Jae'Sean Tate,1630256,F,9.13,2.71,3.81,0.68,0.23,1.52,1.7828947368421053,0.91,15.04,27.0,2023
Jae'Sean Tate,1630256,F,4.08,0.98,3.03,0.65,0.23,0.57,1.719298245614035,0.88,8.4,28.0,2024
Jayson Tatum,1628369,F,13.9,1.6,5.03,1.04,0.72,1.42,1.1267605633802815,1.76,20.87,20.0,2018
Jayson Tatum,1628369,F,15.73,2.13,6.04,1.06,0.72,1.54,1.383116883116883,1.78,24.14,21.0,2019
Jayson Tatum,1628369,F,23.44,3.03,6.97,1.41,0.86,2.35,1.2893617021276595,2.27,33.36,22.0,2020
Jayson Tatum,1628369,F,26.44,4.31,7.38,1.17,0.48,2.67,1.6142322097378277,1.65,37.11,23.0,2021
Jayson Tatum,1628369,F,26.92,4.39,8.01,0.99,0.64,2.86,1.534965034965035,1.63,38.09,24.0,2022
Jayson Tatum,1628369,F,30.07,4.62,8.77,1.05,0.69,2.88,1.6041666666666667,1.74,42.32,25.0,2023
Jayson Tatum,1628369,F,26.85,4.92,8.12,1.01,0.58,2.54,1.937007874015748,1.59,38.94,26.0,2024
Terry Taylor,1630678,F,9.64,1.24,5.21,0.42,0.24,0.7,1.7714285714285716,0.66,16.05,22.0,2022
Terry Taylor,1630678,F,2.65,0.38,1.5,0.12,0.19,0.35,1.085714285714286,0.31,4.49,23.0,2023
Terry Taylor,1630678,F,4.0,0.0,1.6,0.0,0.2,0.0,0.0,0.2,5.8,23.0,2023
Terry Taylor,1630678,F,2.87,0.32,1.52,0.1,0.19,0.29,1.1034482758620692,0.29,4.71,23.0,2023
Terry Taylor,1630678,F,1.48,0.32,1.19,0.16,0.06,0.23,1.391304347826087,0.22,2.98,24.0,2024
Garrett Temple,202066,G,3.92,1.08,1.73,0.81,0.17,0.65,1.6615384615384616,0.98,7.06,29.0,2015
Garrett Temple,202066,G,7.28,1.75,2.65,0.86,0.22,0.8,2.1875,1.08,11.96,30.0,2016
Garrett Temple,202066,G,7.78,2.58,2.83,1.29,0.43,1.2,2.1500000000000004,1.72,13.71,31.0,2017
Garrett Temple,202066,G,8.42,1.91,2.34,0.88,0.42,1.22,1.5655737704918034,1.3,12.75,32.0,2018
Garrett Temple,202066,G,9.45,1.41,3.1,1.02,0.51,1.1,1.2818181818181815,1.53,14.39,33.0,2019
Garrett Temple,202066,G,4.73,1.42,2.46,1.0,0.19,0.62,2.290322580645161,1.19,9.18,33.0,2019
Garrett Temple,202066,G,7.81,1.41,2.88,1.01,0.4,0.93,1.5161290322580645,1.41,12.58,33.0,2019
Garrett Temple,202066,G,10.34,2.52,3.52,0.79,0.47,1.0,2.52,1.26,16.64,34.0,2020
Garrett Temple,202066,G,7.55,2.21,2.86,0.77,0.54,1.04,2.125,1.31,12.89,35.0,2021
Garrett Temple,202066,G,5.24,1.25,2.42,0.73,0.39,0.71,1.7605633802816902,1.12,9.32,36.0,2022
Garrett Temple,202066,G,2.0,0.52,0.68,0.36,0.08,0.16,3.25,0.44,3.48,37.0,2023
Garrett Temple,202066,G,3.26,1.04,1.67,0.44,0.11,0.52,2.0,0.55,6.0,38.0,2024
Dalen Terry,1631207,F,2.24,0.58,0.97,0.29,0.13,0.21,2.761904761904762,0.42,4.0,20.0,2023
Dalen Terry,1631207,F,3.05,1.37,1.92,0.46,0.31,0.54,2.537037037037037,0.77,6.57,21.0,2024
Daniel Theis,1628464,F,5.25,0.89,4.35,0.48,0.76,0.89,1.0,1.24,10.84,26.0,2018
Daniel Theis,1628464,F,5.67,1.03,3.41,0.32,0.64,0.5,2.06,0.96,10.57,27.0,2019
Daniel Theis,1628464,F,9.25,1.71,6.55,0.57,1.29,0.83,2.060240963855421,1.86,18.54,28.0,2020
Daniel Theis,1628464,F,9.45,1.6,5.24,0.6,1.02,0.98,1.6326530612244898,1.62,16.93,29.0,2021
Daniel Theis,1628464,F,10.0,1.78,5.91,0.7,0.61,1.09,1.6330275229357798,1.31,17.91,29.0,2021
Daniel Theis,1628464,F,9.65,1.66,5.48,0.63,0.88,1.02,1.6274509803921569,1.51,17.28,29.0,2021
Daniel Theis,1628464,F,8.38,0.77,5.0,0.42,0.65,1.19,0.6470588235294118,1.07,14.03,30.0,2022
Daniel Theis,1628464,F,7.9,1.0,4.67,0.43,0.67,0.71,1.4084507042253522,1.1,13.96,30.0,2022
Daniel Theis,1628464,F,8.17,0.87,4.85,0.43,0.66,0.98,0.8877551020408163,1.09,14.0,30.0,2022
Daniel Theis,1628464,F,7.0,1.29,3.14,0.29,0.86,0.43,3.0,1.15,12.15,31.0,2023
Daniel Theis,1628464,F,2.0,0.0,0.0,0.0,0.0,0.0,0.0,0.0,2.0,32.0,2024
Daniel Theis,1628464,F,6.34,1.03,4.14,0.36,0.86,0.71,1.4507042253521127,1.22,12.02,32.0,2024
Daniel Theis,1628464,F,6.27,1.02,4.07,0.35,0.85,0.7,1.4571428571428573,1.2,11.86,32.0,2024
Cam Thomas,1630560,G,8.51,1.16,2.4,0.49,0.12,0.82,1.4146341463414631,0.61,11.86,20.0,2022
Cam Thomas,1630560,G,10.6,1.37,1.67,0.35,0.12,1.11,1.2342342342342345,0.47,13.0,21.0,2023
Cam Thomas,1630560,G,22.45,2.91,3.24,0.68,0.24,1.88,1.547872340425532,0.92,27.64,22.0,2024
Amen Thompson,1641708,G,9.55,2.63,6.6,1.26,0.61,1.45,1.813793103448276,1.87,19.2,21.0,2024
Ausar Thompson,1641709,G,8.83,1.9,6.38,1.08,0.94,1.33,1.4285714285714284,2.02,17.8,21.0,2024
Klay Thompson,202691,G,21.66,2.88,3.21,1.13,0.78,1.94,1.4845360824742269,1.91,27.72,25.0,2015
Klay Thompson,202691,G,22.14,2.08,3.82,0.75,0.61,1.72,1.2093023255813955,1.36,27.68,26.0,2016
Klay Thompson,202691,G,22.33,2.05,3.65,0.85,0.51,1.64,1.25,1.36,27.75,27.0,2017
Klay Thompson,202691,G,20.01,2.53,3.79,0.75,0.47,1.75,1.4457142857142855,1.22,25.8,28.0,2018
Klay Thompson,202691,G,21.54,2.38,3.83,1.08,0.6,1.47,1.619047619047619,1.68,27.96,29.0,2019
Klay Thompson,202691,G,20.38,2.75,3.91,0.5,0.53,1.34,2.0522388059701493,1.03,26.73,32.0,2022
Klay Thompson,202691,G,21.87,2.36,4.14,0.71,0.42,1.78,1.3258426966292134,1.13,27.72,33.0,2023
Klay Thompson,202691,G,17.86,2.29,3.3,0.65,0.45,1.52,1.506578947368421,1.1,23.03,34.0,2024
Tristan Thompson,202684,C,8.45,0.48,8.01,0.41,0.74,1.01,0.4752475247524752,1.15,17.08,24.0,2015
Tristan Thompson,202684,C,7.84,0.76,9.0,0.46,0.62,0.74,1.027027027027027,1.08,17.94,25.0,2016
Tristan Thompson,202684,C,8.08,0.99,9.17,0.5,1.08,0.82,1.2073170731707317,1.58,19.0,26.0,2017
Tristan Thompson,202684,C,5.79,0.62,6.64,0.3,0.32,0.68,0.9117647058823528,0.62,12.99,27.0,2018
Tristan Thompson,202684,C,10.93,2.0,10.19,0.65,0.37,1.37,1.45985401459854,1.02,22.77,28.0,2019
Tristan Thompson,202684,C,12.0,2.11,10.12,0.58,0.88,1.81,1.165745856353591,1.46,23.88,29.0,2020
Tristan Thompson,202684,C,7.57,1.24,8.13,0.44,0.61,1.15,1.0782608695652174,1.05,16.84,30.0,2021
Tristan Thompson,202684,C,6.17,0.6,5.37,0.37,0.4,0.97,0.6185567010309279,0.77,11.94,31.0,2022
Tristan Thompson,202684,C,7.25,0.5,4.5,0.0,0.5,1.0,0.5,0.5,11.75,31.0,2022
Tristan Thompson,202684,C,5.65,0.61,4.74,0.52,0.3,0.52,1.173076923076923,0.82,11.3,31.0,2022
Tristan Thompson,202684,C,6.04,0.6,5.05,0.4,0.37,0.79,0.7594936708860759,0.77,11.67,31.0,2022
Tristan Thompson,202684,C,3.29,1.04,3.55,0.24,0.29,0.59,1.7627118644067798,0.53,7.82,33.0,2024
JT Thor,1630550,F,2.03,0.58,1.3,0.24,0.33,0.3,1.9333333333333331,0.57,4.18,19.0,2022
JT Thor,1630550,F,3.8,0.52,2.2,0.32,0.33,0.64,0.8125,0.65,6.53,20.0,2023
JT Thor,1630550,F,3.16,0.46,2.32,0.17,0.43,0.24,1.9166666666666667,0.6,6.3,21.0,2024
Matisse Thybulle,1629680,G,4.69,1.22,1.65,1.43,0.72,0.78,1.564102564102564,2.15,8.93,23.0,2020
Matisse Thybulle,1629680,G,3.92,0.97,1.91,1.62,1.09,0.49,1.9795918367346936,2.71,9.02,24.0,2021
Matisse Thybulle,1629680,G,5.74,1.14,2.29,1.74,1.08,0.59,1.9322033898305084,2.82,11.4,25.0,2022
Matisse Thybulle,1629680,G,2.65,0.47,1.29,0.92,0.29,0.16,2.9375,1.21,5.46,26.0,2023
Matisse Thybulle,1629680,G,7.41,1.36,3.5,1.73,0.82,0.73,1.863013698630137,2.55,14.09,26.0,2023
Matisse Thybulle,1629680,G,4.13,0.75,1.97,1.17,0.45,0.34,2.205882352941176,1.62,8.13,26.0,2023
Matisse Thybulle,1629680,G,5.45,1.38,2.09,1.74,0.75,0.62,2.225806451612903,2.49,10.79,27.0,2024
Xavier Tillman,1630214,F,6.61,1.27,4.34,0.75,0.56,0.76,1.6710526315789471,1.31,12.77,22.0,2021
Xavier Tillman,1630214,F,4.75,1.17,3.04,0.92,0.28,0.64,1.828125,1.2,9.52,23.0,2022
Xavier Tillman,1630214,F,7.03,1.57,5.03,0.95,0.48,0.72,2.180555555555556,1.43,14.34,24.0,2023
Xavier Tillman,1630214,F,6.0,1.68,4.62,1.24,1.03,0.85,1.9764705882352944,2.27,13.72,25.0,2024
Xavier Tillman,1630214,F,4.0,1.0,2.7,0.45,0.45,0.25,4.0,0.9,8.35,25.0,2024
Xavier Tillman,1630214,F,5.26,1.43,3.91,0.94,0.81,0.63,2.2698412698412698,1.75,11.72,25.0,2024
Jacob Toppin,1631210,F,1.44,0.33,0.78,0.0,0.11,0.11,3.0,0.11,2.55,24.0,2024
Obi Toppin,1630167,F,4.08,0.47,2.23,0.27,0.24,0.37,1.2702702702702702,0.51,6.92,23.0,2021
Obi Toppin,1630167,F,9.0,1.07,3.72,0.35,0.46,0.78,1.3717948717948718,0.81,13.82,24.0,2022
Obi Toppin,1630167,F,7.42,0.99,2.79,0.34,0.18,0.57,1.736842105263158,0.52,11.15,25.0,2023
Obi Toppin,1630167,F,10.28,1.56,3.9,0.57,0.52,0.84,1.8571428571428568,1.09,15.99,26.0,2024
Karl-Anthony Towns,1626157,C,18.33,1.96,10.46,0.71,1.68,2.23,0.8789237668161435,2.39,30.91,20.0,2016
Karl-Anthony Towns,1626157,C,25.13,2.68,12.28,0.68,1.26,2.59,1.034749034749035,1.94,39.44,21.0,2017
Karl-Anthony Towns,1626157,C,21.26,2.43,12.34,0.78,1.4,1.94,1.252577319587629,2.18,36.27,22.0,2018
Karl-Anthony Towns,1626157,C,24.42,3.36,12.39,0.87,1.62,3.12,1.0769230769230769,2.49,39.54,23.0,2019
Karl-Anthony Towns,1626157,C,26.46,4.37,10.8,0.94,1.2,3.14,1.39171974522293,2.14,40.63,24.0,2020
Karl-Anthony Towns,1626157,C,24.78,4.5,10.58,0.78,1.14,3.2,1.40625,1.92,38.58,25.0,2021
Karl-Anthony Towns,1626157,C,24.57,3.64,9.82,0.97,1.12,3.05,1.1934426229508197,2.09,37.07,26.0,2022
Karl-Anthony Towns,1626157,C,20.76,4.83,8.14,0.69,0.59,2.97,1.626262626262626,1.28,32.04,27.0,2023
Karl-Anthony Towns,1626157,C,21.76,3.05,8.31,0.69,0.66,2.85,1.0701754385964912,1.35,31.62,28.0,2024
Gary Trent Jr.,1629018,G,2.67,0.33,0.73,0.07,0.13,0.27,1.222222222222222,0.2,3.66,20.0,2019
Gary Trent Jr.,1629018,G,8.87,1.0,1.64,0.79,0.26,0.34,2.941176470588235,1.05,12.22,21.0,2020
Gary Trent Jr.,1629018,G,14.95,1.41,2.22,0.9,0.15,0.76,1.8552631578947367,1.05,18.87,22.0,2021
Gary Trent Jr.,1629018,G,16.18,1.29,3.59,1.12,0.24,0.71,1.8169014084507045,1.36,21.71,22.0,2021
Gary Trent Jr.,1629018,G,15.31,1.38,2.62,0.97,0.17,0.74,1.8648648648648647,1.14,19.71,22.0,2021
Gary Trent Jr.,1629018,G,18.33,2.01,2.73,1.74,0.27,1.04,1.9326923076923077,2.01,24.04,23.0,2022
Gary Trent Jr.,1629018,G,17.39,1.61,2.62,1.58,0.21,0.83,1.9397590361445785,1.79,22.58,24.0,2023
Gary Trent Jr.,1629018,G,13.72,1.68,2.65,1.08,0.14,0.66,2.5454545454545454,1.22,18.61,25.0,2024
P.J. Tucker,200782,F,9.14,1.56,6.44,1.37,0.29,1.23,1.2682926829268293,1.66,17.57,30.0,2015
P.J. Tucker,200782,F,7.95,2.16,6.24,1.29,0.24,1.35,1.6,1.53,16.53,31.0,2016
P.J. Tucker,200782,F,7.04,1.28,6.0,1.49,0.25,0.91,1.4065934065934065,1.74,15.15,32.0,2017
P.J. Tucker,200782,F,5.79,1.08,5.38,1.29,0.21,0.58,1.862068965517241,1.5,13.17,32.0,2017
P.J. Tucker,200782,F,6.67,1.22,5.81,1.43,0.23,0.81,1.5061728395061726,1.66,14.55,32.0,2017
P.J. Tucker,200782,F,6.12,0.94,5.57,0.95,0.32,0.9,1.0444444444444445,1.27,13.0,33.0,2018
P.J. Tucker,200782,F,7.33,1.17,5.84,1.61,0.48,0.77,1.5194805194805194,2.09,15.66,34.0,2019
P.J. Tucker,200782,F,6.94,1.6,6.61,1.07,0.5,1.0,1.6,1.57,15.72,35.0,2020
P.J. Tucker,200782,F,4.41,1.41,4.62,0.91,0.56,1.03,1.3689320388349513,1.47,10.88,36.0,2021
P.J. Tucker,200782,F,2.6,0.8,2.8,0.5,0.1,0.35,2.285714285714286,0.6,6.45,36.0,2021
P.J. Tucker,200782,F,3.71,1.17,3.92,0.75,0.38,0.77,1.5194805194805194,1.13,9.16,36.0,2021
P.J. Tucker,200782,F,7.59,2.1,5.45,0.82,0.21,0.93,2.258064516129032,1.03,15.24,37.0,2022
P.J. Tucker,200782,F,3.55,0.8,3.93,0.52,0.2,0.59,1.355932203389831,0.72,8.41,38.0,2023
P.J. Tucker,200782,F,2.0,0.0,4.67,1.0,0.67,0.67,0.0,1.67,7.67,39.0,2024
P.J. Tucker,200782,F,1.64,0.57,2.54,0.46,0.18,0.21,2.714285714285714,0.64,5.18,39.0,2024
P.J. Tucker,200782,F,1.68,0.52,2.74,0.52,0.23,0.26,2.0,0.75,5.43,39.0,2024
Myles Turner,1626167,C,10.32,0.68,5.53,0.42,1.43,1.12,0.6071428571428571,1.85,17.26,20.0,2016
Myles Turner,1626167,C,14.48,1.31,7.27,0.91,2.12,1.3,1.0076923076923077,3.03,24.79,21.0,2017
Myles Turner,1626167,C,12.74,1.34,6.42,0.58,1.82,1.48,0.9054054054054056,2.4,21.42,22.0,2018
Myles Turner,1626167,C,13.3,1.55,7.18,0.81,2.69,1.35,1.148148148148148,3.5,24.18,23.0,2019
Myles Turner,1626167,C,12.08,1.16,6.56,0.74,2.13,1.37,0.8467153284671531,2.87,21.3,24.0,2020
Myles Turner,1626167,C,12.6,1.02,6.51,0.85,3.38,1.43,0.7132867132867133,4.23,22.93,25.0,2021
Myles Turner,1626167,C,12.86,1.05,7.07,0.67,2.81,1.29,0.813953488372093,3.48,23.17,26.0,2022
Myles Turner,1626167,C,17.95,1.44,7.52,0.58,2.26,1.66,0.8674698795180723,2.84,28.09,27.0,2023
Myles Turner,1626167,C,17.05,1.3,6.92,0.51,1.87,1.42,0.915492957746479,2.38,26.23,28.0,2024
Hunter Tyson,1641816,F,1.11,0.11,0.5,0.06,0.0,0.11,1.0,0.06,1.67,24.0,2024
Stanley Umude,1630649,G,2.0,0.0,0.0,1.0,1.0,0.0,0.0,2.0,4.0,24.0,2023
Stanley Umude,1630649,G,5.29,0.46,2.12,0.33,0.29,0.58,0.7931034482758622,0.62,7.91,25.0,2024
Jonas Valančiūnas,202685,C,12.04,0.49,8.66,0.41,1.19,1.36,0.3602941176470587,1.6,21.43,23.0,2015
Jonas Valančiūnas,202685,C,12.8,0.7,9.12,0.42,1.33,1.42,0.4929577464788732,1.75,22.95,24.0,2016
Jonas Valančiūnas,202685,C,11.99,0.71,9.49,0.46,0.79,1.32,0.5378787878787878,1.25,22.12,25.0,2017
Jonas Valančiūnas,202685,C,12.73,1.05,8.57,0.38,0.9,1.49,0.7046979865771812,1.28,22.14,26.0,2018
Jonas Valančiūnas,202685,C,12.8,0.97,7.2,0.43,0.77,1.3,0.7461538461538461,1.2,20.87,27.0,2019
Jonas Valančiūnas,202685,C,19.95,2.16,10.68,0.32,1.58,2.68,0.8059701492537313,1.9,32.01,27.0,2019
Jonas Valančiūnas,202685,C,15.57,1.43,8.55,0.39,1.08,1.84,0.7771739130434782,1.47,25.18,27.0,2019
Jonas Valančiūnas,202685,C,14.91,1.87,11.26,0.43,1.09,1.81,1.0331491712707184,1.52,27.75,28.0,2020
Jonas Valančiūnas,202685,C,17.06,1.81,12.52,0.56,0.92,1.61,1.124223602484472,1.48,31.26,29.0,2021
Jonas Valančiūnas,202685,C,17.76,2.57,11.39,0.55,0.81,2.42,1.06198347107438,1.36,30.66,30.0,2022
Jonas Valančiūnas,202685,C,14.11,1.77,10.18,0.25,0.66,2.01,0.8805970149253732,0.91,24.96,31.0,2023
Jonas Valančiūnas,202685,C,12.22,2.11,8.79,0.39,0.83,1.35,1.5629629629629629,1.22,22.99,32.0,2024
Fred VanVleet,1627832,G,2.89,0.95,1.14,0.43,0.08,0.41,2.317073170731707,0.51,5.08,23.0,2017
Fred VanVleet,1627832,G,8.63,3.2,2.42,0.89,0.25,0.97,3.2989690721649487,1.14,14.42,24.0,2018
Fred VanVleet,1627832,G,10.95,4.8,2.61,0.89,0.31,1.28,3.75,1.2,18.28,25.0,2019
Fred VanVleet,1627832,G,17.63,6.61,3.76,1.85,0.31,2.24,2.950892857142857,2.16,27.92,26.0,2020
Fred VanVleet,1627832,G,19.6,6.31,4.23,1.67,0.71,1.83,3.4480874316939887,2.38,30.69,27.0,2021
Fred VanVleet,1627832,G,20.31,6.68,4.45,1.71,0.54,2.62,2.5496183206106866,2.25,31.07,28.0,2022
Fred VanVleet,1627832,G,19.35,7.17,4.06,1.78,0.55,2.03,3.5320197044334978,2.33,30.88,29.0,2023
Fred VanVleet,1627832,G,17.4,8.07,3.81,1.38,0.81,1.73,4.664739884393064,2.19,29.74,30.0,2024
Jarred Vanderbilt,1629020,F,1.41,0.18,1.35,0.35,0.06,0.47,0.3829787234042553,0.41,2.88,20.0,2019
Jarred Vanderbilt,1629020,F,1.11,0.22,0.89,0.33,0.11,0.78,0.282051282051282,0.44,1.88,21.0,2020
Jarred Vanderbilt,1629020,F,1.0,0.0,0.5,0.0,0.0,0.0,0.0,0.0,1.5,21.0,2020
Jarred Vanderbilt,1629020,F,1.09,0.18,0.82,0.27,0.09,0.64,0.28125,0.36,1.81,21.0,2020
Jarred Vanderbilt,1629020,F,5.38,1.19,5.75,1.0,0.72,0.83,1.4337349397590362,1.72,13.21,22.0,2021
Jarred Vanderbilt,1629020,F,6.92,1.27,8.43,1.34,0.62,0.99,1.2828282828282829,1.96,17.59,23.0,2022
Jarred Vanderbilt,1629020,F,8.31,2.73,7.87,1.02,0.29,1.31,2.0839694656488548,1.31,18.91,24.0,2023
Jarred Vanderbilt,1629020,F,7.19,1.62,6.65,1.15,0.23,1.12,1.4464285714285714,1.38,15.72,24.0,2023
Jarred Vanderbilt,1629020,F,7.94,2.36,7.46,1.06,0.27,1.24,1.9032258064516128,1.33,17.85,24.0,2023
Jarred Vanderbilt,1629020,F,5.17,1.24,4.76,1.24,0.17,0.97,1.2783505154639176,1.41,11.61,25.0,2024
Devin Vassell,1630170,G,5.5,0.9,2.81,0.69,0.29,0.35,2.571428571428572,0.98,9.84,20.0,2021
Devin Vassell,1630170,G,12.28,1.92,4.31,1.07,0.58,0.82,2.341463414634146,1.65,19.34,21.0,2022
Devin Vassell,1630170,G,18.5,3.58,3.89,1.13,0.45,1.5,2.3866666666666667,1.58,26.05,22.0,2023
Devin Vassell,1630170,G,19.46,4.07,3.84,1.07,0.34,1.59,2.559748427672956,1.41,27.19,23.0,2024
Gabe Vincent,1629216,G,2.44,0.67,0.56,0.56,0.0,0.11,6.090909090909091,0.56,4.12,24.0,2020
Gabe Vincent,1629216,G,4.84,1.34,1.12,0.42,0.04,0.68,1.9705882352941173,0.46,7.08,25.0,2021
Gabe Vincent,1629216,G,8.69,3.09,1.85,0.91,0.18,1.44,2.145833333333333,1.09,13.28,26.0,2022
Gabe Vincent,1629216,G,9.43,2.46,2.13,0.91,0.07,1.35,1.822222222222222,0.98,13.65,27.0,2023
Gabe Vincent,1629216,G,3.09,1.91,0.82,0.82,0.0,0.45,4.2444444444444445,0.82,6.19,28.0,2024
Tristan Vukcevic,1641774,F,8.5,1.3,3.6,0.5,0.7,1.0,1.3,1.2,13.6,21.0,2024
Nikola Vučević,202696,C,19.3,1.99,10.95,0.73,0.73,2.0,0.995,1.46,31.7,24.0,2015
Nikola Vučević,202696,C,18.17,2.75,8.86,0.82,1.08,1.89,1.4550264550264551,1.9,29.79,25.0,2016
Nikola Vučević,202696,C,14.61,2.77,10.39,1.01,0.99,1.56,1.7756410256410255,2.0,28.21,26.0,2017
Nikola Vučević,202696,C,16.47,3.35,9.18,0.98,1.09,1.91,1.7539267015706808,2.07,29.16,27.0,2018
Nikola Vučević,202696,C,20.81,3.84,12.0,1.01,1.11,1.99,1.92964824120603,2.12,36.78,28.0,2019
Nikola Vučević,202696,C,19.6,3.58,10.85,0.87,0.76,1.42,2.5211267605633805,1.63,34.24,29.0,2020
Nikola Vučević,202696,C,24.55,3.8,11.75,0.95,0.64,1.89,2.0105820105820107,1.59,39.8,30.0,2021
Nikola Vučević,202696,C,21.5,3.92,11.54,0.88,0.77,1.65,2.375757575757576,1.65,36.96,30.0,2021
Nikola Vučević,202696,C,23.41,3.84,11.67,0.93,0.69,1.8,2.1333333333333333,1.62,38.74,30.0,2021
Nikola Vučević,202696,C,17.64,3.23,11.01,0.96,0.97,1.86,1.736559139784946,1.93,31.95,31.0,2022
Nikola Vučević,202696,C,17.65,3.23,11.01,0.73,0.7,1.7,1.9,1.43,31.62,32.0,2023
Nikola Vučević,202696,C,18.03,3.34,10.54,0.66,0.79,1.58,2.113924050632911,1.45,31.78,33.0,2024
Dean Wade,1629731,F,1.67,0.17,1.58,0.17,0.33,0.25,0.68,0.5,3.67,23.0,2020
Dean Wade,1629731,F,5.97,1.17,3.41,0.56,0.33,0.48,2.4375,0.89,10.96,24.0,2021
Dean Wade,1629731,F,5.27,1.02,2.94,0.57,0.14,0.31,3.290322580645161,0.71,9.63,25.0,2022
Dean Wade,1629731,F,4.68,0.84,3.41,0.64,0.48,0.39,2.1538461538461537,1.12,9.66,26.0,2023
Dean Wade,1629731,F,5.39,0.8,4.04,0.74,0.46,0.37,2.1621621621621623,1.2,11.06,27.0,2024
Franz Wagner,1630532,F,15.15,2.92,4.51,0.86,0.43,1.51,1.933774834437086,1.29,22.36,20.0,2022
Franz Wagner,1630532,F,18.56,3.54,4.11,0.96,0.21,2.09,1.6937799043062205,1.17,25.29,21.0,2023
Franz Wagner,1630532,F,19.74,3.74,5.29,1.06,0.39,1.9,1.968421052631579,1.45,28.32,22.0,2024
Moritz Wagner,1629021,F,4.81,0.56,1.98,0.26,0.3,0.91,0.6153846153846154,0.56,7.0,22.0,2019
Moritz Wagner,1629021,F,8.73,1.24,4.87,0.62,0.42,1.47,0.8435374149659864,1.04,14.41,23.0,2020
Moritz Wagner,1629021,F,7.12,1.28,2.92,0.88,0.32,0.84,1.523809523809524,1.2,11.68,24.0,2021
Moritz Wagner,1629021,F,1.22,0.67,2.11,0.0,0.11,1.0,0.67,0.11,3.11,24.0,2021
Moritz Wagner,1629021,F,11.0,1.09,4.91,0.36,0.82,1.18,0.923728813559322,1.18,17.0,24.0,2021
Moritz Wagner,1629021,F,6.89,1.11,3.24,0.58,0.4,0.96,1.1562500000000002,0.98,11.26,24.0,2021
Moritz Wagner,1629021,F,8.95,1.38,3.68,0.32,0.21,0.89,1.5505617977528088,0.53,13.65,25.0,2022
Moritz Wagner,1629021,F,10.53,1.47,4.54,0.65,0.23,1.19,1.2352941176470589,0.88,16.23,26.0,2023
Moritz Wagner,1629021,F,10.85,1.2,4.34,0.49,0.26,1.21,0.9917355371900828,0.75,15.93,27.0,2024
Jabari Walker,1631133,F,3.86,0.61,2.34,0.18,0.23,0.52,1.173076923076923,0.41,6.7,20.0,2023
Jabari Walker,1631133,F,8.86,0.99,7.06,0.58,0.31,0.92,1.076086956521739,0.89,16.88,21.0,2024
Jarace Walker,1641716,F,3.64,1.21,1.91,0.45,0.33,0.52,2.3269230769230766,0.78,7.02,20.0,2024
Lonnie Walker IV,1629022,G,2.65,0.53,1.0,0.41,0.18,0.24,2.208333333333333,0.59,4.53,20.0,2019
Lonnie Walker IV,1629022,G,6.38,1.11,2.28,0.52,0.23,0.72,1.541666666666667,0.75,9.8,21.0,2020
Lonnie Walker IV,1629022,G,11.15,1.68,2.58,0.48,0.25,1.08,1.5555555555555554,0.73,15.06,22.0,2021
Lonnie Walker IV,1629022,G,12.13,2.17,2.59,0.63,0.27,1.01,2.1485148514851486,0.9,16.78,23.0,2022
Lonnie Walker IV,1629022,G,11.68,1.14,1.95,0.54,0.3,0.82,1.3902439024390243,0.84,14.79,24.0,2023
Lonnie Walker IV,1629022,G,9.74,1.28,2.19,0.55,0.34,0.88,1.4545454545454546,0.89,13.22,25.0,2024
Cason Wallace,1641717,G,6.84,1.46,2.28,0.93,0.45,0.55,2.6545454545454543,1.38,11.41,20.0,2024
Jordan Walsh,1641775,G,1.67,0.56,2.22,0.56,0.11,0.33,1.696969696969697,0.67,4.79,20.0,2024
P.J. Washington,1629023,F,12.24,2.12,5.45,0.88,0.76,1.6,1.325,1.64,19.85,21.0,2020
P.J. Washington,1629023,F,12.88,2.52,6.53,1.08,1.23,2.0,1.26,2.31,22.24,22.0,2021
P.J. Washington,1629023,F,10.28,2.26,5.18,0.88,0.94,1.26,1.7936507936507935,1.82,18.28,23.0,2022
P.J. Washington,1629023,F,15.67,2.4,4.9,0.9,1.08,1.51,1.5894039735099337,1.98,23.44,24.0,2023
P.J. Washington,1629023,F,13.64,2.2,5.27,0.86,0.73,1.5,1.4666666666666668,1.59,21.2,25.0,2024
P.J. Washington,1629023,F,11.69,1.52,6.17,1.17,0.93,1.03,1.4757281553398058,2.1,20.45,25.0,2024
P.J. Washington,1629023,F,12.86,1.93,5.63,0.99,0.81,1.32,1.462121212121212,1.8,20.9,25.0,2024
TyTy Washington Jr.,1631102,G,4.68,1.52,1.45,0.48,0.06,0.45,3.3777777777777778,0.54,7.74,21.0,2023
TyTy Washington Jr.,1631102,G,1.27,0.45,0.45,0.27,0.0,0.18,2.5,0.27,2.26,22.0,2024
Lindy Waters III,1630322,F,7.96,0.96,2.92,0.76,0.32,0.44,2.1818181818181817,1.08,12.48,24.0,2022
Lindy Waters III,1630322,F,5.22,0.68,1.83,0.34,0.27,0.24,2.833333333333333,0.61,8.1,25.0,2023
Lindy Waters III,1630322,F,3.61,0.63,1.05,0.13,0.18,0.18,3.5,0.31,5.42,26.0,2024
Trendon Watford,1630570,G,7.58,1.69,4.15,0.52,0.58,0.92,1.8369565217391304,1.1,13.6,21.0,2022
Trendon Watford,1630570,G,7.4,2.1,3.84,0.52,0.19,1.15,1.8260869565217392,0.71,12.9,22.0,2023
Trendon Watford,1630570,G,6.86,1.29,3.08,0.37,0.3,1.0,1.29,0.67,10.9,23.0,2024
Peyton Watson,1631212,G,3.26,0.48,1.61,0.09,0.48,0.35,1.3714285714285714,0.57,5.57,20.0,2023
Peyton Watson,1631212,G,6.65,1.08,3.22,0.52,1.1,0.72,1.5000000000000002,1.62,11.85,21.0,2024
Victor Wembanyama,1641705,F,21.44,3.86,10.63,1.24,3.58,3.66,1.0546448087431692,4.82,37.09,20.0,2024
Blake Wesley,1631104,G,4.97,2.65,2.22,0.68,0.14,1.76,1.505681818181818,0.82,8.9,20.0,2023
Blake Wesley,1631104,G,4.39,2.72,1.54,0.48,0.15,0.9,3.022222222222222,0.63,8.38,21.0,2024
Russell Westbrook,201566,G,28.15,8.57,7.28,2.09,0.21,4.37,1.9610983981693364,2.3,41.93,26.0,2015
Russell Westbrook,201566,G,23.48,10.42,7.82,2.04,0.25,4.28,2.434579439252336,2.29,39.73,27.0,2016
Russell Westbrook,201566,G,31.58,10.37,10.67,1.63,0.38,5.41,1.916820702402957,2.01,49.22,28.0,2017
Russell Westbrook,201566,G,25.35,10.25,10.05,1.84,0.25,4.76,2.153361344537815,2.09,42.98,29.0,2018
Russell Westbrook,201566,G,22.95,10.74,11.05,1.95,0.45,4.45,2.413483146067416,2.4,42.69,30.0,2019
Russell Westbrook,201566,G,27.25,7.04,7.91,1.63,0.35,4.47,1.574944071588367,1.98,39.71,31.0,2020
Russell Westbrook,201566,G,22.23,11.74,11.54,1.37,0.35,4.8,2.4458333333333333,1.72,42.43,32.0,2021
Russell Westbrook,201566,G,18.47,7.05,7.44,0.96,0.26,3.78,1.865079365079365,1.22,30.4,33.0,2022
Russell Westbrook,201566,G,15.9,7.52,6.17,1.02,0.44,3.54,2.1242937853107344,1.46,27.51,34.0,2023
Russell Westbrook,201566,G,15.81,7.62,4.86,1.1,0.48,3.38,2.2544378698224854,1.58,26.49,34.0,2023
Russell Westbrook,201566,G,15.88,7.55,5.79,1.04,0.45,3.49,2.163323782234957,1.49,27.22,34.0,2023
Russell Westbrook,201566,G,11.09,4.5,5.04,1.09,0.34,2.12,2.1226415094339623,1.43,19.94,35.0,2024
Coby White,1629632,G,13.22,2.69,3.54,0.75,0.09,1.68,1.6011904761904765,0.84,18.61,20.0,2020
Coby White,1629632,G,15.09,4.75,4.12,0.55,0.22,2.26,2.101769911504425,0.77,22.47,21.0,2021
Coby White,1629632,G,12.66,2.89,2.98,0.48,0.18,1.15,2.5130434782608697,0.66,18.04,22.0,2022
Coby White,1629632,G,9.66,2.76,2.86,0.73,0.08,1.0,2.76,0.81,15.09,23.0,2023
Coby White,1629632,G,19.1,5.13,4.53,0.67,0.23,2.1,2.4428571428571426,0.9,27.56,24.0,2024
Derrick White,1628401,G,3.18,0.53,1.53,0.24,0.18,0.35,1.5142857142857145,0.42,5.31,23.0,2018
Derrick White,1628401,G,9.9,3.93,3.69,1.0,0.7,1.45,2.710344827586207,1.7,17.77,24.0,2019
Derrick White,1628401,G,11.25,3.54,3.28,0.65,0.87,1.31,2.7022900763358777,1.52,18.28,25.0,2020
Derrick White,1628401,G,15.36,3.53,2.97,0.72,1.0,1.25,2.824,1.72,22.33,26.0,2021
Derrick White,1628401,G,14.41,5.59,3.53,1.0,0.86,1.78,3.140449438202247,1.86,23.61,27.0,2022
Derrick White,1628401,G,11.0,3.54,3.38,0.58,0.62,1.23,2.8780487804878048,1.2,17.89,27.0,2022
Derrick White,1628401,G,13.23,4.88,3.48,0.85,0.77,1.59,3.0691823899371067,1.62,21.62,27.0,2022
Derrick White,1628401,G,12.4,3.91,3.57,0.66,0.93,1.16,3.370689655172414,1.59,20.31,28.0,2023
Derrick White,1628401,G,15.16,5.16,4.25,1.01,1.19,1.53,3.372549019607843,2.2,25.24,29.0,2024
Cam Whitmore,1641715,F,12.32,0.7,3.83,0.64,0.36,0.98,0.7142857142857143,1.0,16.87,19.0,2024
Aaron Wiggins,1630598,G,8.32,1.36,3.56,0.6,0.2,1.08,1.2592592592592593,0.8,12.96,23.0,2022
Aaron Wiggins,1630598,G,6.84,1.14,3.0,0.56,0.21,0.79,1.4430379746835442,0.77,10.96,24.0,2023
Aaron Wiggins,1630598,G,6.95,1.1,2.38,0.72,0.24,0.72,1.527777777777778,0.96,10.67,25.0,2024
Andrew Wiggins,203952,F,16.91,2.07,4.56,1.05,0.61,2.16,0.9583333333333331,1.66,23.04,20.0,2015
Andrew Wiggins,203952,F,20.68,2.02,3.59,0.96,0.57,2.25,0.8977777777777778,1.53,25.57,21.0,2016
Andrew Wiggins,203952,F,23.57,2.3,4.0,1.0,0.37,2.28,1.0087719298245614,1.37,28.96,22.0,2017
Andrew Wiggins,203952,F,17.71,1.95,4.37,1.11,0.62,1.68,1.1607142857142858,1.73,24.08,23.0,2018
Andrew Wiggins,203952,F,18.1,2.52,4.82,0.96,0.66,1.89,1.3333333333333337,1.62,25.17,24.0,2019
Andrew Wiggins,203952,F,22.43,3.69,5.21,0.69,0.86,2.55,1.447058823529412,1.55,30.33,25.0,2020
Andrew Wiggins,203952,F,19.42,3.58,4.58,1.33,1.42,2.08,1.721153846153846,2.75,28.25,25.0,2020
Andrew Wiggins,203952,F,21.76,3.67,5.07,0.83,0.98,2.44,1.5040983606557377,1.81,29.87,25.0,2020
Andrew Wiggins,203952,F,18.59,2.35,4.89,0.94,0.99,1.77,1.3276836158192091,1.93,25.99,26.0,2021
Andrew Wiggins,203952,F,17.21,2.21,4.45,1.04,0.7,1.52,1.4539473684210529,1.74,24.09,27.0,2022
Andrew Wiggins,203952,F,17.11,2.3,5.03,1.22,0.76,1.3,1.769230769230769,1.98,25.12,28.0,2023
Andrew Wiggins,203952,F,13.23,1.68,4.52,0.59,0.58,1.23,1.3658536585365852,1.17,19.37,29.0,2024
Alondes Williams,1631214,G,0.0,0.0,1.0,0.0,0.0,2.0,0.0,0.0,-1.0,24.0,2023
Alondes Williams,1631214,G,0.71,0.0,0.14,0.0,0.14,0.29,0.0,0.14,0.7,25.0,2024
Brandon Williams,1630314,G,12.88,3.92,3.08,1.0,0.42,2.42,1.6198347107438016,1.42,18.88,22.0,2022
Brandon Williams,1630314,G,3.18,1.0,0.76,0.06,0.06,0.41,2.4390243902439024,0.12,4.65,24.0,2024
Grant Williams,1629684,F,3.43,0.99,2.58,0.43,0.52,0.72,1.375,0.95,7.23,21.0,2020
Grant Williams,1629684,F,4.67,1.02,2.83,0.51,0.38,0.89,1.146067415730337,0.89,8.52,22.0,2021
Grant Williams,1629684,F,7.82,1.01,3.56,0.49,0.74,0.81,1.2469135802469136,1.23,12.81,23.0,2022
Grant Williams,1629684,F,8.11,1.66,4.59,0.52,0.39,1.04,1.596153846153846,0.91,14.23,24.0,2023
Grant Williams,1629684,F,8.13,1.72,3.6,0.51,0.57,1.13,1.52212389380531,1.08,13.4,25.0,2024
Grant Williams,1629684,F,13.86,3.21,5.14,0.69,0.41,1.93,1.6632124352331608,1.1,21.38,25.0,2024
Grant Williams,1629684,F,10.32,2.29,4.18,0.58,0.51,1.43,1.6013986013986017,1.09,16.45,25.0,2024
Jalen Williams,1631114,G,14.08,3.31,4.49,1.37,0.47,1.64,2.018292682926829,1.84,22.08,22.0,2023
Jalen Williams,1631114,G,19.08,4.54,3.97,1.13,0.63,1.73,2.6242774566473988,1.76,27.62,23.0,2024
Jaylin Williams,1631119,F,5.88,1.55,4.92,0.57,0.24,0.76,2.0394736842105265,0.81,12.4,21.0,2023
Jaylin Williams,1631119,F,4.0,1.59,3.39,0.41,0.39,0.49,3.2448979591836737,0.8,9.29,22.0,2024
Kenrich Williams,1629026,G,6.07,1.8,4.76,0.98,0.41,0.78,2.3076923076923075,1.39,13.24,24.0,2019
Kenrich Williams,1629026,G,3.49,1.46,4.77,0.69,0.54,0.56,2.6071428571428568,1.23,10.39,25.0,2020
Kenrich Williams,1629026,G,7.97,2.3,4.14,0.83,0.26,1.15,2.0,1.09,14.35,26.0,2021
Kenrich Williams,1629026,G,7.41,2.2,4.49,0.9,0.2,0.94,2.340425531914894,1.1,14.26,27.0,2022
Kenrich Williams,1629026,G,8.02,1.98,4.92,0.85,0.26,0.6,3.3000000000000003,1.11,15.43,28.0,2023
Kenrich Williams,1629026,G,4.71,1.35,3.03,0.55,0.13,0.46,2.9347826086956523,0.68,9.31,29.0,2024
Mark Williams,1631109,C,9.0,0.42,7.07,0.65,1.05,0.93,0.4516129032258064,1.7,17.26,21.0,2023
Mark Williams,1631109,C,12.74,1.16,9.68,0.84,1.05,0.89,1.3033707865168538,1.89,24.58,22.0,2024
Nate Williams,1631466,G,10.6,2.0,3.0,0.6,0.4,0.8,2.5,1.0,15.8,24.0,2023
Nate Williams,1631466,G,2.86,0.32,1.05,0.18,0.05,0.18,1.777777777777778,0.23,4.28,25.0,2024
Patrick Williams,1630172,F,9.23,1.39,4.61,0.9,0.65,1.38,1.0072463768115942,1.55,15.4,19.0,2021
Patrick Williams,1630172,F,9.0,0.88,4.06,0.53,0.53,0.94,0.9361702127659576,1.06,14.06,20.0,2022
Patrick Williams,1630172,F,10.16,1.22,3.99,0.88,0.85,1.23,0.991869918699187,1.73,15.87,21.0,2023
Patrick Williams,1630172,F,9.98,1.53,3.86,0.93,0.77,1.33,1.150375939849624,1.7,15.74,22.0,2024
Ziaire Williams,1630533,F,8.08,1.05,2.08,0.56,0.19,0.66,1.5909090909090908,0.75,11.3,20.0,2022
Ziaire Williams,1630533,F,5.68,0.95,2.14,0.38,0.16,1.0,0.95,0.54,8.31,21.0,2023
Ziaire Williams,1630533,F,8.24,1.47,3.53,0.71,0.18,1.29,1.1395348837209305,0.89,12.84,22.0,2024
Robert Williams III,1629057,C,2.53,0.22,2.53,0.28,1.25,0.31,0.7096774193548387,1.53,6.5,21.0,2019
Robert Williams III,1629057,C,5.17,0.93,4.41,0.76,1.21,0.72,1.2916666666666667,1.97,11.76,22.0,2020
Robert Williams III,1629057,C,8.02,1.81,6.88,0.83,1.75,1.0,1.81,2.58,18.29,23.0,2021
Robert Williams III,1629057,C,9.95,1.98,9.64,0.92,2.2,1.03,1.922330097087379,3.12,23.66,24.0,2022
Robert Williams III,1629057,C,7.97,1.43,8.34,0.63,1.37,0.97,1.4742268041237112,2.0,18.77,25.0,2023
Robert Williams III,1629057,C,6.83,0.83,6.33,1.17,1.17,1.17,0.7094017094017094,2.34,15.16,26.0,2024
Vince Williams Jr.,1631246,G,2.0,0.27,1.0,0.4,0.13,0.33,0.8181818181818182,0.53,3.47,22.0,2023
Vince Williams Jr.,1631246,G,10.02,3.37,5.58,0.9,0.65,1.77,1.9039548022598871,1.55,18.75,23.0,2024
Zion Williamson,1629627,F,22.5,2.08,6.25,0.67,0.38,2.46,0.8455284552845529,1.05,29.42,19.0,2020
Zion Williamson,1629627,F,27.0,3.7,7.23,0.93,0.64,2.74,1.3503649635036497,1.57,36.76,20.0,2021
Zion Williamson,1629627,F,26.0,4.59,6.97,1.1,0.55,3.41,1.346041055718475,1.65,35.8,22.0,2023
Zion Williamson,1629627,F,22.87,5.03,5.8,1.1,0.67,2.76,1.8224637681159424,1.77,32.71,23.0,2024
Jalen Wilson,1630592,F,4.98,1.05,3.05,0.26,0.09,0.44,2.386363636363636,0.35,8.99,23.0,2024
James Wiseman,1630164,C,11.49,0.67,5.79,0.28,0.92,1.54,0.4350649350649351,1.2,17.61,20.0,2021
James Wiseman,1630164,C,6.9,0.67,3.48,0.14,0.33,0.67,1.0,0.47,10.85,22.0,2023
James Wiseman,1630164,C,12.71,0.67,8.08,0.17,0.83,1.54,0.4350649350649351,1.0,20.92,22.0,2023
James Wiseman,1630164,C,10.0,0.67,5.93,0.16,0.6,1.13,0.592920353982301,0.76,16.23,22.0,2023
James Wiseman,1630164,C,7.08,0.86,5.33,0.19,0.62,1.05,0.819047619047619,0.81,13.03,23.0,2024
Isaiah Wong,1631209,G,2.0,0.0,0.0,0.0,0.0,0.0,0.0,0.0,2.0,23.0,2024
Delon Wright,1626153,G,3.81,1.15,1.37,0.3,0.11,0.59,1.9491525423728813,0.41,6.15,24.0,2016
Delon Wright,1626153,G,5.56,2.11,1.78,1.0,0.41,0.93,2.268817204301075,1.41,9.93,25.0,2017
Delon Wright,1626153,G,8.04,2.9,2.87,1.04,0.48,1.13,2.566371681415929,1.52,14.2,26.0,2018
Delon Wright,1626153,G,6.88,2.24,2.55,0.94,0.31,0.76,2.947368421052632,1.25,12.16,27.0,2019
Delon Wright,1626153,G,12.15,5.31,5.42,1.62,0.58,1.54,3.448051948051948,2.2,23.54,27.0,2019
Delon Wright,1626153,G,8.71,3.31,3.55,1.17,0.4,1.03,3.2135922330097086,1.57,16.11,27.0,2019
Delon Wright,1626153,G,6.9,3.34,3.84,1.16,0.3,1.0,3.34,1.46,14.54,28.0,2020
Delon Wright,1626153,G,10.39,5.03,4.56,1.61,0.53,1.33,3.781954887218045,2.14,20.79,29.0,2021
Delon Wright,1626153,G,10.04,3.59,3.89,1.59,0.41,1.3,2.761538461538461,2.0,18.22,29.0,2021
Delon Wright,1626153,G,10.24,4.41,4.27,1.6,0.48,1.32,3.340909090909091,2.08,19.68,29.0,2021
Delon Wright,1626153,G,4.44,2.44,2.86,1.21,0.25,0.58,4.206896551724138,1.46,10.62,30.0,2022
Delon Wright,1626153,G,7.38,3.88,3.6,1.84,0.34,0.88,4.409090909090909,2.18,16.16,31.0,2023
Delon Wright,1626153,G,4.06,2.48,1.79,1.06,0.24,0.33,7.515151515151515,1.3,9.3,32.0,2024
Delon Wright,1626153,G,5.43,2.64,1.93,1.36,0.21,0.21,12.571428571428571,1.57,11.36,32.0,2024
Delon Wright,1626153,G,4.47,2.53,1.83,1.15,0.23,0.3,8.433333333333334,1.38,9.91,32.0,2024
Guerschon Yabusele,1627824,F,2.39,0.48,1.58,0.12,0.15,0.36,1.3333333333333333,0.27,4.36,22.0,2018
Guerschon Yabusele,1627824,F,2.29,0.37,1.29,0.2,0.17,0.37,1.0,0.37,3.95,23.0,2019
Trae Young,1629027,G,19.12,8.06,3.72,0.89,0.19,3.8,2.1210526315789475,1.08,28.18,20.0,2019
Trae Young,1629027,G,29.63,9.33,4.25,1.08,0.13,4.82,1.9356846473029048,1.21,39.6,21.0,2020
Trae Young,1629027,G,25.3,9.43,3.89,0.84,0.19,4.14,2.2777777777777777,1.03,35.51,22.0,2021
Trae Young,1629027,G,28.36,9.7,3.74,0.95,0.09,3.99,2.4310776942355887,1.04,38.85,23.0,2022
Trae Young,1629027,G,26.22,10.15,2.97,1.1,0.12,4.11,2.469586374695864,1.22,36.45,24.0,2023
Trae Young,1629027,G,25.72,10.8,2.76,1.33,0.2,4.35,2.482758620689656,1.53,36.46,25.0,2024
Ivica Zubac,1627826,C,7.47,0.79,4.18,0.37,0.87,0.79,1.0,1.24,12.89,20.0,2017
Ivica Zubac,1627826,C,3.74,0.58,2.86,0.19,0.35,0.6,0.9666666666666668,0.54,7.12,21.0,2018
Ivica Zubac,1627826,C,8.52,0.76,4.91,0.12,0.82,1.0,0.76,0.94,14.13,22.0,2019
Ivica Zubac,1627826,C,9.38,1.46,7.69,0.38,0.92,1.42,1.028169014084507,1.3,18.41,22.0,2019
Ivica Zubac,1627826,C,8.9,1.07,6.14,0.24,0.86,1.19,0.8991596638655464,1.1,16.02,22.0,2019
Ivica Zubac,1627826,C,8.28,1.14,7.54,0.22,0.92,0.85,1.3411764705882352,1.14,17.25,23.0,2020
Ivica Zubac,1627826,C,9.03,1.25,7.21,0.33,0.86,1.12,1.1160714285714284,1.19,17.56,24.0,2021
Ivica Zubac,1627826,C,10.33,1.58,8.47,0.47,1.01,1.5,1.0533333333333337,1.48,20.36,25.0,2022
Ivica Zubac,1627826,C,10.76,1.01,9.95,0.38,1.29,1.54,0.6558441558441558,1.67,21.85,26.0,2023
Ivica Zubac,1627826,C,11.68,1.37,9.21,0.32,1.22,1.16,1.1810344827586208,1.54,22.64,27.0,2024
Vlatko Čančar,1628427,F,1.21,0.21,0.71,0.07,0.07,0.21,1.0,0.14,2.06,23.0,2020
Vlatko Čančar,1628427,F,2.07,0.34,1.22,0.27,0.05,0.34,1.0,0.32,3.61,24.0,2021
Vlatko Čančar,1628427,F,4.13,1.13,2.07,0.13,0.2,0.6,1.8833333333333333,0.33,7.06,25.0,2022
Vlatko Čančar,1628427,F,4.95,1.33,2.13,0.37,0.23,0.62,2.145161290322581,0.6,8.39,26.0,2023
Dario Šarić,203967,F,12.84,2.25,6.33,0.7,0.37,2.26,0.9955752212389382,1.07,20.23,23.0,2017
Dario Šarić,203967,F,14.63,2.59,6.67,0.65,0.26,1.9,1.363157894736842,0.91,22.9,24.0,2018
Dario Šarić,203967,F,11.08,2.0,6.62,0.31,0.23,1.92,1.0416666666666667,0.54,18.32,25.0,2019
Dario Šarić,203967,F,10.5,1.49,5.46,0.6,0.09,1.06,1.4056603773584906,0.69,17.08,25.0,2019
Dario Šarić,203967,F,10.59,1.57,5.64,0.56,0.11,1.2,1.3083333333333331,0.67,17.27,25.0,2019
Dario Šarić,203967,F,10.67,1.86,6.15,0.56,0.24,1.33,1.3984962406015038,0.8,18.15,26.0,2020
Dario Šarić,203967,F,8.74,1.3,3.8,0.6,0.08,1.14,1.140350877192983,0.68,13.38,27.0,2021
Dario Šarić,203967,F,5.81,1.54,3.84,0.35,0.14,0.97,1.5876288659793816,0.49,10.71,29.0,2023
Dario Šarić,203967,F,7.35,0.85,3.25,0.35,0.1,0.95,0.8947368421052632,0.45,10.95,29.0,2023
Dario Šarić,203967,F,6.35,1.3,3.63,0.35,0.12,0.96,1.3541666666666667,0.47,10.79,29.0,2023
Dario Šarić,203967,F,8.05,2.25,4.42,0.48,0.16,1.22,1.8442622950819672,0.64,14.14,30.0,2024
Precious Achiuwa,1630173,F,4.98,0.48,3.41,0.33,0.46,0.7,0.6857142857142857,0.79,8.96,21.0,2021
Precious Achiuwa,1630173,F,9.1,1.12,6.48,0.51,0.56,1.15,0.973913043478261,1.07,16.62,22.0,2022
Precious Achiuwa,1630173,F,9.24,0.91,5.96,0.56,0.55,1.07,0.8504672897196262,1.11,16.15,23.0,2023
Precious Achiuwa,1630173,F,7.72,1.76,5.44,0.64,0.48,1.16,1.517241379310345,1.12,14.88,24.0,2024
Precious Achiuwa,1630173,F,7.59,1.08,7.16,0.61,1.14,1.1,0.9818181818181818,1.75,16.48,24.0,2024
Precious Achiuwa,1630173,F,7.64,1.31,6.58,0.62,0.92,1.12,1.169642857142857,1.54,15.95,24.0,2024
Steven Adams,203500,C,7.67,0.94,7.47,0.54,1.23,1.41,0.6666666666666666,1.77,16.44,21.0,2015
Steven Adams,203500,C,7.95,0.78,6.66,0.52,1.11,1.05,0.7428571428571429,1.63,15.97,22.0,2016
Steven Adams,203500,C,11.31,1.08,7.66,1.11,0.98,1.82,0.5934065934065934,2.09,20.32,23.0,2017
Steven Adams,203500,C,13.89,1.16,9.01,1.21,1.03,1.68,0.6904761904761905,2.24,24.62,24.0,2018
Steven Adams,203500,C,13.85,1.55,9.5,1.46,0.95,1.69,0.9171597633136096,2.41,25.62,25.0,2019
Steven Adams,203500,C,10.86,2.32,9.25,0.81,1.06,1.49,1.5570469798657718,1.87,22.81,26.0,2020
Steven Adams,203500,C,7.55,1.91,8.86,0.93,0.66,1.34,1.425373134328358,1.59,18.57,27.0,2021
Steven Adams,203500,C,6.95,3.37,10.0,0.86,0.79,1.51,2.2317880794701987,1.65,20.46,28.0,2022
Steven Adams,203500,C,8.6,2.31,11.55,0.86,1.1,1.88,1.2287234042553192,1.96,22.54,29.0,2023
Bam Adebayo,1628389,C,6.91,1.46,5.52,0.46,0.59,0.96,1.5208333333333333,1.05,13.98,20.0,2018
Bam Adebayo,1628389,C,8.89,2.24,7.28,0.87,0.79,1.48,1.5135135135135136,1.66,18.59,21.0,2019
Bam Adebayo,1628389,C,15.92,5.11,10.21,1.14,1.29,2.83,1.80565371024735,2.43,30.84,22.0,2020
Bam Adebayo,1628389,C,18.7,5.41,8.95,1.17,1.03,2.64,2.0492424242424243,2.2,32.62,23.0,2021
Bam Adebayo,1628389,C,19.07,3.39,10.07,1.43,0.79,2.64,1.2840909090909092,2.22,32.11,24.0,2022
Bam Adebayo,1628389,C,20.39,3.2,9.17,1.17,0.81,2.49,1.285140562248996,1.98,32.25,25.0,2023
Bam Adebayo,1628389,C,19.25,3.92,10.38,1.14,0.93,2.28,1.719298245614035,2.07,33.34,26.0,2024
Ochai Agbaji,1630534,G,7.92,1.14,2.05,0.27,0.25,0.69,1.6521739130434785,0.52,10.94,23.0,2023
Ochai Agbaji,1630534,G,5.37,0.92,2.47,0.53,0.57,0.67,1.373134328358209,1.1,9.19,24.0,2024
Ochai Agbaji,1630534,G,6.7,1.33,3.33,0.74,0.56,1.11,1.1981981981981982,1.3,11.55,24.0,2024
Ochai Agbaji,1630534,G,5.83,1.06,2.77,0.6,0.56,0.82,1.2926829268292683,1.16,10.0,24.0,2024
Santi Aldama,1630583,F,4.12,0.66,2.72,0.19,0.31,0.5,1.32,0.5,7.5,21.0,2022
Santi Aldama,1630583,F,9.04,1.26,4.82,0.58,0.62,0.78,1.6153846153846154,1.2,15.54,22.0,2023
Santi Aldama,1630583,F,10.72,2.26,5.77,0.7,0.89,1.13,2.0,1.59,19.21,23.0,2024
Nickeil Alexander-Walker,1629638,G,5.68,1.89,1.79,0.36,0.17,1.15,1.6434782608695653,0.53,8.74,21.0,2020
Nickeil Alexander-Walker,1629638,G,11.04,2.22,3.13,1.02,0.48,1.5,1.4800000000000002,1.5,16.39,22.0,2021
Nickeil Alexander-Walker,1629638,G,12.78,2.78,3.28,0.82,0.38,1.7,1.6352941176470588,1.2,18.34,23.0,2022
Nickeil Alexander-Walker,1629638,G,3.53,1.13,1.53,0.33,0.27,0.53,2.132075471698113,0.6,6.26,23.0,2022
Nickeil Alexander-Walker,1629638,G,10.65,2.4,2.88,0.71,0.35,1.43,1.6783216783216783,1.06,15.56,23.0,2022
Nickeil Alexander-Walker,1629638,G,6.33,2.11,1.64,0.67,0.39,1.25,1.688,1.06,9.89,24.0,2023
Nickeil Alexander-Walker,1629638,G,5.87,1.39,1.83,0.35,0.3,0.43,3.232558139534884,0.65,9.31,24.0,2023
Nickeil Alexander-Walker,1629638,G,6.15,1.83,1.71,0.54,0.36,0.93,1.967741935483871,0.9,9.66,24.0,2023
Nickeil Alexander-Walker,1629638,G,7.99,2.49,2.04,0.78,0.51,0.93,2.67741935483871,1.29,12.88,25.0,2024
Grayson Allen,1628960,G,5.55,0.66,0.61,0.16,0.16,0.87,0.7586206896551725,0.32,6.27,23.0,2019
Grayson Allen,1628960,G,8.68,1.37,2.24,0.26,0.05,0.87,1.574712643678161,0.31,11.73,24.0,2020
Grayson Allen,1628960,G,10.64,2.16,3.2,0.92,0.16,0.96,2.2500000000000004,1.08,16.12,25.0,2021
Grayson Allen,1628960,G,11.11,1.52,3.36,0.7,0.27,0.65,2.3384615384615386,0.97,16.31,26.0,2022
Grayson Allen,1628960,G,10.42,2.26,3.29,0.86,0.19,1.0,2.26,1.05,16.02,27.0,2023
Grayson Allen,1628960,G,13.52,3.03,3.93,0.92,0.6,1.27,2.385826771653543,1.52,20.73,28.0,2024
Jarrett Allen,1628386,C,8.15,0.68,5.39,0.39,1.22,1.14,0.5964912280701755,1.61,14.69,20.0,2018
Jarrett Allen,1628386,C,10.91,1.38,8.4,0.54,1.5,1.29,1.069767441860465,2.04,21.44,21.0,2019
Jarrett Allen,1628386,C,11.07,1.57,9.59,0.57,1.31,1.1,1.4272727272727272,1.88,23.01,22.0,2020
Jarrett Allen,1628386,C,11.17,1.67,10.42,0.58,1.58,1.83,0.9125683060109288,2.16,23.59,23.0,2021
Jarrett Allen,1628386,C,13.18,1.69,9.92,0.49,1.39,1.53,1.1045751633986929,1.88,25.14,23.0,2021
Jarrett Allen,1628386,C,12.79,1.68,10.02,0.51,1.43,1.59,1.0566037735849056,1.94,24.84,23.0,2021
Jarrett Allen,1628386,C,16.14,1.64,10.75,0.79,1.34,1.68,0.9761904761904762,2.13,28.98,24.0,2022
Jarrett Allen,1628386,C,14.25,1.66,9.79,0.79,1.24,1.37,1.2116788321167882,2.03,26.36,25.0,2023
Jarrett Allen,1628386,C,16.51,2.73,10.53,0.69,1.05,1.57,1.7388535031847132,1.74,29.94,26.0,2024
Jose Alvarado,1630631,G,6.11,2.81,1.85,1.31,0.13,0.74,3.797297297297298,1.44,11.47,24.0,2022
Jose Alvarado,1630631,G,9.02,3.05,2.31,1.1,0.16,1.33,2.293233082706766,1.26,14.31,25.0,2023
Jose Alvarado,1630631,G,7.09,2.09,2.29,1.05,0.27,0.71,2.943661971830986,1.32,12.08,26.0,2024
Kyle Anderson,203937,F,2.24,0.85,2.18,0.45,0.21,0.3,2.833333333333333,0.66,5.63,21.0,2015
Kyle Anderson,203937,F,4.49,1.58,3.13,0.77,0.37,0.76,2.0789473684210527,1.14,9.58,22.0,2016
Kyle Anderson,203937,F,3.42,1.26,2.89,0.71,0.36,0.54,2.333333333333333,1.07,8.1,23.0,2017
Kyle Anderson,203937,F,7.91,2.73,5.35,1.55,0.81,1.27,2.149606299212598,2.36,17.08,24.0,2018
Kyle Anderson,203937,F,8.05,2.98,5.84,1.26,0.86,1.35,2.2074074074074077,2.12,17.64,25.0,2019
Kyle Anderson,203937,F,5.82,2.42,4.25,0.81,0.55,0.99,2.444444444444444,1.36,12.86,26.0,2020
Kyle Anderson,203937,F,12.38,3.62,5.74,1.22,0.83,1.25,2.896,2.05,22.54,27.0,2021
Kyle Anderson,203937,F,7.55,2.65,5.33,1.12,0.65,1.03,2.5728155339805823,1.77,16.27,28.0,2022
Kyle Anderson,203937,F,9.38,4.86,5.33,1.13,0.91,1.49,3.2617449664429534,2.04,20.12,29.0,2023
Kyle Anderson,203937,F,6.41,4.19,3.46,0.9,0.59,1.15,3.643478260869566,1.49,14.4,30.0,2024
Giannis Antetokounmpo,203507,F,12.72,2.56,6.69,0.9,1.05,2.14,1.1962616822429906,1.95,21.78,20.0,2015
Giannis Antetokounmpo,203507,F,16.88,4.31,7.65,1.18,1.41,2.6,1.6576923076923076,2.59,28.83,21.0,2016
Giannis Antetokounmpo,203507,F,22.9,5.42,8.75,1.64,1.89,2.92,1.856164383561644,3.53,37.68,22.0,2017
Giannis Antetokounmpo,203507,F,26.85,4.81,10.04,1.45,1.41,2.97,1.6195286195286194,2.86,41.59,23.0,2018
Giannis Antetokounmpo,203507,F,27.69,5.89,12.47,1.28,1.53,3.72,1.5833333333333333,2.81,45.14,24.0,2019
Giannis Antetokounmpo,203507,F,29.48,5.62,13.59,0.97,1.05,3.65,1.5397260273972604,2.02,47.06,25.0,2020
Giannis Antetokounmpo,203507,F,28.15,5.85,11.0,1.18,1.2,3.39,1.725663716814159,2.38,43.99,26.0,2021
Giannis Antetokounmpo,203507,F,29.88,5.79,11.61,1.07,1.36,3.27,1.7706422018348624,2.43,46.44,27.0,2022
Giannis Antetokounmpo,203507,F,31.1,5.7,11.78,0.83,0.81,3.9,1.4615384615384617,1.64,46.32,28.0,2023
Giannis Antetokounmpo,203507,F,30.44,6.52,11.52,1.19,1.08,3.42,1.906432748538012,2.27,47.33,29.0,2024
Cole Anthony,1630175,G,12.87,4.09,4.7,0.64,0.38,2.26,1.8097345132743363,1.02,20.42,21.0,2021
Cole Anthony,1630175,G,16.34,5.68,5.35,0.71,0.26,2.62,2.167938931297709,0.97,25.72,22.0,2022
Cole Anthony,1630175,G,13.02,3.92,4.8,0.62,0.52,1.52,2.5789473684210527,1.14,21.36,23.0,2023
Cole Anthony,1630175,G,11.57,2.91,3.84,0.79,0.46,1.56,1.8653846153846156,1.25,18.01,24.0,2024
OG Anunoby,1628384,F,5.92,0.74,2.49,0.7,0.19,0.61,1.213114754098361,0.89,9.43,20.0,2018
OG Anunoby,1628384,F,7.0,0.7,2.94,0.69,0.33,0.82,0.8536585365853658,1.02,10.84,21.0,2019
OG Anunoby,1628384,F,10.62,1.57,5.28,1.39,0.65,1.14,1.3771929824561404,2.04,18.37,22.0,2020
OG Anunoby,1628384,F,15.86,2.19,5.51,1.53,0.74,1.74,1.2586206896551724,2.27,24.09,23.0,2021
OG Anunoby,1628384,F,17.12,2.6,5.5,1.48,0.52,1.67,1.5568862275449102,2.0,25.55,24.0,2022
OG Anunoby,1628384,F,16.78,1.96,4.96,1.91,0.75,1.97,0.9949238578680204,2.66,24.39,25.0,2023
OG Anunoby,1628384,F,15.11,2.67,3.93,1.04,0.48,1.59,1.6792452830188678,1.52,21.64,26.0,2024
OG Anunoby,1628384,F,14.13,1.52,4.43,1.74,1.0,1.65,0.9212121212121211,2.74,21.17,26.0,2024
OG Anunoby,1628384,F,14.66,2.14,4.16,1.36,0.72,1.62,1.3209876543209875,2.08,21.42,26.0,2024
Deni Avdija,1630166,F,6.33,1.17,4.85,0.59,0.28,0.61,1.9180327868852456,0.87,12.61,20.0,2021
Deni Avdija,1630166,F,8.35,2.04,5.18,0.72,0.54,1.06,1.9245283018867925,1.26,15.77,21.0,2022
Deni Avdija,1630166,F,9.17,2.78,6.41,0.86,0.38,1.62,1.7160493827160492,1.24,17.98,22.0,2023
Deni Avdija,1630166,F,14.69,3.81,7.2,0.8,0.48,2.13,1.7887323943661972,1.28,24.85,23.0,2024
Deandre Ayton,1629028,C,16.32,1.76,10.27,0.86,0.94,1.77,0.9943502824858756,1.8,28.38,20.0,2019
Deandre Ayton,1629028,C,18.16,1.89,11.47,0.68,1.53,2.11,0.8957345971563981,2.21,31.62,21.0,2020
Deandre Ayton,1629028,C,14.45,1.43,10.54,0.59,1.17,1.49,0.959731543624161,1.76,26.69,22.0,2021
Deandre Ayton,1629028,C,17.19,1.45,10.22,0.69,0.69,1.57,0.9235668789808916,1.38,28.67,23.0,2022
Deandre Ayton,1629028,C,17.96,1.72,9.96,0.55,0.79,1.79,0.9608938547486032,1.34,29.19,24.0,2023
Deandre Ayton,1629028,C,16.73,1.64,11.07,1.02,0.76,1.8,0.911111111111111,1.78,29.42,25.0,2024
Marvin Bagley III,1628963,F,14.89,1.0,7.6,0.53,0.95,1.58,0.6329113924050632,1.48,23.39,20.0,2019
Marvin Bagley III,1628963,F,14.23,0.77,7.46,0.46,0.92,1.38,0.5579710144927537,1.38,22.46,21.0,2020
Marvin Bagley III,1628963,F,14.14,1.0,7.4,0.49,0.49,1.37,0.7299270072992701,0.98,22.15,22.0,2021
Marvin Bagley III,1628963,F,9.27,0.57,7.17,0.3,0.37,0.7,0.8142857142857143,0.67,16.98,23.0,2022
Marvin Bagley III,1628963,F,14.56,1.06,6.83,0.72,0.39,1.0,1.06,1.11,22.56,23.0,2022
Marvin Bagley III,1628963,F,11.25,0.75,7.04,0.46,0.38,0.81,0.9259259259259258,0.84,19.07,23.0,2022
Marvin Bagley III,1628963,F,12.0,0.86,6.4,0.45,0.71,1.1,0.7818181818181817,1.16,19.32,24.0,2023
Marvin Bagley III,1628963,F,10.19,1.04,4.54,0.19,0.54,1.12,0.9285714285714284,0.73,15.38,25.0,2024
Marvin Bagley III,1628963,F,13.25,1.17,8.08,0.62,0.79,1.25,0.936,1.41,22.66,25.0,2024
Marvin Bagley III,1628963,F,11.66,1.1,6.24,0.4,0.66,1.18,0.9322033898305084,1.06,18.88,25.0,2024
Patrick Baldwin Jr.,1631116,F,3.94,0.35,1.29,0.19,0.13,0.35,1.0,0.32,5.55,20.0,2023
Patrick Baldwin Jr.,1631116,F,4.42,0.76,3.24,0.47,0.39,0.5,1.52,0.86,8.78,21.0,2024
LaMelo Ball,1630163,G,15.75,6.14,5.92,1.59,0.35,2.84,2.1619718309859155,1.94,26.91,19.0,2021
LaMelo Ball,1630163,G,20.11,7.61,6.68,1.59,0.4,3.27,2.327217125382263,1.99,33.12,20.0,2022
LaMelo Ball,1630163,G,23.28,8.44,6.42,1.28,0.31,3.58,2.3575418994413404,1.59,36.15,21.0,2023
LaMelo Ball,1630163,G,23.91,8.0,5.14,1.82,0.18,3.77,2.122015915119364,2.0,35.28,22.0,2024
Lonzo Ball,1628366,G,10.15,7.23,6.92,1.69,0.83,2.62,2.7595419847328246,2.52,24.2,20.0,2018
Lonzo Ball,1628366,G,9.89,5.43,5.34,1.47,0.4,2.19,2.4794520547945207,1.87,20.34,21.0,2019
Lonzo Ball,1628366,G,11.83,6.95,6.08,1.4,0.6,3.06,2.2712418300653594,2.0,23.8,22.0,2020
Lonzo Ball,1628366,G,14.58,5.75,4.78,1.49,0.56,2.24,2.5669642857142856,2.05,24.92,23.0,2021
Lonzo Ball,1628366,G,13.0,5.09,5.43,1.83,0.89,2.34,2.1752136752136755,2.72,23.9,24.0,2022
Mo Bamba,1628964,C,6.21,0.83,4.96,0.28,1.36,0.91,0.912087912087912,1.64,12.73,21.0,2019
Mo Bamba,1628964,C,5.35,0.68,4.87,0.37,1.39,0.68,1.0,1.76,11.98,22.0,2020
Mo Bamba,1628964,C,7.98,0.76,5.76,0.3,1.26,0.78,0.9743589743589745,1.56,15.28,23.0,2021
Mo Bamba,1628964,C,10.65,1.2,8.06,0.54,1.66,1.08,1.111111111111111,2.2,21.03,24.0,2022
Mo Bamba,1628964,C,7.25,1.05,4.6,0.3,0.95,0.55,1.909090909090909,1.25,13.6,25.0,2023
Mo Bamba,1628964,C,3.67,0.44,4.56,0.11,0.56,0.89,0.4943820224719101,0.67,8.45,25.0,2023
Mo Bamba,1628964,C,6.59,0.94,4.59,0.27,0.88,0.61,1.540983606557377,1.15,12.66,25.0,2023
Mo Bamba,1628964,C,4.44,0.72,4.18,0.39,1.05,0.68,1.0588235294117645,1.44,10.1,26.0,2024
Paolo Banchero,1631094,F,19.96,3.74,6.9,0.83,0.54,2.78,1.3453237410071943,1.37,29.19,20.0,2023
Paolo Banchero,1631094,F,22.55,5.39,6.92,0.89,0.59,3.09,1.744336569579288,1.48,33.25,21.0,2024
Desmond Bane,1630217,G,9.19,1.74,3.09,0.6,0.24,0.87,2.0,0.84,13.99,23.0,2021
Desmond Bane,1630217,G,18.21,2.74,4.39,1.21,0.38,1.46,1.8767123287671237,1.59,25.47,24.0,2022
Desmond Bane,1630217,G,21.5,4.38,5.02,0.97,0.38,2.17,2.0184331797235022,1.35,30.08,25.0,2023
Desmond Bane,1630217,G,23.74,5.48,4.4,1.02,0.52,2.67,2.052434456928839,1.54,32.49,26.0,2024
Dalano Banton,1630625,F,3.2,1.55,1.94,0.44,0.16,0.83,1.8674698795180724,0.6,6.46,22.0,2022
Dalano Banton,1630625,F,4.58,1.16,1.45,0.42,0.42,0.58,2.0,0.84,7.45,23.0,2023
Dalano Banton,1630625,F,2.33,0.79,1.46,0.21,0.12,0.42,1.8809523809523807,0.33,4.49,24.0,2024
Dalano Banton,1630625,F,16.7,3.6,4.77,0.93,0.57,2.23,1.6143497757847534,1.5,24.34,24.0,2024
Dalano Banton,1630625,F,10.31,2.35,3.3,0.61,0.37,1.43,1.6433566433566436,0.98,15.51,24.0,2024
Dominick Barlow,1631230,F,3.93,0.86,3.64,0.36,0.68,0.54,1.5925925925925926,1.04,8.93,20.0,2023
Dominick Barlow,1631230,F,4.36,1.09,3.42,0.36,0.42,0.27,4.037037037037037,0.78,9.38,21.0,2024
Harrison Barnes,203084,F,10.09,1.41,5.52,0.74,0.23,0.87,1.6206896551724137,0.97,17.12,23.0,2015
Harrison Barnes,203084,F,11.73,1.77,4.92,0.62,0.15,0.86,2.058139534883721,0.77,18.33,24.0,2016
Harrison Barnes,203084,F,19.22,1.47,4.99,0.82,0.19,1.29,1.1395348837209305,1.01,25.4,25.0,2017
Harrison Barnes,203084,F,18.86,1.97,6.08,0.64,0.18,1.53,1.287581699346405,0.82,26.2,26.0,2018
Harrison Barnes,203084,F,17.67,1.27,4.22,0.67,0.22,1.39,0.9136690647482016,0.89,22.66,27.0,2019
Harrison Barnes,203084,F,14.25,1.89,5.5,0.61,0.07,1.07,1.7663551401869158,0.68,21.25,27.0,2019
Harrison Barnes,203084,F,16.43,1.49,4.69,0.65,0.17,1.27,1.1732283464566928,0.82,22.16,27.0,2019
Harrison Barnes,203084,F,14.53,2.21,4.93,0.6,0.17,1.22,1.8114754098360653,0.77,21.22,28.0,2020
Harrison Barnes,203084,F,16.09,3.47,6.64,0.74,0.19,1.6,2.16875,0.93,25.53,29.0,2021
Harrison Barnes,203084,F,16.43,2.42,5.61,0.69,0.18,1.53,1.5816993464052287,0.87,23.8,30.0,2022
Harrison Barnes,203084,F,15.0,1.56,4.46,0.7,0.12,1.05,1.4857142857142858,0.82,20.79,31.0,2023
Harrison Barnes,203084,F,12.2,1.21,3.04,0.66,0.15,0.71,1.704225352112676,0.81,16.55,32.0,2024
Scottie Barnes,1630567,F,15.32,3.46,7.53,1.08,0.74,1.84,1.880434782608696,1.82,26.29,20.0,2022
Scottie Barnes,1630567,F,15.31,4.82,6.65,1.08,0.79,2.0,2.41,1.87,26.65,21.0,2023
Scottie Barnes,1630567,F,19.85,6.05,8.23,1.25,1.47,2.75,2.2,2.72,34.1,22.0,2024
RJ Barrett,1629628,F,14.34,2.55,4.98,0.98,0.3,2.21,1.1538461538461535,1.28,20.94,20.0,2020
RJ Barrett,1629628,F,17.56,3.01,5.75,0.74,0.28,1.93,1.5595854922279793,1.02,25.41,21.0,2021
RJ Barrett,1629628,F,20.03,2.97,5.83,0.61,0.23,2.16,1.375,0.84,27.51,22.0,2022
RJ Barrett,1629628,F,19.6,2.75,5.04,0.42,0.21,2.25,1.2222222222222223,0.63,25.77,23.0,2023
RJ Barrett,1629628,F,18.23,2.42,4.27,0.46,0.35,1.81,1.3370165745856353,0.81,23.92,24.0,2024
RJ Barrett,1629628,F,21.75,4.06,6.38,0.59,0.41,2.47,1.643724696356275,1.0,30.72,24.0,2024
RJ Barrett,1629628,F,20.17,3.33,5.43,0.53,0.38,2.17,1.534562211981567,0.91,27.67,24.0,2024
Charles Bassey,1629646,C,3.0,0.3,2.7,0.22,0.74,0.35,0.8571428571428572,0.96,6.61,21.0,2022
Charles Bassey,1629646,C,5.69,1.37,5.51,0.46,0.94,1.17,1.170940170940171,1.4,12.8,22.0,2023
Charles Bassey,1629646,C,3.32,1.11,4.0,0.42,0.89,0.79,1.4050632911392409,1.31,8.95,23.0,2024
Emoni Bates,1641734,F,2.73,0.67,0.93,0.07,0.13,0.53,1.2641509433962264,0.2,4.0,20.0,2024
Nicolas Batum,201587,G,9.35,4.8,5.86,1.1,0.56,1.86,2.5806451612903225,1.66,19.81,26.0,2015
Nicolas Batum,201587,G,14.94,5.76,6.11,0.93,0.61,2.93,1.9658703071672352,1.54,25.42,27.0,2016
Nicolas Batum,201587,G,15.12,5.92,6.25,1.12,0.38,2.52,2.3492063492063493,1.5,26.27,28.0,2017
Nicolas Batum,201587,G,11.56,5.45,4.78,1.02,0.36,2.05,2.658536585365854,1.38,21.12,29.0,2018
Nicolas Batum,201587,G,9.32,3.29,5.2,0.95,0.57,1.56,2.108974358974359,1.52,17.77,30.0,2019
Nicolas Batum,201587,G,3.59,3.0,4.55,0.77,0.36,1.0,3.0,1.13,11.27,31.0,2020
Nicolas Batum,201587,G,8.06,2.21,4.72,1.03,0.55,0.79,2.79746835443038,1.58,15.78,32.0,2021
Nicolas Batum,201587,G,8.32,1.69,4.31,0.98,0.71,0.68,2.4852941176470584,1.69,15.33,33.0,2022
Nicolas Batum,201587,G,6.13,1.55,3.83,0.69,0.56,0.64,2.421875,1.25,12.12,34.0,2023
Nicolas Batum,201587,G,2.67,1.67,2.33,1.0,1.33,0.33,5.0606060606060606,2.33,8.67,35.0,2024
Nicolas Batum,201587,G,5.47,2.16,4.23,0.79,0.6,0.68,3.176470588235294,1.39,12.57,35.0,2024
Nicolas Batum,201587,G,5.33,2.13,4.13,0.8,0.63,0.67,3.17910447761194,1.43,12.35,35.0,2024
Bradley Beal,203078,G,15.27,3.08,3.83,1.21,0.29,1.95,1.5794871794871796,1.5,21.73,22.0,2015
Bradley Beal,203078,G,17.42,2.95,3.42,0.98,0.2,2.04,1.446078431372549,1.18,22.93,23.0,2016
Bradley Beal,203078,G,23.1,3.47,3.12,1.08,0.27,2.03,1.7093596059113303,1.35,29.01,24.0,2017
Bradley Beal,203078,G,22.65,4.55,4.43,1.17,0.44,2.61,1.7432950191570882,1.61,30.63,25.0,2018
Bradley Beal,203078,G,25.6,5.46,5.01,1.48,0.71,2.73,2.0,2.19,35.53,26.0,2019
Bradley Beal,203078,G,30.54,6.09,4.25,1.25,0.4,3.4,1.7911764705882354,1.65,39.13,27.0,2020
Bradley Beal,203078,G,31.3,4.42,4.72,1.15,0.37,3.12,1.4166666666666663,1.52,38.84,28.0,2021
Bradley Beal,203078,G,23.2,6.62,4.72,0.9,0.38,3.38,1.9585798816568047,1.28,32.44,29.0,2022
Bradley Beal,203078,G,23.2,5.42,3.92,0.9,0.66,2.9,1.8689655172413795,1.56,31.2,30.0,2023
Bradley Beal,203078,G,18.19,5.0,4.38,0.98,0.51,2.47,2.0242914979757085,1.49,26.59,31.0,2024
Malik Beasley,1627736,G,3.77,0.5,0.77,0.32,0.0,0.36,1.3888888888888888,0.32,5.0,20.0,2017
Malik Beasley,1627736,G,3.16,0.5,1.15,0.24,0.11,0.39,1.282051282051282,0.35,4.77,21.0,2018
Malik Beasley,1627736,G,11.32,1.2,2.47,0.68,0.12,0.68,1.764705882352941,0.8,15.11,22.0,2019
Malik Beasley,1627736,G,7.93,1.17,1.88,0.76,0.15,0.88,1.3295454545454544,0.91,11.01,23.0,2020
Malik Beasley,1627736,G,20.71,1.93,5.07,0.64,0.14,1.5,1.2866666666666666,0.78,26.99,23.0,2020
Malik Beasley,1627736,G,11.18,1.36,2.69,0.73,0.15,1.04,1.3076923076923077,0.88,15.07,23.0,2020
Malik Beasley,1627736,G,19.57,2.38,4.38,0.81,0.19,1.62,1.4691358024691357,1.0,25.71,24.0,2021
Malik Beasley,1627736,G,12.06,1.47,2.87,0.54,0.15,0.54,2.722222222222222,0.69,16.55,25.0,2022
Malik Beasley,1627736,G,13.38,1.69,3.58,0.8,0.15,1.09,1.55045871559633,0.95,18.51,26.0,2023
Malik Beasley,1627736,G,11.12,1.19,3.31,0.81,0.04,1.15,1.0347826086956522,0.85,15.32,26.0,2023
Malik Beasley,1627736,G,12.65,1.53,3.49,0.8,0.11,1.11,1.3783783783783785,0.91,17.47,26.0,2023
Malik Beasley,1627736,G,11.25,1.37,3.67,0.75,0.11,0.68,2.014705882352941,0.86,16.47,27.0,2024
MarJon Beauchamp,1630699,F,5.12,0.67,2.21,0.4,0.13,0.87,0.7701149425287357,0.53,7.66,22.0,2023
MarJon Beauchamp,1630699,F,4.4,0.65,2.06,0.27,0.15,0.56,1.1607142857142856,0.42,6.97,23.0,2024
Saddiq Bey,1630180,G,12.24,1.36,4.54,0.74,0.2,0.86,1.5813953488372094,0.94,18.22,22.0,2021
Saddiq Bey,1630180,G,16.11,2.84,5.38,0.89,0.2,1.17,2.427350427350427,1.09,24.25,23.0,2022
Saddiq Bey,1630180,G,14.83,1.62,4.65,0.96,0.23,1.04,1.5576923076923077,1.19,21.25,24.0,2023
Saddiq Bey,1630180,G,11.64,1.36,4.8,0.8,0.04,0.68,2.0,0.84,17.96,24.0,2023
Saddiq Bey,1630180,G,13.79,1.53,4.7,0.91,0.17,0.92,1.6630434782608696,1.08,20.18,24.0,2023
Saddiq Bey,1630180,G,13.7,1.46,6.52,0.81,0.17,0.86,1.697674418604651,0.98,21.8,25.0,2024
Goga Bitadze,1629048,C,3.19,0.43,1.96,0.19,0.69,0.52,0.8269230769230769,0.88,5.94,20.0,2020
Goga Bitadze,1629048,C,5.13,0.82,3.33,0.2,1.33,0.38,2.1578947368421053,1.53,10.43,21.0,2021
Goga Bitadze,1629048,C,6.98,1.1,3.54,0.42,0.84,0.92,1.1956521739130437,1.26,11.96,22.0,2022
Goga Bitadze,1629048,C,3.29,0.86,2.33,0.43,0.48,0.57,1.5087719298245614,0.91,6.82,23.0,2023
Goga Bitadze,1629048,C,5.76,1.24,5.18,0.41,0.94,0.59,2.101694915254237,1.35,12.94,23.0,2023
Goga Bitadze,1629048,C,4.39,1.03,3.61,0.42,0.68,0.58,1.7758620689655171,1.1,9.55,23.0,2023
Goga Bitadze,1629048,C,5.02,1.27,4.61,0.52,1.16,0.71,1.7887323943661972,1.68,11.87,24.0,2024
Bismack Biyombo,202687,C,4.75,0.25,6.36,0.28,1.55,0.81,0.3086419753086419,1.83,12.38,22.0,2015
Bismack Biyombo,202687,C,5.54,0.35,7.99,0.23,1.62,0.87,0.4022988505747126,1.85,14.86,23.0,2016
Bismack Biyombo,202687,C,5.96,0.91,7.0,0.31,1.12,1.17,0.7777777777777779,1.43,14.13,24.0,2017
Bismack Biyombo,202687,C,5.71,0.8,5.71,0.26,1.16,1.02,0.7843137254901961,1.42,12.62,25.0,2018
Bismack Biyombo,202687,C,4.37,0.61,4.57,0.2,0.76,0.63,0.9682539682539684,0.96,9.88,26.0,2019
Bismack Biyombo,202687,C,7.42,0.94,5.81,0.19,0.92,0.91,1.0329670329670328,1.11,14.37,27.0,2020
Bismack Biyombo,202687,C,5.02,1.23,5.26,0.26,1.12,1.08,1.1388888888888888,1.38,11.81,28.0,2021
Bismack Biyombo,202687,C,5.83,0.64,4.64,0.33,0.72,0.69,0.927536231884058,1.05,11.47,29.0,2022
Bismack Biyombo,202687,C,4.31,0.92,4.26,0.3,1.44,0.84,1.0952380952380951,1.74,10.39,30.0,2023
Bismack Biyombo,202687,C,5.2,1.7,6.37,0.33,1.13,1.27,1.3385826771653542,1.46,13.46,31.0,2024
Bismack Biyombo,202687,C,1.8,0.2,1.8,0.1,0.3,0.4,0.5,0.4,3.8,31.0,2024
Bismack Biyombo,202687,C,4.35,1.32,5.22,0.28,0.92,1.05,1.2571428571428571,1.2,11.04,31.0,2024
Anthony Black,1641710,G,4.58,1.32,2.01,0.51,0.3,0.81,1.6296296296296295,0.81,7.91,20.0,2024
Bogdan Bogdanović,203992,G,11.76,3.31,2.86,0.92,0.21,1.6,2.06875,1.13,17.46,25.0,2018
Bogdan Bogdanović,203992,G,14.14,3.81,3.47,1.03,0.21,1.67,2.281437125748503,1.24,20.99,26.0,2019
Bogdan Bogdanović,203992,G,15.15,3.39,3.39,1.05,0.25,1.67,2.029940119760479,1.3,21.56,27.0,2020
Bogdan Bogdanović,203992,G,16.36,3.34,3.64,1.11,0.3,1.23,2.7154471544715446,1.41,23.52,28.0,2021
Bogdan Bogdanović,203992,G,15.08,3.08,3.97,1.08,0.22,1.11,2.7747747747747744,1.3,22.32,29.0,2022
Bogdan Bogdanović,203992,G,14.0,2.78,3.06,0.8,0.33,1.2,2.3166666666666664,1.13,19.77,30.0,2023
Bogdan Bogdanović,203992,G,16.87,3.13,3.44,1.22,0.33,1.42,2.204225352112676,1.55,23.57,31.0,2024
Bol Bol,1629626,C,5.71,0.86,2.71,0.29,0.86,1.43,0.6013986013986015,1.15,9.0,20.0,2020
Bol Bol,1629626,C,2.16,0.22,0.75,0.09,0.31,0.41,0.5365853658536586,0.4,3.12,21.0,2021
Bol Bol,1629626,C,2.36,0.36,1.43,0.07,0.14,0.29,1.2413793103448276,0.21,4.07,22.0,2022
Bol Bol,1629626,C,9.06,0.99,5.79,0.43,1.21,1.6,0.6187499999999999,1.64,15.88,23.0,2023
Bol Bol,1629626,C,5.19,0.4,3.19,0.23,0.58,0.44,0.9090909090909092,0.81,9.15,24.0,2024
Devin Booker,1626164,G,13.79,2.63,2.46,0.58,0.26,2.11,1.246445497630332,0.84,17.61,19.0,2016
Devin Booker,1626164,G,22.13,3.44,3.19,0.92,0.27,3.09,1.1132686084142396,1.19,26.86,20.0,2017
Devin Booker,1626164,G,24.93,4.69,4.52,0.87,0.26,3.59,1.306406685236769,1.13,31.68,21.0,2018
Devin Booker,1626164,G,26.56,6.77,4.14,0.88,0.2,4.12,1.6432038834951457,1.08,34.43,22.0,2019
Devin Booker,1626164,G,26.61,6.51,4.24,0.7,0.26,3.77,1.7267904509283818,0.96,34.55,23.0,2020
Devin Booker,1626164,G,25.55,4.31,4.19,0.79,0.24,3.09,1.394822006472492,1.03,31.99,24.0,2021
Devin Booker,1626164,G,26.79,4.84,5.03,1.13,0.38,2.38,2.033613445378151,1.51,35.79,25.0,2022
Devin Booker,1626164,G,27.75,5.53,4.53,0.96,0.34,2.74,2.0182481751824817,1.3,36.37,26.0,2023
Devin Booker,1626164,G,27.07,6.94,4.53,0.9,0.41,2.62,2.648854961832061,1.31,37.23,27.0,2024
Brandon Boston,1630527,G,6.73,1.0,2.18,0.51,0.25,0.61,1.639344262295082,0.76,10.06,20.0,2022
Brandon Boston,1630527,G,6.5,0.91,1.36,0.41,0.0,0.55,1.6545454545454543,0.41,8.63,21.0,2023
Brandon Boston,1630527,G,5.22,0.41,1.62,0.34,0.25,0.75,0.5466666666666666,0.59,7.09,22.0,2024
Chris Boucher,1628449,F,0.0,0.0,1.0,0.0,0.0,0.0,0.0,0.0,1.0,25.0,2018
Chris Boucher,1628449,F,3.32,0.07,2.0,0.21,0.86,0.25,0.28,1.07,6.21,26.0,2019
Chris Boucher,1628449,F,6.63,0.42,4.47,0.35,0.98,0.45,0.9333333333333332,1.33,12.4,27.0,2020
Chris Boucher,1628449,F,13.63,1.05,6.73,0.58,1.85,0.77,1.3636363636363638,2.43,23.07,28.0,2021
Chris Boucher,1628449,F,9.43,0.31,6.18,0.61,0.94,0.52,0.5961538461538461,1.55,16.95,29.0,2022
Chris Boucher,1628449,F,9.37,0.38,5.54,0.62,0.84,0.54,0.7037037037037037,1.46,16.21,30.0,2023
Chris Boucher,1628449,F,6.44,0.46,4.14,0.28,0.48,0.56,0.8214285714285714,0.76,11.24,31.0,2024
Jamaree Bouyea,1631123,G,3.75,1.0,1.25,1.0,0.5,1.0,1.0,1.5,6.5,24.0,2023
Jamaree Bouyea,1631123,G,0.0,0.0,1.0,0.0,0.0,0.0,0.0,0.0,1.0,24.0,2023
Jamaree Bouyea,1631123,G,3.0,0.8,1.2,0.8,0.4,0.8,1.0,1.2,5.4,24.0,2023
Jamaree Bouyea,1631123,G,1.67,1.33,1.67,0.0,0.0,1.33,1.0,0.0,3.34,25.0,2024
Jamaree Bouyea,1631123,G,3.67,1.0,3.0,0.33,0.0,0.33,3.0303030303030303,0.33,7.67,25.0,2024
Jamaree Bouyea,1631123,G,2.33,1.22,2.11,0.11,0.0,1.0,1.22,0.11,4.77,25.0,2024
Tony Bradley,1628396,C,5.67,0.33,5.0,0.67,0.67,1.0,0.33,1.34,11.34,21.0,2019
Tony Bradley,1628396,C,4.91,0.4,4.6,0.24,0.57,0.52,0.7692307692307693,0.81,10.2,22.0,2020
Tony Bradley,1628396,C,5.45,0.85,5.2,0.3,0.65,0.3,2.833333333333333,0.95,12.15,23.0,2021
Tony Bradley,1628396,C,8.68,0.91,6.14,0.41,0.77,1.23,0.7398373983739838,1.18,15.68,23.0,2021
Tony Bradley,1628396,C,7.14,0.88,5.69,0.36,0.71,0.79,1.1139240506329111,1.07,13.99,23.0,2021
Tony Bradley,1628396,C,2.96,0.49,3.38,0.18,0.6,0.62,0.7903225806451613,0.78,6.99,24.0,2022
Tony Bradley,1628396,C,1.58,0.08,0.92,0.08,0.08,0.08,1.0,0.16,2.66,25.0,2023
Malaki Branham,1631103,F,10.2,1.92,2.74,0.5,0.11,1.15,1.6695652173913045,0.61,14.32,20.0,2023
Malaki Branham,1631103,F,9.2,2.08,1.97,0.36,0.11,1.21,1.71900826446281,0.47,12.51,21.0,2024
Christian Braun,1631128,G,4.74,0.78,2.38,0.54,0.22,0.46,1.6956521739130437,0.76,8.2,22.0,2023
Christian Braun,1631128,G,7.32,1.61,3.73,0.51,0.43,0.67,2.4029850746268657,0.94,12.93,23.0,2024
Mikal Bridges,1628969,G,8.34,2.11,3.22,1.57,0.46,0.85,2.4823529411764707,2.03,14.85,22.0,2019
Mikal Bridges,1628969,G,9.14,1.77,4.0,1.4,0.63,1.0,1.77,2.03,15.94,23.0,2020
Mikal Bridges,1628969,G,13.47,2.11,4.29,1.06,0.88,0.79,2.6708860759493667,1.94,21.02,24.0,2021
Mikal Bridges,1628969,G,14.17,2.26,4.23,1.17,0.44,0.83,2.72289156626506,1.61,21.44,25.0,2022
Mikal Bridges,1628969,G,17.23,3.59,4.34,1.16,0.8,1.39,2.58273381294964,1.96,25.73,26.0,2023
Mikal Bridges,1628969,G,26.15,2.67,4.48,0.96,0.59,1.81,1.4751381215469612,1.55,33.04,26.0,2023
Mikal Bridges,1628969,G,20.13,3.29,4.39,1.1,0.73,1.53,2.150326797385621,1.83,28.11,26.0,2023
Mikal Bridges,1628969,G,19.59,3.65,4.54,0.99,0.37,2.0,1.825,1.36,27.14,27.0,2024
Miles Bridges,1628970,F,7.46,1.19,4.04,0.69,0.61,0.62,1.9193548387096773,1.3,13.37,21.0,2019
Miles Bridges,1628970,F,12.97,1.75,5.57,0.62,0.74,1.46,1.1986301369863015,1.36,20.19,22.0,2020
Miles Bridges,1628970,F,12.73,2.23,6.02,0.67,0.79,1.61,1.3850931677018632,1.46,20.83,23.0,2021
Miles Bridges,1628970,F,20.16,3.75,6.99,0.92,0.84,1.88,1.9946808510638296,1.76,30.78,24.0,2022
Miles Bridges,1628970,F,21.0,3.35,7.32,0.94,0.48,2.0,1.675,1.42,31.09,26.0,2024
Oshae Brissett,1629052,F,1.95,0.37,1.37,0.21,0.05,0.37,1.0,0.26,3.58,22.0,2020
Oshae Brissett,1629052,F,10.9,0.86,5.48,0.9,0.95,0.48,1.7916666666666667,1.85,18.61,23.0,2021
Oshae Brissett,1629052,F,9.15,1.07,5.34,0.66,0.43,0.81,1.3209876543209875,1.09,15.84,24.0,2022
Oshae Brissett,1629052,F,6.12,0.68,3.35,0.51,0.2,0.52,1.3076923076923077,0.71,10.34,25.0,2023
Oshae Brissett,1629052,F,3.65,0.8,2.91,0.35,0.15,0.36,2.2222222222222223,0.5,7.5,26.0,2024
Malcolm Brogdon,1627763,G,10.23,4.23,2.84,1.12,0.16,1.51,2.8013245033112586,1.28,17.07,24.0,2017
Malcolm Brogdon,1627763,G,13.02,3.17,3.25,0.85,0.27,1.38,2.2971014492753623,1.12,19.18,25.0,2018
Malcolm Brogdon,1627763,G,15.64,3.2,4.5,0.72,0.2,1.42,2.2535211267605635,0.92,22.84,26.0,2019
Malcolm Brogdon,1627763,G,16.54,7.06,4.85,0.65,0.19,2.43,2.9053497942386826,0.84,26.86,27.0,2020
Malcolm Brogdon,1627763,G,21.18,5.88,5.25,0.88,0.27,2.05,2.8682926829268296,1.15,31.41,28.0,2021
Malcolm Brogdon,1627763,G,19.08,5.89,5.14,0.83,0.39,2.14,2.7523364485981303,1.22,29.19,29.0,2022
Malcolm Brogdon,1627763,G,14.93,3.7,4.18,0.67,0.27,1.46,2.534246575342466,0.94,22.29,30.0,2023
Malcolm Brogdon,1627763,G,15.72,5.49,3.79,0.69,0.21,1.54,3.564935064935065,0.9,24.36,31.0,2024
Dillon Brooks,1628415,G,10.95,1.65,3.13,0.89,0.21,1.51,1.0927152317880795,1.1,15.32,22.0,2018
Dillon Brooks,1628415,G,7.5,0.89,1.72,0.56,0.22,1.06,0.8396226415094339,0.78,9.83,23.0,2019
Dillon Brooks,1628415,G,16.18,2.05,3.33,0.86,0.37,1.7,1.2058823529411764,1.23,21.09,24.0,2020
Dillon Brooks,1628415,G,17.18,2.34,2.93,1.16,0.39,1.78,1.3146067415730336,1.55,22.22,25.0,2021
Dillon Brooks,1628415,G,18.44,2.75,3.19,1.12,0.25,1.56,1.7628205128205128,1.37,24.19,26.0,2022
Dillon Brooks,1628415,G,14.34,2.59,3.34,0.89,0.22,1.42,1.823943661971831,1.11,19.96,27.0,2023
Dillon Brooks,1628415,G,12.71,1.65,3.42,0.89,0.14,1.22,1.352459016393443,1.03,17.59,28.0,2024
Bruce Brown,1628971,G,4.31,1.23,2.5,0.54,0.49,0.62,1.9838709677419355,1.03,8.45,22.0,2019
Bruce Brown,1628971,G,8.91,3.97,4.72,1.09,0.5,1.72,2.308139534883721,1.59,17.47,23.0,2020
Bruce Brown,1628971,G,8.82,1.6,5.37,0.89,0.43,0.83,1.9277108433734944,1.32,16.28,24.0,2021
Bruce Brown,1628971,G,8.99,2.06,4.79,1.07,0.72,0.78,2.641025641025641,1.79,16.85,25.0,2022
Bruce Brown,1628971,G,11.54,3.35,4.1,1.09,0.64,1.54,2.1753246753246755,1.73,19.18,26.0,2023
Bruce Brown,1628971,G,12.06,3.03,4.67,1.06,0.24,1.24,2.443548387096774,1.3,19.82,27.0,2024
Bruce Brown,1628971,G,9.65,2.71,3.82,0.71,0.26,1.32,2.0530303030303028,0.97,15.83,27.0,2024
Bruce Brown,1628971,G,10.84,2.87,4.24,0.88,0.25,1.28,2.2421875,1.13,17.8,27.0,2024
Jaylen Brown,1627759,G,6.6,0.82,2.82,0.45,0.23,0.87,0.942528735632184,0.68,10.05,20.0,2017
Jaylen Brown,1627759,G,14.53,1.63,4.94,1.0,0.37,1.77,0.9209039548022598,1.37,20.7,21.0,2018
Jaylen Brown,1627759,G,13.03,1.35,4.23,0.93,0.43,1.34,1.007462686567164,1.36,18.63,22.0,2019
Jaylen Brown,1627759,G,20.33,2.07,6.39,1.14,0.35,2.19,0.9452054794520548,1.49,28.09,23.0,2020
Jaylen Brown,1627759,G,24.66,3.36,5.98,1.24,0.55,2.72,1.2352941176470589,1.79,33.07,24.0,2021
Jaylen Brown,1627759,G,23.62,3.5,6.12,1.06,0.27,2.7,1.2962962962962965,1.33,31.87,25.0,2022
Jaylen Brown,1627759,G,26.63,3.46,6.85,1.12,0.39,2.94,1.1768707482993197,1.51,35.51,26.0,2023
Jaylen Brown,1627759,G,23.0,3.56,5.53,1.19,0.53,2.37,1.50210970464135,1.72,31.44,27.0,2024
Kobe Brown,1641738,F,2.02,0.57,1.41,0.27,0.14,0.2,2.85,0.41,4.21,24.0,2024
Moses Brown,1629650,C,1.22,0.11,1.56,0.11,0.11,0.33,0.3333333333333333,0.22,2.78,20.0,2020
Moses Brown,1629650,C,8.6,0.23,8.91,0.72,1.09,1.0,0.23,1.81,18.55,21.0,2021
Moses Brown,1629650,C,3.12,0.04,2.35,0.12,0.35,0.54,0.074074074074074,0.47,5.44,22.0,2022
Moses Brown,1629650,C,6.43,0.0,5.29,0.29,0.5,0.43,0.0,0.79,12.08,22.0,2022
Moses Brown,1629650,C,4.28,0.02,3.38,0.18,0.4,0.5,0.04,0.58,7.76,22.0,2022
Moses Brown,1629650,C,4.56,0.12,4.09,0.09,0.41,0.41,0.2926829268292683,0.5,8.86,23.0,2023
Moses Brown,1629650,C,0.0,0.0,0.0,0.5,0.0,0.5,0.0,0.5,0.0,23.0,2023
Moses Brown,1629650,C,4.31,0.11,3.86,0.11,0.39,0.42,0.2619047619047619,0.5,8.36,23.0,2023
Moses Brown,1629650,C,3.41,0.32,3.91,0.23,0.32,0.5,0.64,0.55,7.69,24.0,2024
Jalen Brunson,1628973,G,9.29,3.15,2.32,0.51,0.05,1.21,2.603305785123967,0.56,14.11,22.0,2019
Jalen Brunson,1628973,G,8.18,3.3,2.35,0.39,0.07,1.16,2.844827586206897,0.46,13.13,23.0,2020
Jalen Brunson,1628973,G,12.6,3.51,3.4,0.51,0.01,1.18,2.9745762711864407,0.52,18.85,24.0,2021
Jalen Brunson,1628973,G,16.27,4.77,3.91,0.84,0.04,1.57,3.0382165605095537,0.88,24.26,25.0,2022
Jalen Brunson,1628973,G,24.01,6.19,3.54,0.9,0.22,2.09,2.9617224880382778,1.12,32.77,26.0,2023
Jalen Brunson,1628973,G,28.73,6.74,3.61,0.91,0.17,2.42,2.785123966942149,1.08,37.74,27.0,2024
Thomas Bryant,1628418,C,1.47,0.4,1.13,0.07,0.13,0.13,3.076923076923077,0.2,3.07,20.0,2018
Thomas Bryant,1628418,C,10.53,1.28,6.31,0.35,0.93,0.83,1.5421686746987953,1.28,18.57,21.0,2019
Thomas Bryant,1628418,C,13.24,1.8,7.2,0.54,1.07,1.15,1.565217391304348,1.61,22.7,22.0,2020
Thomas Bryant,1628418,C,14.3,1.5,6.1,0.4,0.8,1.1,1.3636363636363635,1.2,22.0,23.0,2021
Thomas Bryant,1628418,C,7.44,0.85,4.0,0.22,0.78,0.7,1.2142857142857144,1.0,12.59,24.0,2022
Thomas Bryant,1628418,C,12.1,0.71,6.8,0.34,0.56,0.68,1.0441176470588234,0.9,19.83,25.0,2023
Thomas Bryant,1628418,C,4.61,0.11,3.33,0.11,0.39,0.56,0.1964285714285714,0.5,7.99,25.0,2023
Thomas Bryant,1628418,C,9.81,0.53,5.75,0.27,0.51,0.64,0.828125,0.78,16.23,25.0,2023
Thomas Bryant,1628418,C,5.71,0.61,3.71,0.26,0.42,0.55,1.109090909090909,0.68,10.16,26.0,2024
Kobe Bufkin,1641723,G,4.76,1.59,1.94,0.41,0.29,0.59,2.6949152542372885,0.7,8.4,20.0,2024
Alec Burks,202692,G,13.85,3.04,4.22,0.63,0.19,1.93,1.5751295336787563,0.82,20.0,23.0,2015
Alec Burks,202692,G,13.29,2.03,3.52,0.58,0.13,1.65,1.2303030303030302,0.71,17.9,24.0,2016
Alec Burks,202692,G,6.74,0.71,2.86,0.43,0.12,0.83,0.8554216867469879,0.55,10.03,25.0,2017
Alec Burks,202692,G,7.72,1.05,3.0,0.58,0.12,0.94,1.1170212765957448,0.7,11.53,26.0,2018
Alec Burks,202692,G,8.41,1.18,1.59,0.35,0.24,0.88,1.3409090909090908,0.59,10.89,27.0,2019
Alec Burks,202692,G,11.65,2.88,5.47,0.74,0.47,1.35,2.1333333333333333,1.21,19.86,27.0,2019
Alec Burks,202692,G,1.69,0.77,1.69,0.62,0.08,0.31,2.4838709677419355,0.7,4.54,27.0,2019
Alec Burks,202692,G,8.77,2.0,3.67,0.61,0.33,1.02,1.96078431372549,0.94,14.36,27.0,2019
Alec Burks,202692,G,16.1,3.15,4.71,1.04,0.35,1.58,1.993670886075949,1.39,23.77,28.0,2020
Alec Burks,202692,G,12.22,2.11,3.11,0.67,0.0,0.83,2.5421686746987957,0.67,17.28,28.0,2020
Alec Burks,202692,G,15.05,2.86,4.27,0.94,0.26,1.38,2.072463768115942,1.2,22.0,28.0,2020
Alec Burks,202692,G,12.71,2.18,4.63,0.63,0.29,1.0,2.18,0.92,19.44,29.0,2021
Alec Burks,202692,G,11.65,2.95,4.9,1.05,0.32,1.12,2.633928571428571,1.37,19.75,30.0,2022
Alec Burks,202692,G,12.78,2.24,3.1,0.75,0.16,1.14,1.9649122807017547,0.91,17.89,31.0,2023
Alec Burks,202692,G,12.56,1.58,2.56,0.49,0.26,0.74,2.135135135135135,0.75,16.71,32.0,2024
Alec Burks,202692,G,6.48,0.87,1.74,0.3,0.04,0.7,1.2428571428571429,0.34,8.73,32.0,2024
Alec Burks,202692,G,10.44,1.33,2.27,0.42,0.18,0.73,1.8219178082191785,0.6,13.91,32.0,2024
Jared Butler,1630215,G,3.83,1.5,1.07,0.4,0.19,0.79,1.8987341772151896,0.59,6.2,21.0,2022
Jared Butler,1630215,G,6.17,1.33,0.67,0.83,0.0,0.83,1.602409638554217,0.83,8.17,22.0,2023
Jared Butler,1630215,G,6.28,3.15,1.45,0.72,0.2,1.25,2.52,0.92,10.55,23.0,2024
Jimmy Butler III,202710,F,20.02,3.26,5.83,1.75,0.55,1.43,2.27972027972028,2.3,29.98,25.0,2015
Jimmy Butler III,202710,F,20.88,4.79,5.34,1.64,0.64,1.97,2.431472081218274,2.28,31.32,26.0,2016
Jimmy Butler III,202710,F,23.89,5.49,6.18,1.88,0.42,2.09,2.6267942583732062,2.3,35.77,27.0,2017
Jimmy Butler III,202710,F,22.15,4.88,5.32,1.97,0.41,1.83,2.6666666666666665,2.38,32.9,28.0,2018
Jimmy Butler III,202710,F,21.3,4.3,5.2,2.4,1.0,1.4,3.071428571428572,3.4,32.8,29.0,2019
Jimmy Butler III,202710,F,18.22,4.0,5.27,1.8,0.53,1.47,2.7210884353741496,2.33,28.35,29.0,2019
Jimmy Butler III,202710,F,18.69,4.05,5.26,1.89,0.6,1.46,2.773972602739726,2.49,29.03,29.0,2019
Jimmy Butler III,202710,F,19.95,6.03,6.66,1.78,0.55,2.19,2.753424657534247,2.33,32.78,30.0,2020
Jimmy Butler III,202710,F,21.46,7.1,6.9,2.08,0.35,2.1,3.3809523809523805,2.43,35.79,31.0,2021
Jimmy Butler III,202710,F,21.39,5.47,5.89,1.65,0.47,2.12,2.580188679245283,2.12,32.75,32.0,2022
Jimmy Butler III,202710,F,22.91,5.31,5.86,1.83,0.33,1.58,3.360759493670886,2.16,34.66,33.0,2023
Jimmy Butler III,202710,F,20.77,4.97,5.3,1.32,0.28,1.7,2.9235294117647057,1.6,30.94,34.0,2024
Jamal Cain,1631288,F,5.44,0.67,2.89,0.61,0.06,0.33,2.0303030303030303,0.67,9.34,24.0,2023
Jamal Cain,1631288,F,3.73,0.38,1.42,0.38,0.19,0.31,1.2258064516129032,0.57,5.79,25.0,2024
Kentavious Caldwell-Pope,203484,G,12.72,1.33,3.11,1.13,0.22,1.15,1.156521739130435,1.35,17.36,22.0,2015
Kentavious Caldwell-Pope,203484,G,14.54,1.82,3.71,1.45,0.22,1.38,1.318840579710145,1.67,20.36,23.0,2016
Kentavious Caldwell-Pope,203484,G,13.78,2.54,3.26,1.17,0.16,1.13,2.2477876106194694,1.33,19.78,24.0,2017
Kentavious Caldwell-Pope,203484,G,13.41,2.19,5.23,1.43,0.22,1.31,1.6717557251908397,1.65,21.17,25.0,2018
Kentavious Caldwell-Pope,203484,G,11.44,1.34,2.9,0.89,0.16,0.79,1.6962025316455696,1.05,15.94,26.0,2019
Kentavious Caldwell-Pope,203484,G,9.35,1.61,2.06,0.83,0.2,0.9,1.788888888888889,1.03,13.15,27.0,2020
Kentavious Caldwell-Pope,203484,G,9.75,1.9,2.67,0.93,0.39,0.99,1.9191919191919191,1.32,14.65,28.0,2021
Kentavious Caldwell-Pope,203484,G,13.22,1.88,3.39,1.08,0.34,1.26,1.492063492063492,1.42,18.65,29.0,2022
Kentavious Caldwell-Pope,203484,G,10.82,2.41,2.74,1.47,0.46,1.13,2.132743362831859,1.93,16.77,30.0,2023
Kentavious Caldwell-Pope,203484,G,10.08,2.41,2.41,1.29,0.55,0.99,2.4343434343434347,1.84,15.75,31.0,2024
Toumani Camara,1641739,F,7.53,1.24,4.9,0.94,0.47,1.2,1.0333333333333334,1.41,13.88,24.0,2024
Clint Capela,203991,C,2.67,0.17,3.0,0.08,0.75,0.42,0.4047619047619048,0.83,6.25,21.0,2015
Clint Capela,203991,C,7.04,0.61,6.42,0.77,1.19,0.78,0.782051282051282,1.96,15.25,22.0,2016
Clint Capela,203991,C,12.58,0.97,8.09,0.52,1.22,1.34,0.7238805970149254,1.74,22.04,23.0,2017
Clint Capela,203991,C,13.86,0.92,10.84,0.78,1.85,1.39,0.6618705035971224,2.63,26.86,24.0,2018
Clint Capela,203991,C,16.63,1.43,12.66,0.66,1.52,1.4,1.0214285714285714,2.18,31.5,25.0,2019
Clint Capela,203991,C,13.92,1.23,13.77,0.85,1.85,1.62,0.7592592592592592,2.7,30.0,26.0,2020
Clint Capela,203991,C,15.17,0.78,14.33,0.7,2.05,1.16,0.6724137931034484,2.75,31.87,27.0,2021
Clint Capela,203991,C,11.08,1.24,11.85,0.74,1.26,0.59,2.101694915254237,2.0,25.58,28.0,2022
Clint Capela,203991,C,11.98,0.89,11.03,0.69,1.22,0.83,1.072289156626506,1.91,24.98,29.0,2023
Clint Capela,203991,C,11.45,1.25,10.63,0.59,1.45,1.01,1.2376237623762376,2.04,24.36,30.0,2024
Jevon Carter,1628975,G,4.41,1.77,1.69,0.67,0.28,0.85,2.0823529411764707,0.95,7.97,23.0,2019
Jevon Carter,1628975,G,4.95,1.45,2.03,0.81,0.29,0.55,2.636363636363636,1.1,8.98,24.0,2020
Jevon Carter,1628975,G,4.13,1.18,1.53,0.48,0.15,0.27,4.37037037037037,0.63,7.2,25.0,2021
Jevon Carter,1628975,G,3.59,1.0,1.46,0.3,0.22,0.57,1.7543859649122808,0.52,6.0,26.0,2022
Jevon Carter,1628975,G,5.6,2.5,2.15,0.5,0.2,0.4,6.25,0.7,10.55,26.0,2022
Jevon Carter,1628975,G,4.2,1.45,1.67,0.36,0.21,0.52,2.7884615384615383,0.57,7.37,26.0,2022
Jevon Carter,1628975,G,8.04,2.43,2.49,0.81,0.36,0.96,2.5312500000000004,1.17,13.17,27.0,2023
Jevon Carter,1628975,G,4.96,1.31,0.83,0.51,0.22,0.5,2.62,0.73,7.33,28.0,2024
Wendell Carter Jr.,1628976,C,10.34,1.77,6.98,0.59,1.32,1.48,1.195945945945946,1.91,19.52,20.0,2019
Wendell Carter Jr.,1628976,C,11.26,1.19,9.42,0.77,0.84,1.67,0.7125748502994012,1.61,21.81,21.0,2020
Wendell Carter Jr.,1628976,C,10.88,2.16,7.81,0.56,0.75,1.53,1.411764705882353,1.31,20.63,22.0,2021
Wendell Carter Jr.,1628976,C,11.73,1.59,8.77,0.77,0.82,1.32,1.2045454545454546,1.59,22.36,22.0,2021
Wendell Carter Jr.,1628976,C,11.22,1.93,8.2,0.65,0.78,1.44,1.3402777777777777,1.43,21.34,22.0,2021
Wendell Carter Jr.,1628976,C,15.02,2.76,10.45,0.58,0.69,1.89,1.4603174603174602,1.27,27.61,23.0,2022
Wendell Carter Jr.,1628976,C,15.23,2.32,8.72,0.53,0.58,1.86,1.247311827956989,1.11,25.52,24.0,2023
Wendell Carter Jr.,1628976,C,10.96,1.73,6.93,0.64,0.51,1.24,1.3951612903225807,1.15,19.53,25.0,2024
D.J. Carton,1630618,G,2.75,0.75,1.0,0.25,0.0,0.25,3.0,0.25,4.5,23.0,2024
Alex Caruso,1627936,G,3.62,2.03,1.76,0.62,0.27,1.14,1.780701754385965,0.89,7.16,24.0,2018
Alex Caruso,1627936,G,9.16,3.08,2.68,0.96,0.36,1.68,1.8333333333333333,1.32,14.56,25.0,2019
Alex Caruso,1627936,G,5.45,1.94,1.92,1.09,0.28,0.83,2.3373493975903616,1.37,9.85,26.0,2020
Alex Caruso,1627936,G,6.38,2.76,2.93,1.1,0.26,1.31,2.106870229007633,1.36,12.12,27.0,2021
Alex Caruso,1627936,G,7.41,4.02,3.61,1.73,0.37,1.39,2.892086330935252,2.1,15.75,28.0,2022
Alex Caruso,1627936,G,5.58,2.88,2.93,1.46,0.69,1.15,2.5043478260869567,2.15,12.39,29.0,2023
Alex Caruso,1627936,G,10.07,3.48,3.85,1.69,0.99,1.44,2.416666666666667,2.68,18.64,30.0,2024
Colin Castleton,1630658,C,1.5,0.19,0.75,0.12,0.0,0.19,1.0,0.12,2.37,24.0,2024
Julian Champagnie,1630577,F,0.0,0.0,0.0,0.5,0.0,0.0,0.0,0.5,0.5,22.0,2023
Julian Champagnie,1630577,F,11.0,0.67,4.0,0.33,0.33,0.73,0.9178082191780824,0.66,15.6,22.0,2023
Julian Champagnie,1630577,F,9.71,0.59,3.53,0.35,0.29,0.65,0.9076923076923076,0.64,13.82,22.0,2023
Julian Champagnie,1630577,F,6.81,1.39,2.78,0.65,0.57,0.77,1.805194805194805,1.22,11.43,23.0,2024
Justin Champagnie,1630551,G,2.25,0.31,2.0,0.22,0.11,0.22,1.4090909090909092,0.33,4.67,21.0,2022
Justin Champagnie,1630551,G,5.93,1.27,3.53,0.67,0.6,0.67,1.8955223880597012,1.27,11.33,23.0,2024
Max Christie,1631108,G,3.12,0.51,1.83,0.22,0.17,0.32,1.59375,0.39,5.53,20.0,2023
Max Christie,1631108,G,4.24,0.9,2.12,0.3,0.25,0.52,1.7307692307692308,0.55,7.29,21.0,2024
Josh Christopher,1630528,G,7.93,2.03,2.51,0.88,0.18,1.54,1.318181818181818,1.06,11.99,20.0,2022
Josh Christopher,1630528,G,5.81,1.14,1.11,0.52,0.23,0.94,1.2127659574468084,0.75,7.87,21.0,2023
Sidy Cissoko,1631321,G,3.75,0.83,1.83,0.58,0.25,0.25,3.32,0.83,6.99,20.0,2024
Brandon Clarke,1629634,F,12.07,1.4,5.95,0.55,0.83,0.95,1.4736842105263157,1.38,19.85,23.0,2020
Brandon Clarke,1629634,F,10.34,1.61,5.56,1.02,0.86,0.56,2.875,1.88,18.83,24.0,2021
Brandon Clarke,1629634,F,10.41,1.34,5.34,0.61,1.06,0.53,2.5283018867924527,1.67,18.23,25.0,2022
Brandon Clarke,1629634,F,9.96,1.29,5.54,0.61,0.66,0.98,1.316326530612245,1.27,17.08,26.0,2023
Brandon Clarke,1629634,F,11.33,1.5,5.33,0.83,1.0,0.5,3.0,1.83,19.49,27.0,2024
Jordan Clarkson,203903,G,11.92,3.49,3.24,0.86,0.2,1.63,2.141104294478528,1.06,18.08,23.0,2015
Jordan Clarkson,203903,G,15.51,2.43,3.96,1.11,0.09,1.71,1.4210526315789476,1.2,21.39,24.0,2016
Jordan Clarkson,203903,G,14.7,2.6,3.0,1.07,0.1,2.0,1.3,1.17,19.47,25.0,2017
Jordan Clarkson,203903,G,14.55,3.26,3.0,0.74,0.06,1.79,1.8212290502793291,0.8,19.82,26.0,2018
Jordan Clarkson,203903,G,12.61,1.71,2.07,0.68,0.11,1.14,1.5,0.79,16.04,26.0,2018
Jordan Clarkson,203903,G,13.88,2.73,2.68,0.72,0.07,1.57,1.7388535031847132,0.79,18.51,26.0,2018
Jordan Clarkson,203903,G,16.84,2.42,3.33,0.7,0.16,1.67,1.4491017964071855,0.86,21.78,27.0,2019
Jordan Clarkson,203903,G,14.59,2.41,2.38,0.59,0.28,1.34,1.7985074626865671,0.87,18.91,28.0,2020
Jordan Clarkson,203903,G,15.6,1.57,2.81,0.69,0.19,1.38,1.13768115942029,0.88,19.48,28.0,2020
Jordan Clarkson,203903,G,15.18,1.92,2.63,0.65,0.23,1.37,1.4014598540145984,0.88,19.24,28.0,2020
Jordan Clarkson,203903,G,18.4,2.47,4.03,0.9,0.15,1.69,1.4615384615384617,1.05,24.26,29.0,2021
Jordan Clarkson,203903,G,16.03,2.46,3.46,0.84,0.2,1.63,1.5092024539877302,1.04,21.36,30.0,2022
Jordan Clarkson,203903,G,20.84,4.43,4.03,0.54,0.21,3.05,1.4524590163934423,0.75,27.0,31.0,2023
Jordan Clarkson,203903,G,17.13,5.04,3.42,0.64,0.11,2.65,1.9018867924528304,0.75,23.69,32.0,2024
Nic Claxton,1629651,C,4.4,1.07,2.93,0.07,0.53,0.6,1.7833333333333334,0.6,8.4,21.0,2020
Nic Claxton,1629651,C,6.62,0.88,5.19,0.72,1.25,0.56,1.5714285714285714,1.97,14.1,22.0,2021
Nic Claxton,1629651,C,8.72,0.91,5.62,0.51,1.09,0.81,1.123456790123457,1.6,16.04,23.0,2022
Nic Claxton,1629651,C,12.64,1.89,9.24,0.86,2.49,1.26,1.5,3.35,25.86,24.0,2023
Nic Claxton,1629651,C,11.85,2.07,9.94,0.65,2.06,1.31,1.580152671755725,2.71,25.26,25.0,2024
Noah Clowney,1641730,F,5.78,0.78,3.52,0.35,0.7,0.65,1.2,1.05,10.48,19.0,2024
Amir Coffey,1629599,G,3.22,0.78,0.89,0.28,0.11,0.44,1.7727272727272727,0.39,4.84,23.0,2020
Amir Coffey,1629599,G,3.18,0.5,1.0,0.23,0.0,0.34,1.4705882352941175,0.23,4.57,24.0,2021
Amir Coffey,1629599,G,8.97,1.8,2.86,0.55,0.22,0.65,2.769230769230769,0.77,13.75,25.0,2022
Amir Coffey,1629599,G,3.44,1.06,1.06,0.14,0.1,0.42,2.523809523809524,0.24,5.38,26.0,2023
Amir Coffey,1629599,G,6.61,1.09,2.11,0.59,0.2,0.47,2.319148936170213,0.79,10.13,27.0,2024
John Collins,1628381,F,10.5,1.32,7.31,0.64,1.08,1.42,0.9295774647887324,1.72,19.43,20.0,2018
John Collins,1628381,F,19.48,1.98,9.75,0.36,0.64,1.97,1.0050761421319796,1.0,30.24,21.0,2019
John Collins,1628381,F,21.59,1.46,10.15,0.76,1.61,1.83,0.7978142076502732,2.37,33.74,22.0,2020
John Collins,1628381,F,17.63,1.24,7.41,0.54,1.0,1.33,0.9323308270676692,1.54,26.49,23.0,2021
John Collins,1628381,F,16.22,1.81,7.81,0.61,1.04,1.11,1.6306306306306306,1.65,26.38,24.0,2022
John Collins,1628381,F,13.11,1.2,6.51,0.59,1.03,1.11,1.081081081081081,1.62,21.33,25.0,2023
John Collins,1628381,F,15.1,1.13,8.46,0.59,0.9,1.44,0.7847222222222222,1.49,24.74,26.0,2024
Zach Collins,1628380,F,4.42,0.79,3.35,0.26,0.47,0.88,0.8977272727272728,0.73,8.41,20.0,2018
Zach Collins,1628380,F,6.65,0.92,4.21,0.32,0.86,1.0,0.92,1.18,11.96,21.0,2019
Zach Collins,1628380,F,7.0,1.45,6.27,0.45,0.45,1.27,1.141732283464567,0.9,14.35,22.0,2020
Zach Collins,1628380,F,7.79,2.18,5.46,0.46,0.82,1.61,1.3540372670807457,1.28,15.1,24.0,2022
Zach Collins,1628380,F,11.6,2.86,6.38,0.59,0.78,2.05,1.3951219512195123,1.37,20.16,25.0,2023
Zach Collins,1628380,F,11.25,2.81,5.36,0.49,0.75,1.91,1.4712041884816756,1.24,18.75,26.0,2024
Mike Conley,201144,G,15.81,5.36,2.99,1.27,0.2,2.23,2.4035874439461886,1.47,23.4,27.0,2015
Mike Conley,201144,G,15.3,6.11,2.93,1.2,0.29,1.5,4.073333333333333,1.49,24.33,28.0,2016
Mike Conley,201144,G,20.51,6.28,3.49,1.33,0.28,2.26,2.778761061946903,1.61,29.63,29.0,2017
Mike Conley,201144,G,17.08,4.08,2.25,1.0,0.25,1.5,2.72,1.25,23.16,30.0,2018
Mike Conley,201144,G,21.11,6.41,3.41,1.34,0.31,1.86,3.446236559139785,1.65,30.72,31.0,2019
Mike Conley,201144,G,14.36,4.43,3.21,0.77,0.11,1.96,2.260204081632653,0.88,20.92,32.0,2020
Mike Conley,201144,G,16.22,5.98,3.47,1.37,0.18,1.94,3.082474226804124,1.55,25.28,33.0,2021
Mike Conley,201144,G,13.69,5.35,3.01,1.33,0.29,1.71,3.1286549707602336,1.62,21.96,34.0,2022
Mike Conley,201144,G,10.72,7.67,2.49,1.02,0.23,1.72,4.459302325581396,1.25,20.41,35.0,2023
Mike Conley,201144,G,14.04,5.0,3.12,1.21,0.17,1.21,4.132231404958678,1.38,22.33,35.0,2023
Mike Conley,201144,G,11.91,6.72,2.72,1.09,0.21,1.54,4.363636363636363,1.3,21.11,35.0,2023
Mike Conley,201144,G,11.43,5.91,2.87,1.16,0.22,1.34,4.41044776119403,1.38,20.25,36.0,2024
Pat Connaughton,1626192,G,1.06,0.29,0.94,0.06,0.0,0.29,1.0,0.06,2.06,23.0,2016
Pat Connaughton,1626192,G,2.51,0.72,1.33,0.15,0.05,0.44,1.6363636363636362,0.2,4.32,24.0,2017
Pat Connaughton,1626192,G,5.38,1.11,1.96,0.28,0.27,0.52,2.1346153846153846,0.55,8.48,25.0,2018
Pat Connaughton,1626192,G,6.9,2.0,4.23,0.54,0.41,0.54,3.7037037037037033,0.95,13.54,26.0,2019
Pat Connaughton,1626192,G,5.37,1.6,4.24,0.37,0.46,0.78,2.0512820512820515,0.83,11.26,27.0,2020
Pat Connaughton,1626192,G,6.78,1.17,4.81,0.71,0.33,0.48,2.4375,1.04,13.32,28.0,2021
Pat Connaughton,1626192,G,9.92,1.26,4.2,0.91,0.23,0.54,2.333333333333333,1.14,15.98,29.0,2022
Pat Connaughton,1626192,G,7.64,1.26,4.64,0.61,0.18,0.54,2.333333333333333,0.79,13.79,30.0,2023
Pat Connaughton,1626192,G,5.63,2.12,3.14,0.53,0.25,0.64,3.3125,0.78,11.03,31.0,2024
Bilal Coulibaly,1641731,G,8.44,1.75,4.06,0.9,0.76,1.38,1.2681159420289856,1.66,14.53,19.0,2024
Ricky Council IV,1641741,G,5.41,0.5,1.44,0.25,0.03,0.16,3.125,0.28,7.47,22.0,2024
Torrey Craig,1628470,F,4.18,0.64,3.26,0.31,0.38,0.51,1.2549019607843137,0.69,8.26,27.0,2018
Torrey Craig,1628470,F,5.73,0.96,3.51,0.49,0.61,0.59,1.6271186440677967,1.1,10.71,28.0,2019
Torrey Craig,1628470,F,5.43,0.81,3.26,0.4,0.62,0.43,1.8837209302325584,1.02,10.09,29.0,2020
Torrey Craig,1628470,F,2.5,0.89,2.39,0.5,0.39,0.28,3.1785714285714284,0.89,6.39,30.0,2021
Torrey Craig,1628470,F,7.16,1.03,4.81,0.59,0.62,0.62,1.6612903225806452,1.21,13.59,30.0,2021
Torrey Craig,1628470,F,5.48,0.98,3.94,0.56,0.54,0.5,1.96,1.1,11.0,30.0,2021
Torrey Craig,1628470,F,6.45,1.14,3.82,0.47,0.37,0.76,1.4999999999999998,0.84,11.49,31.0,2022
Torrey Craig,1628470,F,6.93,1.22,4.26,0.81,0.63,1.04,1.173076923076923,1.44,12.81,31.0,2022
Torrey Craig,1628470,F,6.62,1.17,3.97,0.59,0.46,0.86,1.3604651162790695,1.05,11.95,31.0,2022
Torrey Craig,1628470,F,7.44,1.48,5.39,0.63,0.78,0.92,1.6086956521739129,1.41,14.8,32.0,2023
Torrey Craig,1628470,F,5.72,1.09,4.09,0.57,0.4,0.6,1.8166666666666669,0.97,11.27,33.0,2024
Jae Crowder,203109,F,3.56,0.48,1.16,0.6,0.2,0.4,1.2,0.8,5.6,24.0,2015
Jae Crowder,203109,F,9.46,1.44,4.63,1.0,0.35,0.68,2.117647058823529,1.35,16.2,24.0,2015
Jae Crowder,203109,F,7.66,1.15,3.57,0.88,0.3,0.6,1.9166666666666663,1.18,12.96,24.0,2015
Jae Crowder,203109,F,14.22,1.85,5.11,1.73,0.48,1.14,1.6228070175438598,2.21,22.25,25.0,2016
Jae Crowder,203109,F,13.88,2.15,5.76,1.01,0.32,1.11,1.9369369369369367,1.33,22.01,26.0,2017
Jae Crowder,203109,F,8.57,1.09,3.26,0.77,0.23,0.79,1.379746835443038,1.0,13.13,27.0,2018
Jae Crowder,203109,F,11.81,1.52,3.78,0.85,0.33,1.19,1.277310924369748,1.18,17.1,27.0,2018
Jae Crowder,203109,F,9.66,1.24,3.44,0.8,0.26,0.92,1.3478260869565215,1.06,14.48,27.0,2018
Jae Crowder,203109,F,11.89,1.66,4.8,0.8,0.39,1.06,1.5660377358490565,1.19,18.48,28.0,2019
Jae Crowder,203109,F,9.93,2.78,6.16,1.04,0.31,1.2,2.3166666666666664,1.35,19.02,29.0,2020
Jae Crowder,203109,F,11.85,1.8,5.35,1.25,0.5,0.75,2.4,1.75,20.0,29.0,2020
Jae Crowder,203109,F,10.52,2.48,5.91,1.11,0.37,1.06,2.339622641509434,1.48,19.33,29.0,2020
Jae Crowder,203109,F,10.05,2.12,4.7,0.8,0.45,0.92,2.3043478260869565,1.25,17.2,30.0,2021
Jae Crowder,203109,F,9.43,1.85,5.28,1.42,0.45,0.82,2.25609756097561,1.87,17.61,31.0,2022
Jae Crowder,203109,F,6.89,1.5,3.83,0.67,0.33,0.39,3.846153846153846,1.0,12.83,32.0,2023
Jae Crowder,203109,F,6.24,1.32,3.22,0.76,0.18,0.46,2.869565217391304,0.94,11.26,33.0,2024
Cade Cunningham,1630595,G,17.41,5.56,5.53,1.22,0.67,3.66,1.5191256830601092,1.89,26.73,20.0,2022
Cade Cunningham,1630595,G,19.92,6.0,6.17,0.83,0.58,3.25,1.8461538461538465,1.41,30.25,21.0,2023
Cade Cunningham,1630595,G,22.66,7.48,4.32,0.9,0.35,3.42,2.1871345029239766,1.25,32.29,22.0,2024
Seth Curry,203552,G,6.8,1.52,1.36,0.5,0.07,0.82,1.853658536585366,0.57,9.43,25.0,2016
Seth Curry,203552,G,12.83,2.7,2.56,1.13,0.1,1.31,2.0610687022900764,1.23,18.01,26.0,2017
Seth Curry,203552,G,7.85,0.89,1.62,0.49,0.16,0.82,1.0853658536585369,0.65,10.19,28.0,2019
Seth Curry,203552,G,12.39,1.94,2.27,0.59,0.14,0.97,2.0,0.73,16.36,29.0,2020
Seth Curry,203552,G,12.47,2.72,2.39,0.77,0.14,1.14,2.385964912280702,0.91,17.35,30.0,2021
Seth Curry,203552,G,15.02,4.02,3.36,0.8,0.24,1.87,2.1497326203208558,1.04,21.57,31.0,2022
Seth Curry,203552,G,14.95,2.58,2.58,0.89,0.16,1.32,1.9545454545454544,1.05,19.84,31.0,2022
Seth Curry,203552,G,15.0,3.59,3.12,0.83,0.22,1.7,2.111764705882353,1.05,21.06,31.0,2022
Seth Curry,203552,G,9.2,1.62,1.64,0.59,0.11,0.84,1.9285714285714288,0.7,12.32,32.0,2023
Seth Curry,203552,G,4.28,0.83,1.44,0.47,0.08,0.44,1.886363636363636,0.55,6.66,33.0,2024
Seth Curry,203552,G,9.0,1.75,2.0,0.62,0.38,0.62,2.8225806451612905,1.0,13.13,33.0,2024
Seth Curry,203552,G,5.14,1.0,1.55,0.5,0.14,0.48,2.083333333333333,0.64,7.85,33.0,2024
Stephen Curry,201939,G,23.75,7.74,4.26,2.04,0.2,3.11,2.4887459807073955,2.24,34.88,27.0,2015
Stephen Curry,201939,G,30.06,6.67,5.44,2.14,0.19,3.32,2.0090361445783134,2.33,41.18,28.0,2016
Stephen Curry,201939,G,25.3,6.63,4.47,1.8,0.22,3.03,2.1881188118811883,2.02,35.39,29.0,2017
Stephen Curry,201939,G,26.39,6.08,5.12,1.57,0.16,3.0,2.026666666666667,1.73,36.32,30.0,2018
Stephen Curry,201939,G,27.26,5.23,5.35,1.33,0.36,2.78,1.8812949640287773,1.69,36.75,31.0,2019
Stephen Curry,201939,G,20.8,6.6,5.2,1.0,0.4,3.2,2.0625,1.4,30.8,32.0,2020
Stephen Curry,201939,G,31.98,5.76,5.48,1.22,0.13,3.38,1.7041420118343196,1.35,41.19,33.0,2021
Stephen Curry,201939,G,25.47,6.31,5.23,1.33,0.36,3.22,1.9596273291925463,1.69,35.48,34.0,2022
Stephen Curry,201939,G,29.43,6.29,6.09,0.93,0.36,3.2,1.965625,1.29,39.9,35.0,2023
Stephen Curry,201939,G,26.43,5.12,4.46,0.73,0.38,2.84,1.8028169014084507,1.11,34.28,36.0,2024
Dyson Daniels,1630700,G,3.85,2.27,3.19,0.73,0.19,0.97,2.3402061855670104,0.92,9.26,20.0,2023
Dyson Daniels,1630700,G,5.8,2.69,3.87,1.39,0.41,0.97,2.77319587628866,1.8,13.19,21.0,2024
Anthony Davis,203076,F,24.35,2.19,10.24,1.47,2.94,1.4,1.5642857142857145,4.41,39.79,22.0,2015
Anthony Davis,203076,F,24.28,1.9,10.28,1.28,2.05,1.98,0.9595959595959596,3.33,37.81,23.0,2016
Anthony Davis,203076,F,27.99,2.09,11.79,1.25,2.23,2.41,0.867219917012448,3.48,42.94,24.0,2017
Anthony Davis,203076,F,28.13,2.32,11.08,1.53,2.57,2.16,1.074074074074074,4.1,43.47,25.0,2018
Anthony Davis,203076,F,25.93,3.89,12.0,1.57,2.41,2.0,1.945,3.98,43.8,26.0,2019
Anthony Davis,203076,F,26.1,3.23,9.31,1.47,2.31,2.48,1.3024193548387095,3.78,39.94,27.0,2020
Anthony Davis,203076,F,21.83,3.06,7.94,1.25,1.64,2.06,1.4854368932038835,2.89,33.66,28.0,2021
Anthony Davis,203076,F,23.18,3.05,9.85,1.23,2.25,2.05,1.4878048780487805,3.48,37.51,29.0,2022
Anthony Davis,203076,F,25.91,2.64,12.54,1.05,2.04,2.18,1.211009174311927,3.09,42.0,30.0,2023
Anthony Davis,203076,F,24.68,3.5,12.64,1.2,2.34,2.09,1.674641148325359,3.54,42.27,31.0,2024
Johnny Davis,1631098,G,5.82,1.0,2.32,0.36,0.29,0.61,1.639344262295082,0.65,9.18,21.0,2023
Johnny Davis,1631098,G,3.04,0.64,1.44,0.36,0.2,0.26,2.4615384615384617,0.56,5.42,22.0,2024
JD Davison,1631120,G,1.58,0.92,0.75,0.17,0.17,0.33,2.787878787878788,0.34,3.26,20.0,2023
JD Davison,1631120,G,2.0,1.25,1.25,0.12,0.12,0.25,5.0,0.24,4.49,21.0,2024
DeMar DeRozan,201942,G,20.07,3.5,4.62,1.22,0.18,2.28,1.5350877192982455,1.4,27.31,25.0,2015
DeMar DeRozan,201942,G,23.46,4.04,4.47,1.04,0.27,2.24,1.8035714285714284,1.31,31.04,26.0,2016
DeMar DeRozan,201942,G,27.3,3.92,5.22,1.05,0.18,2.43,1.6131687242798352,1.23,35.24,27.0,2017
DeMar DeRozan,201942,G,23.0,5.21,3.94,1.06,0.28,2.19,2.3789954337899544,1.34,31.3,28.0,2018
DeMar DeRozan,201942,G,21.23,6.17,6.0,1.12,0.47,2.58,2.391472868217054,1.59,32.41,29.0,2019
DeMar DeRozan,201942,G,22.12,5.59,5.51,1.03,0.29,2.41,2.3195020746887964,1.32,32.13,30.0,2020
DeMar DeRozan,201942,G,21.57,6.92,4.25,0.92,0.25,1.95,3.5487179487179485,1.17,31.96,31.0,2021
DeMar DeRozan,201942,G,27.87,4.92,5.16,0.89,0.32,2.38,2.0672268907563027,1.21,36.78,32.0,2022
DeMar DeRozan,201942,G,24.54,5.09,4.64,1.12,0.49,2.07,2.458937198067633,1.61,33.81,33.0,2023
DeMar DeRozan,201942,G,24.01,5.33,4.3,1.14,0.57,1.71,3.1169590643274856,1.71,33.64,34.0,2024
Donte DiVincenzo,1628978,G,4.85,1.15,2.41,0.48,0.22,0.7,1.6428571428571428,0.7,8.41,22.0,2019
Donte DiVincenzo,1628978,G,9.24,2.33,4.82,1.29,0.3,1.36,1.713235294117647,1.59,16.62,23.0,2020
Donte DiVincenzo,1628978,G,10.42,3.08,5.76,1.09,0.23,1.38,2.231884057971014,1.32,19.2,24.0,2021
Donte DiVincenzo,1628978,G,7.18,1.71,3.53,0.65,0.18,1.65,1.0363636363636364,0.83,11.6,25.0,2022
Donte DiVincenzo,1628978,G,10.32,3.56,4.4,1.48,0.2,1.76,2.022727272727273,1.68,18.2,25.0,2022
Donte DiVincenzo,1628978,G,9.05,2.81,4.05,1.14,0.19,1.71,1.6432748538011697,1.33,15.53,25.0,2022
Donte DiVincenzo,1628978,G,9.42,3.5,4.51,1.35,0.14,1.56,2.243589743589744,1.49,17.36,26.0,2023
Donte DiVincenzo,1628978,G,15.54,2.67,3.67,1.32,0.44,1.4,1.9071428571428573,1.76,22.24,27.0,2024
Moussa Diabaté,1631217,F,2.68,0.18,2.27,0.32,0.36,0.41,0.4390243902439024,0.68,5.4,21.0,2023
Moussa Diabaté,1631217,F,2.64,0.36,2.18,0.45,0.09,0.18,2.0,0.54,5.54,22.0,2024
Gradey Dick,1641711,G,8.5,1.13,2.2,0.57,0.03,0.83,1.36144578313253,0.6,11.6,20.0,2024
Ousmane Dieng,1631172,F,4.95,1.18,2.69,0.36,0.18,0.67,1.761194029850746,0.54,8.69,20.0,2023
Ousmane Dieng,1631172,F,4.03,1.12,1.55,0.24,0.15,0.58,1.931034482758621,0.39,6.51,21.0,2024
Spencer Dinwiddie,203915,G,4.26,3.06,1.41,0.56,0.18,0.97,3.1546391752577323,0.74,8.5,22.0,2015
Spencer Dinwiddie,203915,G,4.83,1.83,1.42,0.25,0.0,0.58,3.155172413793104,0.25,7.75,23.0,2016
Spencer Dinwiddie,203915,G,7.32,3.14,2.78,0.75,0.39,1.12,2.8035714285714284,1.14,13.26,24.0,2017
Spencer Dinwiddie,203915,G,12.59,6.55,3.24,0.85,0.29,1.6,4.09375,1.14,21.92,25.0,2018
Spencer Dinwiddie,203915,G,16.81,4.57,2.44,0.59,0.25,2.24,2.040178571428571,0.84,22.42,26.0,2019
Spencer Dinwiddie,203915,G,20.59,6.75,3.45,0.62,0.33,2.72,2.481617647058824,0.95,29.02,27.0,2020
Spencer Dinwiddie,203915,G,6.67,3.0,4.33,0.67,0.33,1.67,1.796407185628743,1.0,13.33,28.0,2021
Spencer Dinwiddie,203915,G,12.64,5.82,4.7,0.61,0.16,1.66,3.5060240963855427,0.77,22.27,29.0,2022
Spencer Dinwiddie,203915,G,15.78,3.91,3.13,0.74,0.26,1.35,2.8962962962962964,1.0,22.47,29.0,2022
Spencer Dinwiddie,203915,G,13.72,5.16,4.16,0.66,0.19,1.55,3.329032258064516,0.85,22.34,29.0,2022
Spencer Dinwiddie,203915,G,17.74,5.26,3.08,0.74,0.3,1.7,3.094117647058824,1.04,25.42,30.0,2023
Spencer Dinwiddie,203915,G,16.5,9.08,4.12,1.08,0.31,2.12,4.283018867924528,1.39,28.97,30.0,2023
Spencer Dinwiddie,203915,G,17.33,6.52,3.42,0.85,0.3,1.84,3.543478260869565,1.15,26.58,30.0,2023
Spencer Dinwiddie,203915,G,12.58,6.0,3.29,0.79,0.19,1.29,4.651162790697675,0.98,21.56,31.0,2024
Spencer Dinwiddie,203915,G,6.82,2.43,1.68,0.46,0.46,1.04,2.3365384615384617,0.92,10.81,31.0,2024
Spencer Dinwiddie,203915,G,10.46,4.68,2.7,0.67,0.29,1.2,3.9,0.96,17.6,31.0,2024
Luka Dončić,1629029,F,21.19,5.96,7.82,1.07,0.35,3.43,1.737609329446064,1.42,32.96,20.0,2019
Luka Dončić,1629029,F,28.84,8.82,9.39,1.02,0.23,4.26,2.070422535211268,1.25,44.04,21.0,2020
Luka Dončić,1629029,F,27.73,8.59,7.98,0.97,0.55,4.26,2.016431924882629,1.52,41.56,22.0,2021
Luka Dončić,1629029,F,28.42,8.74,9.12,1.15,0.55,4.49,1.9465478841870825,1.7,43.49,23.0,2022
Luka Dončić,1629029,F,32.39,8.02,8.62,1.36,0.5,3.58,2.2402234636871508,1.86,47.31,24.0,2023
Luka Dončić,1629029,F,33.86,9.8,9.24,1.41,0.54,4.03,2.431761786600496,1.95,50.82,25.0,2024
Luguentz Dort,1629652,G,6.78,0.75,2.25,0.86,0.11,0.61,1.2295081967213115,0.97,10.14,21.0,2020
Luguentz Dort,1629652,G,14.02,1.69,3.63,0.87,0.37,1.52,1.1118421052631575,1.24,19.06,22.0,2021
Luguentz Dort,1629652,G,17.2,1.73,4.16,0.9,0.35,1.73,1.0,1.25,22.61,23.0,2022
Luguentz Dort,1629652,G,13.69,2.08,4.65,1.01,0.31,1.24,1.6774193548387095,1.32,20.5,24.0,2023
Luguentz Dort,1629652,G,10.89,1.43,3.59,0.91,0.59,0.94,1.5212765957446808,1.5,16.47,25.0,2024
Ayo Dosunmu,1630245,G,8.82,3.32,2.78,0.78,0.38,1.4,2.3714285714285714,1.16,14.68,22.0,2022
Ayo Dosunmu,1630245,G,8.59,2.58,2.75,0.78,0.32,1.24,2.0806451612903225,1.1,13.78,23.0,2023
Ayo Dosunmu,1630245,G,12.16,3.18,2.84,0.89,0.47,1.36,2.338235294117647,1.36,18.18,24.0,2024
Jeff Dowtin Jr.,1630288,G,1.5,0.75,1.75,0.0,0.25,0.25,3.0,0.25,4.0,25.0,2022
Jeff Dowtin Jr.,1630288,G,0.0,0.0,0.0,0.0,0.0,0.0,0.0,0.0,0.0,25.0,2022
Jeff Dowtin Jr.,1630288,G,3.25,1.75,2.75,1.25,0.0,1.0,1.75,1.25,8.0,25.0,2022
Jeff Dowtin Jr.,1630288,G,2.11,1.11,2.0,0.56,0.11,0.56,1.9821428571428568,0.67,5.33,25.0,2022
Jeff Dowtin Jr.,1630288,G,2.44,1.24,0.92,0.36,0.12,0.2,6.199999999999999,0.48,4.88,26.0,2023
Jeff Dowtin Jr.,1630288,G,4.33,2.25,1.67,0.58,0.08,0.42,5.357142857142858,0.66,8.49,27.0,2024
PJ Dozier,1628408,G,1.0,0.0,0.5,0.0,0.0,0.5,0.0,0.0,1.0,21.0,2018
PJ Dozier,1628408,G,5.79,2.17,1.9,0.48,0.21,0.93,2.333333333333333,0.69,9.62,23.0,2020
PJ Dozier,1628408,G,7.7,1.84,3.64,0.62,0.44,0.92,2.0,1.06,13.32,24.0,2021
PJ Dozier,1628408,G,5.39,1.61,3.5,0.61,0.33,0.72,2.236111111111111,0.94,10.72,25.0,2022
PJ Dozier,1628408,G,1.38,0.62,0.88,0.38,0.06,0.31,2.0,0.44,3.01,26.0,2023
Andre Drummond,203083,C,13.78,0.67,13.46,0.89,1.87,1.46,0.4589041095890411,2.76,29.21,21.0,2015
Andre Drummond,203083,C,16.22,0.83,14.79,1.47,1.38,1.91,0.4345549738219895,2.85,32.78,22.0,2016
Andre Drummond,203083,C,13.64,1.11,13.77,1.53,1.1,1.88,0.5904255319148937,2.63,29.27,23.0,2017
Andre Drummond,203083,C,15.01,3.04,15.99,1.46,1.63,2.56,1.1875,3.09,34.57,24.0,2018
Andre Drummond,203083,C,17.34,1.42,15.59,1.72,1.75,2.22,0.6396396396396395,3.47,35.6,25.0,2019
Andre Drummond,203083,C,17.76,2.82,15.82,1.98,1.67,3.55,0.7943661971830985,3.65,36.5,26.0,2020
Andre Drummond,203083,C,17.5,1.75,11.12,1.5,1.38,3.62,0.4834254143646408,2.88,29.63,26.0,2020
Andre Drummond,203083,C,17.72,2.67,15.16,1.91,1.63,3.56,0.75,3.54,35.53,26.0,2020
Andre Drummond,203083,C,17.48,2.56,13.48,1.6,1.16,3.24,0.7901234567901234,2.76,33.04,27.0,2021
Andre Drummond,203083,C,11.9,1.43,10.19,1.1,0.95,2.05,0.6975609756097562,2.05,23.52,27.0,2021
Andre Drummond,203083,C,14.93,2.04,11.98,1.37,1.07,2.7,0.7555555555555555,2.44,28.69,27.0,2021
Andre Drummond,203083,C,6.08,1.98,8.84,1.14,0.92,1.61,1.2298136645962732,2.06,17.35,28.0,2022
Andre Drummond,203083,C,11.75,1.42,10.29,0.92,0.96,1.5,0.9466666666666668,1.88,23.84,28.0,2022
Andre Drummond,203083,C,7.95,1.79,9.32,1.07,0.93,1.58,1.1329113924050631,2.0,19.48,28.0,2022
Andre Drummond,203083,C,5.96,0.49,6.63,0.67,0.4,1.12,0.4374999999999999,1.07,13.03,29.0,2023
Andre Drummond,203083,C,8.39,0.47,8.96,0.92,0.61,1.03,0.4563106796116504,1.53,18.32,30.0,2024
Chris Duarte,1630537,G,13.09,2.07,4.11,1.02,0.18,1.64,1.2621951219512195,1.2,18.83,25.0,2022
Chris Duarte,1630537,G,7.87,1.39,2.5,0.54,0.2,0.89,1.5617977528089886,0.74,11.61,26.0,2023
Chris Duarte,1630537,G,3.9,0.75,1.8,0.47,0.14,0.44,1.7045454545454546,0.61,6.62,27.0,2024
David Duke Jr.,1630561,G,4.73,0.77,3.05,0.64,0.32,0.41,1.878048780487805,0.96,9.1,22.0,2022
David Duke Jr.,1630561,G,3.7,0.91,1.26,0.43,0.04,0.78,1.1666666666666667,0.47,5.56,23.0,2023
David Duke Jr.,1630561,G,6.5,1.25,2.5,0.5,0.0,0.75,1.6666666666666667,0.5,10.0,24.0,2024
Kris Dunn,1627739,G,3.76,2.41,2.13,1.0,0.46,1.14,2.1140350877192984,1.46,8.62,23.0,2017
Kris Dunn,1627739,G,13.44,5.96,4.25,2.0,0.52,2.88,2.0694444444444446,2.52,23.29,24.0,2018
Kris Dunn,1627739,G,11.28,6.02,4.07,1.48,0.46,2.26,2.663716814159292,1.94,21.05,25.0,2019
Kris Dunn,1627739,G,7.31,3.39,3.65,1.98,0.33,1.33,2.548872180451128,2.31,15.33,26.0,2020
Kris Dunn,1627739,G,1.25,0.5,1.5,0.5,0.5,0.75,0.6666666666666666,1.0,3.5,27.0,2021
Kris Dunn,1627739,G,7.57,5.64,3.5,1.64,0.21,2.29,2.462882096069869,1.85,16.27,28.0,2022
Kris Dunn,1627739,G,13.18,5.64,4.55,1.14,0.45,1.59,3.5471698113207544,1.59,23.37,29.0,2023
Kris Dunn,1627739,G,5.41,3.85,2.86,1.03,0.42,1.2,3.208333333333333,1.45,12.37,30.0,2024
Kevin Durant,201142,F,25.41,4.07,6.59,0.89,0.93,2.74,1.4854014598540146,1.82,35.15,26.0,2015
Kevin Durant,201142,F,28.18,5.01,8.18,0.96,1.18,3.47,1.4438040345821324,2.14,40.04,27.0,2016
Kevin Durant,201142,F,25.08,4.84,8.27,1.06,1.6,2.23,2.1704035874439462,2.66,38.62,28.0,2017
Kevin Durant,201142,F,26.35,5.38,6.82,0.74,1.75,3.04,1.769736842105263,2.49,38.0,29.0,2018
Kevin Durant,201142,F,25.99,5.86,6.37,0.74,1.08,2.88,2.0347222222222223,1.82,37.16,30.0,2019
Kevin Durant,201142,F,26.94,5.57,7.06,0.71,1.29,3.43,1.6239067055393586,2.0,38.14,32.0,2021
Kevin Durant,201142,F,29.87,6.38,7.4,0.87,0.95,3.47,1.8386167146974064,1.82,42.0,33.0,2022
Kevin Durant,201142,F,29.69,5.31,6.72,0.82,1.46,3.49,1.5214899713467047,2.28,40.51,34.0,2023
Kevin Durant,201142,F,26.0,3.5,6.38,0.25,1.25,2.5,1.4,1.5,34.88,34.0,2023
Kevin Durant,201142,F,29.06,5.0,6.66,0.72,1.43,3.32,1.5060240963855422,2.15,39.55,34.0,2023
Kevin Durant,201142,F,27.09,5.04,6.6,0.92,1.21,3.25,1.550769230769231,2.13,37.61,35.0,2024
Jalen Duren,1631105,C,9.13,1.12,8.88,0.66,0.88,1.37,0.8175182481751825,1.54,19.3,19.0,2023
Jalen Duren,1631105,C,13.79,2.41,11.62,0.54,0.77,2.11,1.14218009478673,1.31,27.02,20.0,2024
Tari Eason,1631106,F,9.27,1.07,6.05,1.17,0.57,1.23,0.8699186991869919,1.74,16.9,22.0,2023
Tari Eason,1631106,F,9.77,1.23,6.95,1.41,0.86,0.91,1.3516483516483515,2.27,19.31,23.0,2024
Anthony Edwards,1630162,G,19.33,2.93,4.67,1.14,0.5,2.22,1.31981981981982,1.64,26.35,19.0,2021
Anthony Edwards,1630162,G,21.29,3.82,4.76,1.46,0.64,2.64,1.4469696969696968,2.1,29.33,20.0,2022
Anthony Edwards,1630162,G,24.63,4.43,5.8,1.58,0.73,3.28,1.350609756097561,2.31,33.89,21.0,2023
Anthony Edwards,1630162,G,25.94,5.13,5.44,1.28,0.53,3.05,1.681967213114754,1.81,35.27,22.0,2024
Kessler Edwards,1630556,F,5.92,0.65,3.58,0.6,0.5,0.88,0.7386363636363636,1.1,10.37,21.0,2022
Kessler Edwards,1630556,F,1.07,0.14,1.0,0.21,0.07,0.29,0.4827586206896552,0.28,2.2,22.0,2023
Kessler Edwards,1630556,F,3.86,0.95,2.14,0.5,0.23,0.41,2.317073170731707,0.73,7.27,22.0,2023
Kessler Edwards,1630556,F,2.78,0.64,1.69,0.39,0.17,0.36,1.777777777777778,0.56,5.31,22.0,2023
Kessler Edwards,1630556,F,1.72,0.28,0.78,0.19,0.07,0.07,4.0,0.26,2.97,23.0,2024
Keon Ellis,1631165,G,1.5,0.38,0.5,0.31,0.06,0.06,6.333333333333334,0.37,2.69,23.0,2023
Keon Ellis,1631165,G,5.44,1.49,2.18,0.89,0.51,0.65,2.292307692307692,1.4,9.86,24.0,2024
Joel Embiid,203954,C,20.23,2.13,7.84,0.87,2.45,3.77,0.5649867374005305,3.32,29.75,23.0,2017
Joel Embiid,203954,C,22.94,3.16,10.95,0.63,1.76,3.71,0.8517520215633424,2.39,35.73,24.0,2018
Joel Embiid,203954,C,27.52,3.66,13.61,0.72,1.91,3.53,1.0368271954674222,2.63,43.89,25.0,2019
Joel Embiid,203954,C,22.98,2.98,11.63,0.88,1.27,3.12,0.9551282051282052,2.15,36.62,26.0,2020
Joel Embiid,203954,C,28.45,2.84,10.57,0.98,1.35,3.12,0.91025641025641,2.33,41.07,27.0,2021
Joel Embiid,203954,C,30.57,4.18,11.71,1.13,1.46,3.15,1.326984126984127,2.59,45.9,28.0,2022
Joel Embiid,203954,C,33.08,4.15,10.15,1.0,1.7,3.42,1.213450292397661,2.7,46.66,29.0,2023
Joel Embiid,203954,C,34.69,5.62,11.03,1.18,1.69,3.85,1.4597402597402598,2.87,50.36,30.0,2024
Drew Eubanks,1629234,F,1.78,0.3,1.48,0.09,0.22,0.35,0.8571428571428572,0.31,3.52,22.0,2019
Drew Eubanks,1629234,F,4.86,0.68,3.86,0.23,0.77,0.95,0.7157894736842106,1.0,9.45,23.0,2020
Drew Eubanks,1629234,F,5.76,0.78,4.46,0.33,0.91,0.83,0.9397590361445785,1.24,11.41,24.0,2021
Drew Eubanks,1629234,F,4.65,1.02,4.0,0.27,0.61,0.94,1.0851063829787235,0.88,9.61,25.0,2022
Drew Eubanks,1629234,F,14.45,1.59,8.45,0.82,0.45,1.59,1.0,1.27,24.17,25.0,2022
Drew Eubanks,1629234,F,7.69,1.2,5.38,0.44,0.56,1.14,1.0526315789473684,1.0,14.13,25.0,2022
Drew Eubanks,1629234,F,6.64,1.32,5.36,0.51,1.31,0.86,1.5348837209302326,1.82,14.28,26.0,2023
Drew Eubanks,1629234,F,5.05,0.84,4.29,0.36,0.81,0.81,1.037037037037037,1.17,10.54,27.0,2024
Tosan Evbuomwan,1641787,F,2.5,1.5,3.5,0.0,0.25,0.25,6.0,0.25,7.5,23.0,2024
Tosan Evbuomwan,1641787,F,7.0,0.77,3.54,0.46,0.31,0.62,1.2419354838709675,0.77,11.46,23.0,2024
Tosan Evbuomwan,1641787,F,5.94,0.94,3.53,0.35,0.29,0.53,1.7735849056603772,0.64,10.52,23.0,2024
Danté Exum,203957,G,4.79,2.41,1.6,0.5,0.17,1.44,1.6736111111111114,0.67,8.03,19.0,2015
Danté Exum,203957,G,6.24,1.68,2.0,0.32,0.18,1.21,1.3884297520661155,0.5,9.21,21.0,2017
Danté Exum,203957,G,8.14,3.07,1.86,0.57,0.21,1.43,2.1468531468531467,0.78,12.42,22.0,2018
Danté Exum,203957,G,6.86,2.62,1.62,0.33,0.12,1.24,2.1129032258064515,0.45,10.31,23.0,2019
Danté Exum,203957,G,2.18,0.64,1.09,0.09,0.18,0.91,0.7032967032967032,0.27,3.27,24.0,2020
Danté Exum,203957,G,5.62,1.38,2.29,0.5,0.25,0.88,1.568181818181818,0.75,9.16,24.0,2020
Danté Exum,203957,G,4.54,1.14,1.91,0.37,0.23,0.89,1.2808988764044942,0.6,7.3,24.0,2020
Danté Exum,203957,G,3.83,2.17,2.83,0.67,0.33,1.17,1.8547008547008548,1.0,8.66,25.0,2021
Danté Exum,203957,G,7.78,2.85,2.71,0.4,0.09,0.89,3.202247191011236,0.49,12.94,28.0,2024
Bruno Fernando,1628981,F,4.29,0.88,3.54,0.32,0.3,0.75,1.1733333333333331,0.62,8.58,21.0,2020
Bruno Fernando,1628981,F,1.55,0.3,2.36,0.12,0.09,0.64,0.46875,0.21,3.78,22.0,2021
Bruno Fernando,1628981,F,0.95,0.2,0.75,0.0,0.15,0.25,0.8,0.15,1.8,23.0,2022
Bruno Fernando,1628981,F,6.9,0.3,4.0,0.1,0.8,0.9,0.3333333333333333,0.9,11.2,23.0,2022
Bruno Fernando,1628981,F,2.93,0.23,1.83,0.03,0.37,0.47,0.4893617021276596,0.4,4.92,23.0,2022
Bruno Fernando,1628981,F,4.06,0.97,3.94,0.19,1.0,0.65,1.492307692307692,1.19,9.51,24.0,2023
Bruno Fernando,1628981,F,3.38,0.12,1.88,0.0,0.38,0.62,0.1935483870967742,0.38,5.14,24.0,2023
Bruno Fernando,1628981,F,3.92,0.79,3.51,0.15,0.87,0.64,1.234375,1.02,8.6,24.0,2023
Bruno Fernando,1628981,F,6.27,1.02,4.29,0.56,0.62,0.98,1.0408163265306123,1.18,11.78,25.0,2024
Dorian Finney-Smith,1627827,F,4.32,0.83,2.74,0.64,0.31,0.56,1.482142857142857,0.95,8.28,24.0,2017
Dorian Finney-Smith,1627827,F,5.86,1.24,3.57,0.48,0.19,1.0,1.24,0.67,10.34,25.0,2018
Dorian Finney-Smith,1627827,F,7.51,1.17,4.8,0.85,0.44,0.91,1.2857142857142856,1.29,13.86,26.0,2019
Dorian Finney-Smith,1627827,F,9.55,1.61,5.7,0.63,0.55,0.97,1.6597938144329898,1.18,17.07,27.0,2020
Dorian Finney-Smith,1627827,F,9.83,1.7,5.43,0.87,0.42,0.8,2.125,1.29,17.45,28.0,2021
Dorian Finney-Smith,1627827,F,11.0,1.88,4.69,1.1,0.49,1.0,1.88,1.59,18.16,29.0,2022
Dorian Finney-Smith,1627827,F,9.12,1.48,4.7,0.95,0.5,0.9,1.6444444444444444,1.45,15.85,30.0,2023
Dorian Finney-Smith,1627827,F,7.15,1.58,4.92,0.65,0.62,1.0,1.58,1.27,13.92,30.0,2023
Dorian Finney-Smith,1627827,F,8.35,1.52,4.79,0.83,0.55,0.94,1.6170212765957448,1.38,15.1,30.0,2023
Dorian Finney-Smith,1627827,F,8.53,1.57,4.66,0.82,0.56,0.87,1.8045977011494252,1.38,15.27,31.0,2024
Malachi Flynn,1630201,G,7.51,2.91,2.47,0.81,0.15,0.91,3.197802197802198,0.96,12.94,23.0,2021
Malachi Flynn,1630201,G,4.3,1.59,1.43,0.45,0.09,0.3,5.300000000000001,0.54,7.56,24.0,2022
Malachi Flynn,1630201,G,4.64,1.32,1.43,0.4,0.08,0.47,2.808510638297873,0.48,7.4,25.0,2023
Malachi Flynn,1630201,G,5.06,2.35,2.1,0.58,0.19,1.06,2.2169811320754715,0.77,9.22,26.0,2024
Malachi Flynn,1630201,G,2.21,0.43,0.43,0.07,0.0,0.21,2.0476190476190474,0.07,2.93,26.0,2024
Malachi Flynn,1630201,G,8.0,2.12,1.79,0.79,0.08,1.12,1.8928571428571428,0.87,11.66,26.0,2024
Malachi Flynn,1630201,G,5.51,1.88,1.65,0.55,0.12,0.91,2.0659340659340657,0.67,8.8,26.0,2024
Simone Fontecchio,1631323,F,6.31,0.81,1.65,0.29,0.15,0.75,1.08,0.44,8.46,27.0,2023
Simone Fontecchio,1631323,F,8.9,1.46,3.52,0.6,0.36,1.02,1.431372549019608,0.96,13.82,28.0,2024
Simone Fontecchio,1631323,F,15.44,1.75,4.38,0.88,0.31,1.06,1.650943396226415,1.19,21.7,28.0,2024
Simone Fontecchio,1631323,F,10.48,1.53,3.73,0.67,0.35,1.03,1.4854368932038835,1.02,15.73,28.0,2024
De'Aaron Fox,1628368,G,11.56,4.38,2.79,0.96,0.27,2.37,1.8481012658227849,1.23,17.59,20.0,2018
De'Aaron Fox,1628368,G,17.27,7.28,3.75,1.64,0.56,2.8,2.6,2.2,27.7,21.0,2019
De'Aaron Fox,1628368,G,21.12,6.82,3.84,1.45,0.49,3.1,2.2,1.94,30.62,22.0,2020
De'Aaron Fox,1628368,G,25.19,7.19,3.5,1.5,0.47,3.0,2.396666666666667,1.97,34.85,23.0,2021
De'Aaron Fox,1628368,G,23.17,5.59,3.92,1.15,0.42,2.85,1.9614035087719297,1.57,31.4,24.0,2022
De'Aaron Fox,1628368,G,25.01,6.12,4.19,1.14,0.32,2.48,2.467741935483871,1.46,34.3,25.0,2023
De'Aaron Fox,1628368,G,26.57,5.65,4.59,2.03,0.42,2.62,2.1564885496183206,2.45,36.64,26.0,2024
Markelle Fultz,1628365,G,7.14,3.79,3.07,0.86,0.29,1.21,3.1322314049586777,1.15,13.94,20.0,2018
Markelle Fultz,1628365,G,8.16,3.11,3.68,0.89,0.26,1.32,2.356060606060606,1.15,14.78,21.0,2019
Markelle Fultz,1628365,G,12.08,5.12,3.31,1.25,0.15,2.04,2.5098039215686274,1.4,19.87,22.0,2020
Markelle Fultz,1628365,G,12.88,5.38,3.12,1.0,0.25,2.25,2.391111111111111,1.25,20.38,23.0,2021
Markelle Fultz,1628365,G,10.83,5.5,2.72,1.11,0.28,2.22,2.477477477477477,1.39,18.22,24.0,2022
Markelle Fultz,1628365,G,13.95,5.68,3.9,1.45,0.43,2.32,2.4482758620689657,1.88,23.09,25.0,2023
Markelle Fultz,1628365,G,7.79,2.79,3.21,0.98,0.35,1.16,2.405172413793104,1.33,13.96,26.0,2024
Daniel Gafford,1629655,F,5.12,0.49,2.47,0.3,1.3,0.67,0.7313432835820894,1.6,9.01,21.0,2020
Daniel Gafford,1629655,F,4.74,0.55,3.32,0.35,1.1,0.71,0.7746478873239437,1.45,9.35,22.0,2021
Daniel Gafford,1629655,F,10.13,0.52,5.57,0.65,1.78,0.83,0.6265060240963856,2.43,17.82,22.0,2021
Daniel Gafford,1629655,F,7.04,0.54,4.28,0.48,1.39,0.76,0.7105263157894737,1.87,12.97,22.0,2021
Daniel Gafford,1629655,F,9.4,0.94,5.65,0.42,1.38,0.9,1.0444444444444445,1.8,16.89,23.0,2022
Daniel Gafford,1629655,F,9.04,1.08,5.55,0.42,1.27,1.09,0.9908256880733944,1.69,16.27,24.0,2023
Daniel Gafford,1629655,F,10.89,1.53,8.02,0.98,2.16,1.02,1.5,3.14,22.56,25.0,2024
Daniel Gafford,1629655,F,11.17,1.59,6.93,0.72,1.93,0.97,1.639175257731959,2.65,21.37,25.0,2024
Daniel Gafford,1629655,F,11.0,1.55,7.59,0.88,2.07,1.0,1.55,2.95,22.09,25.0,2024
Darius Garland,1629636,G,12.34,3.88,1.88,0.71,0.07,2.56,1.515625,0.78,16.32,20.0,2020
Darius Garland,1629636,G,17.43,6.09,2.39,1.22,0.11,3.04,2.0032894736842106,1.33,24.2,21.0,2021
Darius Garland,1629636,G,21.66,8.57,3.29,1.31,0.1,3.65,2.3479452054794523,1.41,31.28,22.0,2022
Darius Garland,1629636,G,21.59,7.8,2.68,1.23,0.13,2.88,2.708333333333333,1.36,30.55,23.0,2023
Darius Garland,1629636,G,18.04,6.54,2.67,1.3,0.12,3.09,2.116504854368932,1.42,25.58,24.0,2024
Marcus Garrett,1630585,G,1.08,0.58,1.92,0.42,0.25,0.17,3.4117647058823524,0.67,4.08,23.0,2022
Luka Garza,1630568,C,5.81,0.62,3.12,0.28,0.19,0.56,1.107142857142857,0.47,9.46,23.0,2022
Luka Garza,1630568,C,6.46,0.64,2.25,0.11,0.07,0.5,1.28,0.18,9.03,24.0,2023
Luka Garza,1630568,C,3.96,0.16,1.24,0.16,0.04,0.24,0.6666666666666667,0.2,5.32,25.0,2024
Keyonte George,1641718,G,12.99,4.43,2.81,0.48,0.09,2.51,1.764940239043825,0.57,18.29,20.0,2024
Paul George,202331,F,8.83,1.0,3.67,0.83,0.17,2.0,0.5,1.0,12.5,25.0,2015
Paul George,202331,F,23.14,4.06,6.95,1.88,0.36,3.27,1.241590214067278,2.24,33.12,26.0,2016
Paul George,202331,F,23.67,3.35,6.56,1.59,0.36,2.93,1.1433447098976108,1.95,32.6,27.0,2017
Paul George,202331,F,21.95,3.33,5.66,2.04,0.49,2.68,1.2425373134328357,2.53,30.79,28.0,2018
Paul George,202331,F,28.04,4.13,8.16,2.21,0.44,2.66,1.5526315789473684,2.65,40.32,29.0,2019
Paul George,202331,F,21.52,3.85,5.67,1.42,0.42,2.6,1.4807692307692308,1.84,30.28,30.0,2020
Paul George,202331,F,23.31,5.19,6.65,1.15,0.44,3.31,1.56797583081571,1.59,33.43,31.0,2021
Paul George,202331,F,24.32,5.68,6.87,2.16,0.42,4.06,1.3990147783251232,2.58,35.39,32.0,2022
Paul George,202331,F,23.79,5.14,6.11,1.48,0.36,3.14,1.6369426751592355,1.84,33.74,33.0,2023
Paul George,202331,F,22.58,3.54,5.24,1.53,0.5,2.07,1.710144927536232,2.03,31.32,34.0,2024
Taj Gibson,201959,F,10.32,1.15,6.39,0.58,1.21,1.24,0.9274193548387096,1.79,18.41,30.0,2015
Taj Gibson,201959,F,8.59,1.45,6.9,0.64,1.05,1.07,1.3551401869158877,1.69,17.56,31.0,2016
Taj Gibson,201959,F,11.62,1.09,6.95,0.49,0.91,1.4,0.7785714285714287,1.4,19.66,32.0,2017
Taj Gibson,201959,F,9.0,0.57,4.48,0.61,0.65,1.22,0.4672131147540983,1.26,14.09,32.0,2017
Taj Gibson,201959,F,10.85,0.94,6.22,0.53,0.83,1.35,0.6962962962962962,1.36,18.02,32.0,2017
Taj Gibson,201959,F,12.18,1.21,7.12,0.76,0.72,1.09,1.1100917431192658,1.48,20.9,33.0,2018
Taj Gibson,201959,F,10.76,1.2,6.54,0.76,0.56,1.04,1.1538461538461535,1.32,18.78,34.0,2019
Taj Gibson,201959,F,6.11,0.84,4.31,0.44,0.48,0.76,1.1052631578947367,0.92,11.42,35.0,2020
Taj Gibson,201959,F,5.36,0.8,5.56,0.69,1.09,0.49,1.6326530612244898,1.78,13.01,36.0,2021
Taj Gibson,201959,F,4.4,0.62,4.4,0.42,0.77,0.52,1.1923076923076923,1.19,10.09,37.0,2022
Taj Gibson,201959,F,3.43,0.69,1.9,0.31,0.24,0.53,1.30188679245283,0.55,6.04,38.0,2023
Taj Gibson,201959,F,1.0,0.56,1.75,0.12,0.38,0.31,1.806451612903226,0.5,3.5,39.0,2024
Taj Gibson,201959,F,1.7,0.55,1.85,0.15,0.35,0.25,2.2,0.5,4.35,39.0,2024
Josh Giddey,1630581,G,12.48,6.39,7.8,0.94,0.37,3.17,2.0157728706624605,1.31,24.81,19.0,2022
Josh Giddey,1630581,G,16.58,6.17,7.88,0.75,0.41,2.78,2.219424460431654,1.16,29.01,20.0,2023
Josh Giddey,1630581,G,12.32,4.82,6.42,0.64,0.55,2.1,2.295238095238095,1.19,22.65,21.0,2024
Shai Gilgeous-Alexander,1628983,G,10.84,3.29,2.83,1.17,0.55,1.72,1.912790697674419,1.72,16.96,20.0,2019
Shai Gilgeous-Alexander,1628983,G,19.01,3.31,5.89,1.13,0.67,1.91,1.7329842931937174,1.8,28.1,21.0,2020
Shai Gilgeous-Alexander,1628983,G,23.71,5.91,4.74,0.77,0.66,3.03,1.950495049504951,1.43,32.76,22.0,2021
Shai Gilgeous-Alexander,1628983,G,24.48,5.91,4.96,1.27,0.82,2.75,2.149090909090909,2.09,34.69,23.0,2022
Shai Gilgeous-Alexander,1628983,G,31.4,5.46,4.84,1.65,0.96,2.82,1.9361702127659572,2.61,41.49,24.0,2023
Shai Gilgeous-Alexander,1628983,G,30.05,6.2,5.53,2.0,0.89,2.16,2.8703703703703702,2.89,42.51,25.0,2024
Anthony Gill,1630264,F,3.08,0.42,1.96,0.38,0.15,0.31,1.3548387096774193,0.53,5.68,28.0,2021
Anthony Gill,1630264,F,4.09,0.61,1.93,0.11,0.25,0.41,1.4878048780487805,0.36,6.58,29.0,2022
Anthony Gill,1630264,F,3.31,0.58,1.68,0.12,0.2,0.25,2.32,0.32,5.64,30.0,2023
Anthony Gill,1630264,F,3.78,0.68,1.88,0.26,0.22,0.46,1.4782608695652175,0.48,6.36,31.0,2024
Collin Gillespie,1631221,G,3.62,1.12,0.88,0.54,0.0,0.58,1.931034482758621,0.54,5.58,25.0,2024
Rudy Gobert,203497,C,8.37,1.33,9.45,0.78,2.3,1.35,0.9851851851851852,3.08,20.88,23.0,2015
Rudy Gobert,203497,C,9.13,1.49,10.95,0.74,2.21,1.87,0.7967914438502673,2.95,22.65,24.0,2016
Rudy Gobert,203497,C,14.04,1.2,12.78,0.6,2.64,1.81,0.6629834254143646,3.24,29.45,25.0,2017
Rudy Gobert,203497,C,13.5,1.43,10.73,0.79,2.3,1.91,0.7486910994764397,3.09,26.84,26.0,2018
Rudy Gobert,203497,C,15.85,1.99,12.85,0.81,2.31,1.6,1.24375,3.12,32.21,27.0,2019
Rudy Gobert,203497,C,15.09,1.49,13.47,0.75,1.99,1.91,0.7801047120418848,2.74,30.88,28.0,2020
Rudy Gobert,203497,C,14.3,1.25,13.52,0.56,2.68,1.66,0.7530120481927711,3.24,30.65,29.0,2021
Rudy Gobert,203497,C,15.56,1.09,14.67,0.68,2.08,1.8,0.6055555555555556,2.76,32.28,30.0,2022
Rudy Gobert,203497,C,13.41,1.24,11.63,0.8,1.36,1.74,0.7126436781609196,2.16,26.7,31.0,2023
Rudy Gobert,203497,C,13.96,1.34,12.92,0.68,2.13,1.55,0.864516129032258,2.81,29.48,32.0,2024
Jordan Goodwin,1630692,G,0.0,0.0,0.5,0.0,0.0,0.0,0.0,0.0,0.5,23.0,2022
Jordan Goodwin,1630692,G,6.56,2.71,3.31,0.94,0.42,0.92,2.9456521739130435,1.36,13.02,24.0,2023
Jordan Goodwin,1630692,G,4.95,1.95,2.92,0.57,0.22,0.72,2.708333333333333,0.79,9.89,25.0,2024
Jordan Goodwin,1630692,G,10.0,4.53,8.0,1.47,0.53,1.59,2.849056603773585,2.0,22.94,25.0,2024
Jordan Goodwin,1630692,G,6.46,2.72,4.44,0.84,0.32,0.98,2.775510204081633,1.16,13.8,25.0,2024
Aaron Gordon,203932,F,5.17,0.7,3.6,0.45,0.47,0.81,0.8641975308641974,0.92,9.58,19.0,2015
Aaron Gordon,203932,F,9.22,1.64,6.5,0.76,0.71,0.85,1.9294117647058824,1.47,17.98,20.0,2016
Aaron Gordon,203932,F,12.74,1.88,5.06,0.81,0.5,1.11,1.6936936936936935,1.31,19.88,21.0,2017
Aaron Gordon,203932,F,17.62,2.34,7.88,1.02,0.78,1.84,1.2717391304347825,1.8,27.8,22.0,2018
Aaron Gordon,203932,F,15.97,3.71,7.36,0.73,0.72,2.08,1.783653846153846,1.45,26.41,23.0,2019
Aaron Gordon,203932,F,14.42,3.68,7.66,0.82,0.63,1.61,2.2857142857142856,1.45,25.6,24.0,2020
Aaron Gordon,203932,F,14.56,4.2,6.64,0.64,0.8,2.68,1.5671641791044777,1.44,24.16,25.0,2021
Aaron Gordon,203932,F,10.16,2.24,4.72,0.68,0.56,1.2,1.866666666666667,1.24,17.16,25.0,2021
Aaron Gordon,203932,F,12.36,3.22,5.68,0.66,0.68,1.94,1.6597938144329898,1.34,20.66,25.0,2021
Aaron Gordon,203932,F,15.01,2.51,5.85,0.59,0.59,1.77,1.4180790960451977,1.18,22.78,26.0,2022
Aaron Gordon,203932,F,16.31,2.99,6.56,0.79,0.75,1.44,2.0763888888888893,1.54,25.96,27.0,2023
Aaron Gordon,203932,F,13.88,3.55,6.45,0.77,0.62,1.44,2.4652777777777777,1.39,23.83,28.0,2024
Eric Gordon,201569,G,13.41,3.75,2.61,0.82,0.23,2.0,1.875,1.05,18.82,26.0,2015
Eric Gordon,201569,G,15.24,2.69,2.2,0.96,0.31,1.62,1.6604938271604937,1.27,19.78,27.0,2016
Eric Gordon,201569,G,16.23,2.51,2.68,0.64,0.55,1.61,1.559006211180124,1.19,21.0,28.0,2017
Eric Gordon,201569,G,18.01,2.23,2.46,0.64,0.39,1.88,1.1861702127659577,1.03,21.85,29.0,2018
Eric Gordon,201569,G,16.22,1.9,2.18,0.6,0.4,1.32,1.4393939393939392,1.0,19.98,30.0,2019
Eric Gordon,201569,G,14.44,1.5,1.97,0.64,0.36,1.19,1.2605042016806722,1.0,17.72,31.0,2020
Eric Gordon,201569,G,17.81,2.63,2.15,0.52,0.48,1.89,1.3915343915343916,1.0,21.7,32.0,2021
Eric Gordon,201569,G,13.42,2.7,1.98,0.49,0.32,1.88,1.4361702127659577,0.81,17.03,33.0,2022
Eric Gordon,201569,G,13.09,2.89,2.06,0.64,0.36,1.77,1.632768361581921,1.0,17.27,34.0,2023
Eric Gordon,201569,G,10.95,2.14,1.68,0.59,0.36,0.95,2.2526315789473688,0.95,14.77,34.0,2023
Eric Gordon,201569,G,12.41,2.65,1.94,0.62,0.36,1.51,1.7549668874172184,0.98,16.47,34.0,2023
Eric Gordon,201569,G,11.01,2.04,1.79,0.97,0.44,1.07,1.9065420560747663,1.41,15.18,35.0,2024
Jerami Grant,203924,F,6.32,1.22,3.05,0.62,1.05,1.31,0.931297709923664,1.67,10.95,21.0,2015
Jerami Grant,203924,F,9.73,1.75,4.69,0.7,1.65,1.43,1.2237762237762235,2.35,17.09,22.0,2016
Jerami Grant,203924,F,8.0,0.0,3.0,0.0,2.0,1.5,0.0,2.0,11.5,23.0,2017
Jerami Grant,203924,F,5.4,0.59,2.55,0.42,0.96,0.53,1.1132075471698113,1.38,9.39,23.0,2017
Jerami Grant,203924,F,5.46,0.57,2.56,0.41,0.99,0.55,1.0363636363636362,1.4,9.44,23.0,2017
Jerami Grant,203924,F,8.42,0.7,3.94,0.38,0.95,0.67,1.044776119402985,1.33,13.72,24.0,2018
Jerami Grant,203924,F,13.62,0.99,5.21,0.76,1.25,0.84,1.1785714285714286,2.01,20.99,25.0,2019
Jerami Grant,203924,F,11.99,1.24,3.49,0.7,0.8,0.89,1.3932584269662922,1.5,17.33,26.0,2020
Jerami Grant,203924,F,22.31,2.81,4.63,0.65,1.07,2.02,1.391089108910891,1.72,29.45,27.0,2021
Jerami Grant,203924,F,19.23,2.36,4.06,0.94,1.04,1.81,1.3038674033149171,1.98,25.82,28.0,2022
Jerami Grant,203924,F,20.48,2.38,4.49,0.81,0.84,1.84,1.2934782608695652,1.65,27.16,29.0,2023
Jerami Grant,203924,F,20.96,2.81,3.54,0.83,0.63,2.15,1.3069767441860465,1.46,26.62,30.0,2024
AJ Green,1631260,G,4.4,0.63,1.29,0.17,0.0,0.26,2.423076923076923,0.17,6.23,23.0,2023
AJ Green,1631260,G,4.5,0.54,1.14,0.16,0.07,0.21,2.571428571428572,0.23,6.2,24.0,2024
Draymond Green,203110,F,11.66,3.68,8.19,1.56,1.25,1.68,2.1904761904761907,2.81,24.66,25.0,2015
Draymond Green,203110,F,13.96,7.38,9.49,1.47,1.4,3.2,2.30625,2.87,30.5,26.0,2016
Draymond Green,203110,F,10.21,7.01,7.88,2.03,1.39,2.42,2.896694214876033,3.42,26.1,27.0,2017
Draymond Green,203110,F,11.04,7.26,7.64,1.36,1.3,2.89,2.5121107266435985,2.66,25.71,28.0,2018
Draymond Green,203110,F,7.36,6.88,7.29,1.44,1.06,2.56,2.6875,2.5,21.47,29.0,2019
Draymond Green,203110,F,8.02,6.19,6.19,1.37,0.77,2.28,2.7149122807017547,2.14,20.26,30.0,2020
Draymond Green,203110,F,7.05,8.86,7.11,1.67,0.83,2.98,2.9731543624161074,2.5,22.54,31.0,2021
Draymond Green,203110,F,7.52,6.96,7.3,1.33,1.09,3.02,2.304635761589404,2.42,21.18,32.0,2022
Draymond Green,203110,F,8.45,6.85,7.19,1.01,0.82,2.79,2.455197132616487,1.83,21.53,33.0,2023
Draymond Green,203110,F,8.64,6.04,7.24,1.0,0.85,2.45,2.4653061224489794,1.85,21.32,34.0,2024
Jalen Green,1630224,G,17.27,2.63,3.37,0.66,0.27,2.01,1.3084577114427862,0.93,22.19,20.0,2022
Jalen Green,1630224,G,22.14,3.7,3.74,0.78,0.24,2.63,1.4068441064638784,1.02,27.97,21.0,2023
Jalen Green,1630224,G,19.63,3.55,5.16,0.8,0.34,2.33,1.5236051502145922,1.14,27.15,22.0,2024
Javonte Green,1629750,G,3.4,0.54,1.94,0.5,0.17,0.48,1.1250000000000002,0.67,6.07,26.0,2020
Javonte Green,1629750,G,4.2,0.44,2.08,0.72,0.08,0.52,0.8461538461538461,0.8,7.0,27.0,2021
Javonte Green,1629750,G,2.56,0.38,1.19,0.62,0.25,0.38,1.0,0.87,4.62,27.0,2021
Javonte Green,1629750,G,3.56,0.41,1.73,0.68,0.15,0.46,0.8913043478260869,0.83,6.07,27.0,2021
Javonte Green,1629750,G,7.2,0.92,4.25,1.03,0.49,0.46,2.0,1.52,13.43,28.0,2022
Javonte Green,1629750,G,5.16,0.72,2.75,0.75,0.66,0.62,1.161290322580645,1.41,9.42,29.0,2023
Javonte Green,1629750,G,12.22,0.56,7.44,1.11,0.89,0.78,0.717948717948718,2.0,21.44,30.0,2024
Jeff Green,201145,F,17.58,1.61,4.27,0.82,0.39,1.7,0.9470588235294118,1.21,22.97,28.0,2015
Jeff Green,201145,F,13.07,1.8,4.16,0.58,0.47,1.16,1.5517241379310347,1.05,18.92,28.0,2015
Jeff Green,201145,F,14.97,1.72,4.21,0.68,0.44,1.38,1.2463768115942029,1.12,20.64,28.0,2015
Jeff Green,201145,F,12.19,1.85,4.55,0.75,0.36,1.3,1.4230769230769231,1.11,18.4,29.0,2016
Jeff Green,201145,F,10.85,1.48,3.37,0.67,0.78,0.89,1.6629213483146068,1.45,16.26,29.0,2016
Jeff Green,201145,F,11.74,1.72,4.15,0.72,0.5,1.16,1.4827586206896552,1.22,17.67,29.0,2016
Jeff Green,201145,F,9.25,1.17,3.1,0.54,0.19,1.09,1.0733944954128438,0.73,13.16,30.0,2017
Jeff Green,201145,F,10.85,1.27,3.15,0.53,0.44,0.96,1.3229166666666667,0.97,15.28,31.0,2018
Jeff Green,201145,F,12.29,1.78,4.01,0.56,0.51,1.31,1.3587786259541983,1.07,17.84,32.0,2019
Jeff Green,201145,F,7.77,0.67,2.7,0.4,0.33,0.9,0.7444444444444445,0.73,10.97,33.0,2020
Jeff Green,201145,F,12.22,1.67,2.89,0.78,0.5,0.83,2.0120481927710845,1.28,17.23,33.0,2020
Jeff Green,201145,F,9.44,1.04,2.77,0.54,0.4,0.88,1.181818181818182,0.94,13.31,33.0,2020
Jeff Green,201145,F,11.03,1.59,3.87,0.53,0.4,0.79,2.0126582278481013,0.93,16.63,34.0,2021
Jeff Green,201145,F,10.29,1.28,3.08,0.37,0.36,0.95,1.3473684210526318,0.73,14.43,35.0,2022
Jeff Green,201145,F,7.8,1.23,2.57,0.32,0.3,0.82,1.5,0.62,11.4,36.0,2023
Jeff Green,201145,F,6.53,0.9,2.28,0.21,0.4,0.59,1.5254237288135597,0.61,9.73,37.0,2024
Josh Green,1630182,G,2.59,0.72,2.0,0.41,0.08,0.44,1.6363636363636362,0.49,5.36,20.0,2021
Josh Green,1630182,G,4.76,1.18,2.4,0.67,0.21,0.66,1.7878787878787876,0.88,8.56,21.0,2022
Josh Green,1630182,G,9.1,1.72,3.03,0.7,0.08,1.2,1.4333333333333331,0.78,13.43,22.0,2023
Josh Green,1630182,G,8.23,2.28,3.23,0.82,0.16,1.05,2.1714285714285717,0.98,13.67,23.0,2024
Quentin Grimes,1629656,G,5.98,0.96,2.04,0.67,0.24,0.61,1.5737704918032789,0.91,9.28,22.0,2022
Quentin Grimes,1629656,G,11.25,2.11,3.23,0.66,0.37,0.97,2.1752577319587627,1.03,16.65,23.0,2023
Quentin Grimes,1629656,G,7.27,1.16,1.96,0.67,0.07,0.47,2.4680851063829787,0.74,10.66,24.0,2024
Quentin Grimes,1629656,G,5.33,2.33,2.0,0.83,0.67,1.17,1.991452991452992,1.5,9.99,24.0,2024
Quentin Grimes,1629656,G,7.04,1.29,1.96,0.69,0.14,0.55,2.345454545454545,0.83,10.57,24.0,2024
Mouhamed Gueye,1631243,F,4.0,0.67,3.67,0.83,0.67,0.17,3.941176470588235,1.5,9.67,21.0,2024
Rui Hachimura,1629060,F,13.52,1.81,6.12,0.77,0.17,1.1,1.6454545454545453,0.94,21.29,22.0,2020
Rui Hachimura,1629060,F,13.84,1.44,5.47,0.77,0.12,1.19,1.2100840336134453,0.89,20.45,23.0,2021
Rui Hachimura,1629060,F,11.31,1.14,3.81,0.55,0.21,0.79,1.4430379746835442,0.76,16.23,24.0,2022
Rui Hachimura,1629060,F,13.0,1.17,4.27,0.37,0.4,1.2,0.975,0.77,18.01,25.0,2023
Rui Hachimura,1629060,F,9.61,0.7,4.7,0.24,0.42,0.52,1.346153846153846,0.66,15.15,25.0,2023
Rui Hachimura,1629060,F,11.22,0.92,4.49,0.3,0.41,0.84,1.0952380952380951,0.71,16.5,25.0,2023
Rui Hachimura,1629060,F,13.57,1.19,4.32,0.6,0.37,0.68,1.7499999999999998,0.97,19.37,26.0,2024
Tyrese Haliburton,1630169,G,12.98,5.33,2.98,1.33,0.48,1.59,3.352201257861635,1.81,21.51,21.0,2021
Tyrese Haliburton,1630169,G,14.25,7.43,3.9,1.69,0.67,2.25,3.302222222222222,2.36,25.69,22.0,2022
Tyrese Haliburton,1630169,G,17.46,9.58,4.31,1.85,0.58,3.23,2.9659442724458205,2.43,30.55,22.0,2022
Tyrese Haliburton,1630169,G,15.34,8.16,4.04,1.74,0.64,2.58,3.1627906976744184,2.38,27.34,22.0,2022
Tyrese Haliburton,1630169,G,20.71,10.45,3.66,1.62,0.45,2.52,4.146825396825396,2.07,34.37,23.0,2023
Tyrese Haliburton,1630169,G,20.13,10.9,3.93,1.2,0.7,2.3,4.739130434782609,1.9,34.56,24.0,2024
Tim Hardaway Jr.,203501,G,11.49,1.81,2.23,0.29,0.2,1.17,1.547008547008547,0.49,14.85,23.0,2015
Tim Hardaway Jr.,203501,G,6.39,1.0,1.69,0.41,0.14,0.45,2.2222222222222223,0.55,9.18,24.0,2016
Tim Hardaway Jr.,203501,G,14.47,2.3,2.84,0.7,0.19,1.34,1.716417910447761,0.89,19.16,25.0,2017
Tim Hardaway Jr.,203501,G,17.47,2.72,3.93,1.09,0.18,1.61,1.68944099378882,1.27,23.78,26.0,2018
Tim Hardaway Jr.,203501,G,19.13,2.65,3.5,0.91,0.13,1.76,1.505681818181818,1.04,24.56,27.0,2019
Tim Hardaway Jr.,203501,G,15.47,1.95,3.21,0.63,0.11,1.26,1.5476190476190477,0.74,20.11,27.0,2019
Tim Hardaway Jr.,203501,G,18.06,2.45,3.42,0.83,0.12,1.62,1.5123456790123455,0.95,23.26,27.0,2019
Tim Hardaway Jr.,203501,G,15.79,1.93,3.27,0.58,0.07,0.97,1.9896907216494848,0.65,20.67,28.0,2020
Tim Hardaway Jr.,203501,G,16.61,1.8,3.27,0.44,0.16,0.91,1.978021978021978,0.6,21.37,29.0,2021
Tim Hardaway Jr.,203501,G,14.24,2.19,3.71,0.9,0.14,0.81,2.7037037037037037,1.04,20.37,30.0,2022
Tim Hardaway Jr.,203501,G,14.35,1.82,3.54,0.69,0.17,0.85,2.1411764705882352,0.86,19.72,31.0,2023
Tim Hardaway Jr.,203501,G,14.42,1.76,3.22,0.53,0.08,0.87,2.022988505747126,0.61,19.14,32.0,2024
James Harden,201935,G,27.37,6.98,5.67,1.9,0.74,3.96,1.7626262626262628,2.64,38.7,25.0,2015
James Harden,201935,G,28.98,7.46,6.11,1.7,0.62,4.56,1.6359649122807018,2.32,40.31,26.0,2016
James Harden,201935,G,29.09,11.2,8.14,1.49,0.47,5.73,1.9546247818499125,1.96,44.66,27.0,2017
James Harden,201935,G,30.43,8.75,5.4,1.75,0.69,4.38,1.997716894977169,2.44,42.64,28.0,2018
James Harden,201935,G,36.13,7.51,6.64,2.03,0.74,4.96,1.5141129032258065,2.77,48.09,29.0,2019
James Harden,201935,G,34.34,7.53,6.56,1.84,0.88,4.53,1.6622516556291391,2.72,46.62,30.0,2020
James Harden,201935,G,24.75,10.38,5.12,0.88,0.75,4.25,2.4423529411764706,1.63,37.63,31.0,2021
James Harden,201935,G,24.58,10.89,8.53,1.28,0.75,3.97,2.743073047858942,2.03,42.06,31.0,2021
James Harden,201935,G,24.61,10.8,7.91,1.2,0.75,4.02,2.686567164179105,1.95,41.25,31.0,2021
James Harden,201935,G,22.5,10.16,7.98,1.27,0.7,4.82,2.107883817427386,1.97,37.79,32.0,2022
James Harden,201935,G,21.05,10.48,7.1,1.24,0.24,3.43,3.055393586005831,1.48,36.68,32.0,2022
James Harden,201935,G,22.03,10.26,7.69,1.26,0.55,4.37,2.347826086956521,1.81,37.42,32.0,2022
James Harden,201935,G,20.97,10.66,6.1,1.22,0.53,3.36,3.172619047619048,1.75,36.12,33.0,2023
James Harden,201935,G,16.56,8.53,5.12,1.07,0.79,2.57,3.319066147859922,1.86,29.5,34.0,2024
Jaden Hardy,1630702,G,8.75,1.35,1.85,0.35,0.15,0.96,1.4062500000000002,0.5,11.49,20.0,2023
Jaden Hardy,1630702,G,7.26,1.49,1.79,0.3,0.05,0.85,1.7529411764705882,0.35,10.04,21.0,2024
Gary Harris,203914,G,3.42,0.53,1.16,0.71,0.13,0.69,0.7681159420289856,0.84,5.26,20.0,2015
Gary Harris,203914,G,12.26,1.93,2.89,1.28,0.24,1.29,1.496124031007752,1.52,17.31,21.0,2016
Gary Harris,203914,G,14.93,2.88,3.12,1.25,0.14,1.33,2.1654135338345863,1.39,20.99,22.0,2017
Gary Harris,203914,G,17.46,2.9,2.63,1.82,0.22,1.78,1.6292134831460674,2.04,23.25,23.0,2018
Gary Harris,203914,G,12.93,2.23,2.81,0.96,0.33,1.19,1.8739495798319328,1.29,18.07,24.0,2019
Gary Harris,203914,G,10.38,2.11,2.91,1.36,0.25,1.07,1.9719626168224296,1.61,15.94,25.0,2020
Gary Harris,203914,G,9.68,1.68,2.47,0.89,0.21,0.74,2.27027027027027,1.1,14.19,26.0,2021
Gary Harris,203914,G,10.2,2.3,1.6,0.55,0.35,1.15,2.0,0.9,13.85,26.0,2021
Gary Harris,203914,G,9.95,2.0,2.03,0.72,0.28,0.95,2.1052631578947367,1.0,14.03,26.0,2021
Gary Harris,203914,G,11.13,1.77,2.0,0.97,0.15,1.0,1.77,1.12,15.02,27.0,2022
Gary Harris,203914,G,8.27,1.23,2.04,0.94,0.25,0.58,2.1206896551724137,1.19,12.15,28.0,2023
Gary Harris,203914,G,6.89,1.61,1.69,0.91,0.26,0.57,2.8245614035087723,1.17,10.79,29.0,2024
Tobias Harris,202699,F,17.12,1.82,6.32,1.01,0.53,1.69,1.076923076923077,1.54,25.11,22.0,2015
Tobias Harris,202699,F,13.65,2.02,6.98,0.96,0.57,1.59,1.270440251572327,1.53,22.59,23.0,2016
Tobias Harris,202699,F,16.56,2.59,6.22,0.67,0.44,1.11,2.333333333333333,1.11,25.37,23.0,2016
Tobias Harris,202699,F,14.68,2.22,6.71,0.86,0.53,1.42,1.563380281690141,1.39,23.58,23.0,2016
Tobias Harris,202699,F,16.11,1.73,5.07,0.73,0.48,1.17,1.4786324786324787,1.21,22.95,24.0,2017
Tobias Harris,202699,F,18.08,1.96,5.08,0.71,0.31,1.06,1.8490566037735847,1.02,25.08,25.0,2018
Tobias Harris,202699,F,19.31,3.06,6.03,1.16,0.62,1.69,1.8106508875739649,1.78,28.49,25.0,2018
Tobias Harris,202699,F,18.58,2.4,5.46,0.89,0.44,1.31,1.83206106870229,1.33,26.46,25.0,2018
Tobias Harris,202699,F,20.95,2.73,7.85,0.73,0.44,1.98,1.378787878787879,1.17,30.72,26.0,2019
Tobias Harris,202699,F,18.22,2.93,7.89,0.41,0.48,1.56,1.878205128205128,0.89,28.37,26.0,2019
Tobias Harris,202699,F,20.05,2.79,7.87,0.62,0.45,1.84,1.516304347826087,1.07,29.94,26.0,2019
Tobias Harris,202699,F,19.6,3.15,6.88,0.74,0.56,1.44,2.1875,1.3,29.49,27.0,2020
Tobias Harris,202699,F,19.52,3.55,6.76,0.89,0.82,1.73,2.052023121387283,1.71,29.81,28.0,2021
Tobias Harris,202699,F,17.22,3.45,6.79,0.64,0.59,1.59,2.169811320754717,1.23,27.1,29.0,2022
Tobias Harris,202699,F,14.66,2.51,5.73,0.92,0.54,1.2,2.091666666666667,1.46,23.16,30.0,2023
Tobias Harris,202699,F,17.2,3.1,6.47,1.0,0.66,1.33,2.3308270676691727,1.66,27.1,31.0,2024
Josh Hart,1628404,G,7.87,1.27,4.17,0.75,0.25,0.75,1.6933333333333334,1.0,13.56,23.0,2018
Josh Hart,1628404,G,7.84,1.39,3.7,0.96,0.6,0.87,1.5977011494252873,1.56,13.62,24.0,2019
Josh Hart,1628404,G,10.09,1.66,6.54,0.97,0.35,1.15,1.443478260869565,1.32,18.46,25.0,2020
Josh Hart,1628404,G,9.23,2.32,8.02,0.81,0.26,1.04,2.2307692307692304,1.07,19.6,26.0,2021
Josh Hart,1628404,G,13.37,4.1,7.76,1.1,0.27,1.98,2.0707070707070705,1.37,24.62,27.0,2022
Josh Hart,1628404,G,19.92,4.31,5.38,1.23,0.15,2.54,1.6968503937007873,1.38,28.45,27.0,2022
Josh Hart,1628404,G,14.94,4.15,7.19,1.13,0.24,2.11,1.9668246445497632,1.37,25.54,27.0,2022
Josh Hart,1628404,G,9.55,3.92,8.18,1.06,0.18,1.55,2.529032258064516,1.24,21.34,28.0,2023
Josh Hart,1628404,G,10.24,3.6,7.04,1.36,0.48,1.52,2.3684210526315788,1.84,21.2,28.0,2023
Josh Hart,1628404,G,9.78,3.82,7.8,1.16,0.28,1.54,2.4805194805194803,1.44,21.3,28.0,2023
Josh Hart,1628404,G,9.4,4.09,8.33,0.93,0.28,1.46,2.8013698630136985,1.21,21.57,29.0,2024
Isaiah Hartenstein,1628392,C,1.89,0.54,1.68,0.25,0.43,0.46,1.173913043478261,0.68,4.33,21.0,2019
Isaiah Hartenstein,1628392,C,4.65,0.78,3.91,0.39,0.52,0.7,1.1142857142857143,0.91,9.55,22.0,2020
Isaiah Hartenstein,1628392,C,3.47,0.5,2.83,0.37,0.67,0.7,0.7142857142857143,1.04,7.14,23.0,2021
Isaiah Hartenstein,1628392,C,8.25,2.5,6.0,0.5,1.19,1.44,1.7361111111111112,1.69,17.0,23.0,2021
Isaiah Hartenstein,1628392,C,5.13,1.2,3.93,0.41,0.85,0.96,1.25,1.26,10.56,23.0,2021
Isaiah Hartenstein,1628392,C,8.28,2.35,4.88,0.74,1.13,1.24,1.8951612903225807,1.87,16.14,24.0,2022
Isaiah Hartenstein,1628392,C,4.95,1.24,6.54,0.65,0.78,0.8,1.5499999999999998,1.43,13.36,25.0,2023
Isaiah Hartenstein,1628392,C,7.76,2.51,8.35,1.16,1.13,1.24,2.0241935483870965,2.29,19.67,26.0,2024
Sam Hauser,1630573,F,8.52,0.9,3.15,0.58,0.18,0.32,2.8125,0.76,13.01,27.0,2025
Sam Hauser,1630573,F,8.0,1.28,3.56,0.59,0.31,0.56,2.2857142857142856,0.9,13.18,28.0,2026
Jordan Hawkins,1641722,G,10.79,1.18,2.82,0.54,0.41,1.04,1.1346153846153846,0.95,14.7,23.0,2025
Jordan Hawkins,1641722,G,4.36,0.73,1.73,0.15,0.21,0.61,1.1967213114754098,0.36,6.57,23.0,2026
Jaxson Hayes,1629637,C,6.84,1.04,4.8,0.55,0.91,0.77,1.3506493506493509,1.46,13.37,25.0,2025
Jaxson Hayes,1629637,C,6.34,0.88,4.0,0.38,0.56,0.53,1.660377358490566,0.94,11.63,25.0,2026
Killian Hayes,1630165,G,9.0,5.17,3.0,0.67,0.67,1.5,3.4466666666666668,1.34,17.01,23.0,2025
Scoot Henderson,1630703,G,12.68,5.08,3.0,1.03,0.2,2.68,1.8955223880597012,1.23,19.31,21.0,2025
Taylor Hendricks,1641707,F,4.67,0.67,5.0,1.67,1.33,0.67,1.0,3.0,12.67,21.0,2025
Taylor Hendricks,1641707,F,5.31,0.72,3.14,0.45,0.28,0.55,1.3090909090909089,0.73,9.35,22.0,2026
Tyler Herro,1629639,G,23.9,5.51,5.18,0.9,0.22,2.57,2.1439688715953307,1.12,33.14,25.0,2025
Tyler Herro,1629639,G,21.91,2.73,4.73,1.0,0.45,1.55,1.761290322580645,1.45,29.27,25.0,2026
Buddy Hield,1627741,G,11.12,1.63,3.22,0.84,0.28,1.11,1.4684684684684683,1.12,15.98,32.0,2025
Buddy Hield,1627741,G,7.2,1.37,2.43,0.8,0.09,1.03,1.3300970873786409,0.89,10.86,33.0,2026
Haywood Highsmith,1629312,F,6.46,1.51,3.41,0.92,0.5,0.73,2.068493150684932,1.42,12.07,28.0,2025
Aaron Holiday,1628988,G,5.48,1.34,1.26,0.31,0.18,0.6,2.2333333333333334,0.49,7.97,28.0,2025
Aaron Holiday,1628988,G,5.97,1.0,0.83,0.43,0.13,0.7,1.4285714285714286,0.56,7.66,29.0,2026
Jrue Holiday,201950,G,11.06,3.85,4.27,1.06,0.44,1.24,3.1048387096774195,1.5,19.44,35.0,2025
Jrue Holiday,201950,G,15.47,7.33,5.13,1.53,0.2,2.67,2.7453183520599254,1.73,26.99,35.0,2026
Ronald Holland II,1641842,F,6.44,1.01,2.69,0.6,0.21,0.89,1.1348314606741572,0.81,10.06,19.0,2025
Ronald Holland II,1641842,F,8.46,1.38,4.35,1.35,0.35,1.43,0.965034965034965,1.7,14.46,20.0,2026
Richaun Holmes,1626158,F,7.42,1.35,5.71,0.29,0.74,0.68,1.9852941176470589,1.03,14.83,31.0,2025
DaRon Holmes II,1641747,F,4.4,1.3,1.7,0.0,0.4,0.4,3.25,0.4,7.4,23.0,2026
Chet Holmgren,1631096,C,14.97,1.97,8.03,0.72,2.22,1.75,1.1257142857142857,2.94,26.16,23.0,2025
Chet Holmgren,1631096,C,17.86,1.56,8.42,0.61,1.92,1.72,0.9069767441860466,2.53,28.65,23.0,2026
Jalen Hood-Schifino,1641720,G,2.0,0.5,0.5,0.0,0.5,0.5,1.0,0.5,3.0,22.0,2025
Jalen Hood-Schifino,1641720,G,7.85,2.77,2.0,0.38,0.46,1.31,2.114503816793893,0.84,12.15,22.0,2025
Jalen Hood-Schifino,1641720,G,7.07,2.47,1.8,0.33,0.47,1.2,2.0583333333333336,0.8,10.94,22.0,2025
Al Horford,201143,C,8.97,2.13,6.15,0.6,0.85,0.77,2.766233766233766,1.45,17.93,39.0,2025
Al Horford,201143,C,6.65,2.04,4.83,0.78,1.04,0.96,2.125,1.82,14.38,39.0,2026
Talen Horton-Tucker,1629659,G,6.53,1.43,1.72,0.36,0.19,0.69,2.072463768115942,0.55,9.54,24.0,2025
Caleb Houstan,1631216,G,4.12,0.6,1.29,0.38,0.1,0.22,2.727272727272727,0.48,6.27,22.0,2025
Caleb Houstan,1631216,G,2.22,0.22,0.56,0.11,0.11,0.44,0.5,0.22,2.78,22.0,2026
Jett Howard,1641724,G,4.45,0.73,1.17,0.22,0.18,0.6,1.2166666666666668,0.4,6.15,21.0,2025
Jett Howard,1641724,G,4.63,0.85,1.44,0.15,0.15,0.22,3.8636363636363633,0.3,7.0,22.0,2026
Kevin Huerter,1628989,G,7.86,1.72,2.79,0.84,0.37,0.86,2.0,1.21,12.72,26.0,2025
Kevin Huerter,1628989,G,13.19,3.15,3.27,1.15,0.27,1.15,2.739130434782609,1.42,19.88,26.0,2025
Kevin Huerter,1628989,G,9.87,2.26,2.97,0.96,0.33,0.97,2.3298969072164946,1.29,15.42,26.0,2025
Kevin Huerter,1628989,G,11.69,2.43,3.74,0.86,0.6,1.2,2.0250000000000004,1.46,18.12,27.0,2026
Jay Huff,1630643,C,6.86,0.59,2.02,0.25,0.88,0.53,1.1132075471698113,1.13,10.07,27.0,2025
Jay Huff,1630643,C,8.39,1.32,3.71,0.41,2.15,0.88,1.5,2.56,15.1,28.0,2026
Ariel Hukporti,1630574,C,1.92,0.44,2.04,0.04,0.6,0.84,0.5238095238095238,0.64,4.2,23.0,2025
Ariel Hukporti,1630574,C,1.63,0.63,2.74,0.19,0.59,0.52,1.2115384615384617,0.78,5.26,23.0,2026
De'Andre Hunter,1629631,F,18.97,1.54,3.92,0.84,0.14,1.59,0.9685534591194968,0.98,23.82,27.0,2025
De'Andre Hunter,1629631,F,14.3,1.3,4.19,0.7,0.3,0.85,1.5294117647058825,1.0,19.94,27.0,2025
De'Andre Hunter,1629631,F,17.0,1.44,4.03,0.78,0.2,1.28,1.125,0.98,22.17,27.0,2025
De'Andre Hunter,1629631,F,14.03,2.19,4.32,0.62,0.14,1.57,1.394904458598726,0.76,19.73,28.0,2026
Bones Hyland,1630538,G,7.2,1.4,1.2,0.9,0.2,1.2,1.1666666666666667,1.1,9.7,24.0,2025
Bones Hyland,1630538,G,1.25,1.0,0.25,0.0,0.0,0.25,4.0,0.0,2.25,24.0,2025
Bones Hyland,1630538,G,6.21,1.33,1.04,0.75,0.17,1.04,1.278846153846154,0.92,8.46,24.0,2025
Bones Hyland,1630538,G,6.88,2.53,1.41,0.53,0.22,0.78,3.243589743589743,0.75,10.79,25.0,2026
Oso Ighodaro,1642345,F,4.18,1.16,3.64,0.46,0.48,0.64,1.8125,0.94,9.28,22.0,2025
Oso Ighodaro,1642345,F,5.37,1.78,4.34,1.0,0.56,1.15,1.547826086956522,1.56,11.9,23.0,2026
Joe Ingles,204060,F,0.79,1.21,0.58,0.11,0.0,0.47,2.5744680851063837,0.11,2.22,37.0,2025
Joe Ingles,204060,F,0.54,0.85,0.38,0.46,0.0,0.38,2.236842105263158,0.46,1.85,38.0,2026
Brandon Ingram,1627742,F,22.22,5.17,5.56,0.89,0.61,3.83,1.349869451697128,1.5,30.62,27.0,2025
Brandon Ingram,1627742,F,21.88,3.72,6.05,0.75,0.72,2.75,1.3527272727272728,1.47,30.37,28.0,2026
Harrison Ingram,1631127,F,0.8,0.6,1.8,0.6,0.0,0.2,3.0,0.6,3.6,22.0,2025
Harrison Ingram,1631127,F,1.67,0.0,1.0,0.0,0.0,0.0,0.0,0.0,2.67,22.0,2026
Kyrie Irving,202681,G,24.68,4.62,4.8,1.32,0.46,2.22,2.081081081081081,1.78,33.66,33.0,2025
Jonathan Isaac,1628371,F,5.35,0.56,4.42,0.86,1.13,0.46,1.2173913043478262,1.99,11.86,27.0,2025
Jonathan Isaac,1628371,F,3.0,0.26,2.76,0.38,0.53,0.29,0.8965517241379312,0.91,6.64,28.0,2026
Jaden Ivey,1631093,G,17.6,3.97,4.13,0.93,0.37,2.97,1.3367003367003367,1.3,24.03,23.0,2025
Jaden Ivey,1631093,G,8.62,1.75,2.17,0.54,0.29,0.92,1.9021739130434785,0.83,12.45,23.0,2026
GG Jackson,1641713,F,7.21,1.0,3.17,0.41,0.17,1.07,0.9345794392523364,0.58,10.89,20.0,2025
GG Jackson,1641713,F,6.7,0.7,2.75,0.8,0.35,0.9,0.7777777777777777,1.15,10.4,21.0,2026
Isaiah Jackson,1630543,F,7.0,1.0,5.6,0.6,1.6,1.0,1.0,2.2,14.8,23.0,2025
Isaiah Jackson,1630543,F,7.31,0.83,5.9,0.72,0.83,1.14,0.7280701754385965,1.55,14.45,23.0,2026
Quenton Jackson,1631245,G,5.79,1.89,1.57,0.75,0.18,0.57,3.3157894736842106,0.93,9.61,26.0,2025
Quenton Jackson,1631245,G,7.33,1.94,2.0,0.61,0.17,1.11,1.7477477477477474,0.78,10.94,27.0,2026
Reggie Jackson,202704,G,4.39,1.45,1.35,0.52,0.1,0.55,2.636363636363636,0.62,7.26,35.0,2025
Andre Jackson Jr.,1641748,G,3.43,1.24,2.72,0.51,0.21,0.87,1.4252873563218391,0.72,7.24,23.0,2025
Andre Jackson Jr.,1641748,G,1.82,1.12,0.76,0.29,0.12,0.47,2.382978723404256,0.41,3.64,24.0,2026
Jaren Jackson Jr.,1628991,F,22.18,2.0,5.64,1.24,1.53,2.07,0.9661835748792272,2.77,30.52,25.0,2025
Jaren Jackson Jr.,1628991,F,18.82,1.89,5.53,0.92,1.5,2.24,0.8437499999999999,2.42,26.42,26.0,2026
Trayce Jackson-Davis,1631218,F,6.56,1.68,5.02,0.37,0.61,0.73,2.3013698630136985,0.98,13.51,25.0,2025
Trayce Jackson-Davis,1631218,F,4.48,0.97,3.66,0.31,0.62,0.48,2.020833333333333,0.93,9.56,25.0,2026
Bronny James,1642355,G,2.3,0.81,0.67,0.33,0.11,0.48,1.6875000000000002,0.44,3.74,20.0,2025
Bronny James,1642355,G,1.59,1.14,0.45,0.41,0.05,0.55,2.0727272727272723,0.46,3.09,21.0,2026
LeBron James,2544,F,24.43,8.21,7.8,1.0,0.56,3.71,2.212938005390836,1.56,38.29,40.0,2025
LeBron James,2544,F,22.68,6.86,5.82,1.14,0.59,2.64,2.5984848484848486,1.73,34.45,41.0,2026
Jaime Jaquez Jr.,1631170,G,8.64,2.52,4.39,0.92,0.21,1.48,1.7027027027027026,1.13,15.2,24.0,2025
Jaime Jaquez Jr.,1631170,G,15.86,4.65,5.14,0.78,0.22,2.19,2.1232876712328768,1.0,24.46,24.0,2026
DaQuan Jeffries,1629610,G,6.7,1.13,2.87,0.55,0.53,0.74,1.527027027027027,1.08,11.04,27.0,2025
Trey Jemison III,1641998,C,2.38,0.62,2.75,0.44,0.38,0.62,1.0,0.82,5.95,25.0,2025
Trey Jemison III,1641998,C,2.59,0.27,2.77,0.09,0.41,0.64,0.421875,0.5,5.49,25.0,2025
Trey Jemison III,1641998,C,2.5,0.42,2.76,0.24,0.39,0.63,0.6666666666666666,0.63,5.68,25.0,2025
Trey Jemison III,1641998,C,1.17,0.17,1.67,0.0,0.33,0.5,0.34,0.33,2.84,26.0,2026
Daniss Jenkins,1642450,G,1.0,0.43,0.29,0.0,0.0,0.14,3.071428571428571,0.0,1.58,23.0,2025
Daniss Jenkins,1642450,G,7.56,3.25,1.78,0.88,0.12,1.34,2.425373134328358,1.0,12.25,24.0,2026
Ty Jerome,1629660,G,12.54,3.39,2.47,1.11,0.04,1.31,2.5877862595419847,1.15,18.24,27.0,2025
Isaiah Joe,1630198,G,10.22,1.61,2.65,0.65,0.12,0.51,3.1568627450980395,0.77,14.74,25.0,2025
Isaiah Joe,1630198,G,9.55,1.27,2.48,0.52,0.18,0.61,2.081967213114754,0.7,13.39,26.0,2026
AJ Johnson,1642358,G,2.86,1.0,1.0,0.14,0.0,0.57,1.7543859649122808,0.14,4.43,20.0,2025
AJ Johnson,1642358,G,9.09,3.14,2.36,0.5,0.14,1.41,2.2269503546099294,0.64,13.82,20.0,2025
AJ Johnson,1642358,G,7.59,2.62,2.03,0.41,0.1,1.21,2.1652892561983474,0.51,11.54,20.0,2025
AJ Johnson,1642358,G,1.59,0.64,1.05,0.18,0.0,0.45,1.4222222222222225,0.18,3.01,21.0,2026
Cameron Johnson,1629661,F,18.77,3.4,4.33,0.93,0.44,1.74,1.9540229885057472,1.37,26.13,29.0,2025
Cameron Johnson,1629661,F,11.68,2.36,3.57,0.61,0.29,0.96,2.458333333333333,0.9,17.55,29.0,2026
Jalen Johnson,1630552,F,18.89,5.03,9.97,1.56,1.0,2.94,1.7108843537414966,2.56,33.51,23.0,2025
Jalen Johnson,1630552,F,23.1,8.08,10.1,1.28,0.51,3.46,2.3352601156069364,1.79,39.61,24.0,2026
James Johnson,201949,F,0.67,0.33,0.5,0.0,0.17,0.33,1.0,0.17,1.34,38.0,2025
Keldon Johnson,1629640,F,12.71,1.62,4.82,0.64,0.29,1.0,1.62,0.93,19.08,25.0,2025
Keldon Johnson,1629640,F,13.41,1.24,6.34,0.71,0.07,0.98,1.2653061224489797,0.78,20.79,26.0,2026
Keon Johnson,1630553,G,10.62,2.22,3.76,1.04,0.38,1.47,1.5102040816326532,1.42,16.55,23.0,2025
Keshad Johnson,1642352,F,2.69,0.25,1.75,0.31,0.25,0.25,1.0,0.56,5.0,24.0,2025
Keshad Johnson,1642352,F,3.06,0.06,2.0,0.29,0.24,0.35,0.1714285714285714,0.53,5.3,24.0,2026
Nikola Jokić,203999,C,29.59,10.23,12.74,1.81,0.64,3.29,3.109422492401216,2.45,51.72,30.0,2025
Nikola Jokić,203999,C,29.62,10.97,12.16,1.38,0.75,3.53,3.107648725212465,2.13,51.35,30.0,2026
Colby Jones,1641732,G,1.08,0.29,0.96,0.25,0.29,0.29,1.0,0.54,2.58,23.0,2025
Colby Jones,1641732,G,8.73,2.47,4.27,1.33,0.4,1.07,2.308411214953271,1.73,16.13,23.0,2025
Colby Jones,1641732,G,4.03,1.13,2.23,0.67,0.33,0.59,1.915254237288136,1.0,7.8,23.0,2025
Dillon Jones,1641794,F,2.5,1.07,2.24,0.3,0.07,0.52,2.057692307692308,0.37,5.66,23.0,2025
Herbert Jones,1630529,F,10.25,3.25,3.9,1.85,0.45,1.75,1.8571428571428568,2.3,17.95,26.0,2025
Herbert Jones,1630529,F,9.48,2.26,3.65,1.65,0.3,1.3,1.7384615384615385,1.95,16.04,27.0,2026
Isaac Jones,1642403,F,3.35,0.3,1.42,0.12,0.25,0.4,0.7499999999999999,0.37,5.04,24.0,2025
Isaac Jones,1642403,F,2.0,0.0,0.0,0.0,0.0,0.0,0.0,0.0,2.0,25.0,2026
Kai Jones,1630539,C,2.18,0.36,1.64,0.21,0.46,0.36,1.0,0.67,4.49,24.0,2025
Kai Jones,1630539,C,11.42,1.25,6.58,0.75,0.83,0.67,1.8656716417910448,1.58,20.16,24.0,2025
Kai Jones,1630539,C,4.95,0.62,3.12,0.38,0.57,0.45,1.3777777777777778,0.95,9.19,24.0,2025
Mason Jones,1630222,G,2.3,1.1,0.9,0.0,0.1,0.1,11.0,0.1,4.3,26.0,2025
Spencer Jones,1642461,F,1.3,0.25,0.85,0.25,0.25,0.25,1.0,0.5,2.65,24.0,2025
Spencer Jones,1642461,F,6.08,0.94,2.89,0.89,0.39,0.64,1.4687499999999998,1.28,10.55,24.0,2026
Tre Jones,1630200,G,4.39,3.71,2.07,0.64,0.18,0.75,4.946666666666666,0.82,10.24,25.0,2025
Tre Jones,1630200,G,11.5,4.89,3.22,1.06,0.28,0.78,6.269230769230768,1.34,20.17,25.0,2025
Tre Jones,1630200,G,7.17,4.17,2.52,0.8,0.22,0.76,5.4868421052631575,1.02,14.12,25.0,2025
Tre Jones,1630200,G,12.41,5.59,2.85,1.32,0.18,1.38,4.050724637681159,1.5,20.97,26.0,2026
Tyus Jones,1626145,G,10.23,5.3,2.42,0.85,0.1,1.12,4.732142857142857,0.95,17.78,29.0,2025
Tyus Jones,1626145,G,3.17,2.41,1.07,0.76,0.07,0.27,8.925925925925926,0.83,7.21,29.0,2026
Derrick Jones Jr.,1627884,F,10.14,0.78,3.42,1.03,0.43,0.86,0.9069767441860466,1.46,14.94,28.0,2025
Derrick Jones Jr.,1627884,F,10.35,1.18,2.65,0.76,1.06,0.82,1.4390243902439024,1.82,15.18,28.0,2026
DeAndre Jordan,201599,C,3.73,0.95,5.07,0.29,0.48,0.71,1.3380281690140845,0.77,9.81,36.0,2025
DeAndre Jordan,201599,C,4.5,0.0,5.0,0.0,0.0,0.5,0.0,0.0,9.0,37.0,2026
Cory Joseph,202709,G,3.54,1.44,1.48,0.52,0.08,0.36,4.0,0.6,6.7,33.0,2025
Nikola Jović,1631107,F,10.74,2.85,3.91,0.83,0.28,1.3,2.1923076923076925,1.11,17.31,22.0,2025
Nikola Jović,1631107,F,8.53,2.77,3.87,0.7,0.43,1.83,1.5136612021857925,1.13,14.47,22.0,2026
Johnny Juzang,1630548,G,8.92,1.06,2.88,0.61,0.12,0.56,1.8928571428571428,0.73,13.03,24.0,2025
Johnny Juzang,1630548,G,2.25,0.38,0.75,0.12,0.0,0.19,2.0,0.12,3.31,24.0,2026
Yuki Kawamura,1642530,G,1.64,0.86,0.55,0.09,0.0,0.23,3.739130434782608,0.09,2.91,24.0,2025
Kylor Kelley,1630283,C,3.0,0.25,2.62,0.0,0.25,0.12,2.083333333333333,0.25,6.0,27.0,2025
Kylor Kelley,1630283,C,3.33,1.0,6.0,0.33,0.33,1.0,1.0,0.66,9.99,27.0,2025
Kylor Kelley,1630283,C,3.09,0.45,3.55,0.09,0.27,0.36,1.25,0.36,7.09,27.0,2025
Luke Kennard,1628379,G,8.86,3.31,2.82,0.77,0.08,1.11,2.9819819819819817,0.85,14.73,29.0,2025
Luke Kennard,1628379,G,7.78,2.24,1.84,0.78,0.05,0.78,2.871794871794872,0.83,11.91,29.0,2026
Walker Kessler,1631117,C,11.05,1.67,12.19,0.62,2.38,1.48,1.1283783783783785,3.0,26.43,23.0,2025
Walker Kessler,1631117,C,14.4,3.0,10.8,1.4,1.8,3.2,0.9375,3.2,28.2,24.0,2026
Braxton Key,1630296,F,1.0,0.0,0.67,0.67,0.0,0.33,0.0,0.67,2.01,28.0,2025
Corey Kispert,1630557,F,11.56,1.69,2.97,0.43,0.23,1.05,1.6095238095238094,0.66,15.83,26.0,2025
Corey Kispert,1630557,F,9.16,1.68,2.32,0.42,0.16,0.74,2.27027027027027,0.58,13.0,26.0,2026
Corey Kispert,1630557,F,8.0,1.33,1.33,0.67,0.0,1.67,0.7964071856287426,0.67,9.66,26.0,2026
Corey Kispert,1630557,F,9.0,1.64,2.18,0.45,0.14,0.86,1.9069767441860463,0.59,12.55,26.0,2026
Maxi Kleber,1628467,F,3.03,1.26,2.79,0.26,0.5,0.68,1.852941176470588,0.76,7.16,33.0,2025
Maxi Kleber,1628467,F,1.58,0.68,1.68,0.26,0.26,0.37,1.837837837837838,0.52,4.09,33.0,2026
Bobi Klintman,1641752,F,1.88,0.88,0.88,0.25,0.12,0.12,7.333333333333334,0.37,3.89,22.0,2025
Bobi Klintman,1641752,F,2.83,0.67,2.67,0.33,0.0,0.83,0.8072289156626506,0.33,5.67,22.0,2026
Dalton Knecht,1642261,F,9.05,0.85,2.77,0.31,0.1,0.47,1.8085106382978724,0.41,12.61,24.0,2025
Dalton Knecht,1642261,F,4.97,0.38,1.62,0.24,0.26,0.47,0.8085106382978724,0.5,7.0,24.0,2026
Kevin Knox II,1628995,F,3.29,0.36,1.21,0.14,0.29,0.29,1.2413793103448276,0.43,5.0,25.0,2025
Tyler Kolek,1642278,G,1.98,1.71,0.66,0.29,0.1,0.44,3.886363636363636,0.39,4.3,24.0,2025
Tyler Kolek,1642278,G,5.0,2.94,2.03,0.42,0.08,0.97,3.0309278350515463,0.5,9.5,24.0,2026
Christian Koloko,1631132,C,2.43,0.43,2.49,0.22,0.43,0.32,1.34375,0.65,5.68,25.0,2025
Christian Koloko,1631132,C,0.0,0.0,0.5,0.0,0.0,0.0,0.0,0.0,0.5,25.0,2026
Christian Koloko,1631132,C,2.64,0.91,4.0,0.91,1.18,0.64,1.421875,2.09,9.0,25.0,2026
Christian Koloko,1631132,C,2.23,0.77,3.46,0.77,1.0,0.54,1.4259259259259258,1.77,7.69,25.0,2026
John Konchar,1629723,G,2.43,0.91,3.28,0.65,0.3,0.35,2.6,0.95,7.22,29.0,2025
John Konchar,1629723,G,3.04,1.25,2.83,0.83,0.29,0.29,4.310344827586207,1.12,7.95,29.0,2026
Luke Kornet,1628436,C,6.04,1.6,5.32,0.49,0.97,0.42,3.8095238095238098,1.46,14.0,29.0,2025
Luke Kornet,1628436,C,8.27,1.94,6.85,0.42,1.24,0.48,4.041666666666667,1.66,18.24,30.0,2026
Vít Krejčí,1630249,G,7.23,2.58,2.74,0.63,0.46,0.88,2.931818181818182,1.09,12.76,25.0,2025
Vít Krejčí,1630249,G,10.0,1.62,2.28,0.87,0.33,0.74,2.189189189189189,1.2,14.36,25.0,2026
Jonathan Kuminga,1630228,F,15.3,2.21,4.62,0.81,0.45,1.51,1.4635761589403973,1.26,21.88,22.0,2025
Jonathan Kuminga,1630228,F,11.78,2.56,6.17,0.28,0.33,2.44,1.0491803278688523,0.61,18.68,23.0,2026
Kyle Kuzma,1628398,F,15.19,2.47,5.78,0.62,0.22,2.28,1.0833333333333337,0.84,22.0,29.0,2025
Kyle Kuzma,1628398,F,14.48,2.21,5.61,0.48,0.36,2.21,1.0,0.84,20.93,29.0,2025
Kyle Kuzma,1628398,F,14.83,2.34,5.69,0.55,0.29,2.25,1.04,0.84,21.45,29.0,2025
Kyle Kuzma,1628398,F,12.64,2.18,4.62,0.67,0.49,1.56,1.3974358974358976,1.16,19.04,30.0,2026
Jake LaRavia,1631222,F,7.3,2.83,4.36,0.94,0.43,1.47,1.925170068027211,1.37,14.39,23.0,2025
Jake LaRavia,1631222,F,6.05,1.32,2.84,0.95,0.16,0.89,1.4831460674157304,1.11,10.43,23.0,2025
Jake LaRavia,1631222,F,6.94,2.39,3.92,0.94,0.35,1.3,1.8384615384615384,1.29,13.24,23.0,2025
Jake LaRavia,1631222,F,9.97,2.0,4.23,1.36,0.38,1.08,1.851851851851852,1.74,16.86,24.0,2026
Zach LaVine,203897,G,23.98,4.5,4.81,0.93,0.24,2.88,1.5625,1.17,31.58,30.0,2025
Zach LaVine,203897,G,22.41,3.78,3.53,0.59,0.06,2.72,1.389705882352941,0.65,27.65,30.0,2025
Zach LaVine,203897,G,23.3,4.19,4.26,0.78,0.16,2.81,1.4911032028469753,0.94,29.88,30.0,2025
Zach LaVine,203897,G,20.03,2.24,3.1,0.66,0.21,2.14,1.046728971962617,0.87,24.1,30.0,2026
Jock Landale,1629111,C,4.76,0.88,3.26,0.31,0.24,0.5,1.76,0.55,8.95,29.0,2025
Jock Landale,1629111,C,11.0,1.66,6.24,0.53,0.47,0.97,1.711340206185567,1.0,18.93,30.0,2026
Pelle Larsson,1641796,G,4.56,1.18,1.67,0.58,0.13,0.44,2.6818181818181817,0.71,7.68,24.0,2025
Pelle Larsson,1641796,G,9.12,3.09,2.7,0.55,0.24,0.97,3.185567010309278,0.79,14.73,24.0,2026
A.J. Lawson,1630639,G,9.08,1.19,3.31,0.5,0.23,0.58,2.0517241379310347,0.73,13.73,24.0,2025
A.J. Lawson,1630639,G,5.43,0.14,2.29,0.43,0.43,0.14,1.0,0.86,8.58,25.0,2026
Caris LeVert,1627747,G,10.21,3.68,2.82,0.87,0.5,1.34,2.746268656716418,1.37,16.74,30.0,2025
Caris LeVert,1627747,G,14.92,2.88,3.69,0.92,0.54,0.96,3.0,1.46,21.99,30.0,2025
Caris LeVert,1627747,G,12.12,3.36,3.17,0.89,0.52,1.19,2.823529411764706,1.41,18.87,30.0,2025
Caris LeVert,1627747,G,8.07,2.86,1.79,0.9,0.62,1.41,2.028368794326241,1.52,12.83,31.0,2026
Damion Lee,1627814,G,3.32,0.44,0.8,0.24,0.0,0.4,1.1,0.24,4.4,32.0,2025
Alex Len,203458,C,1.44,0.83,1.78,0.22,0.5,0.31,2.677419354838709,0.72,4.46,32.0,2025
Alex Len,203458,C,2.2,0.8,3.1,0.1,0.3,0.9,0.888888888888889,0.4,5.6,32.0,2025
Alex Len,203458,C,1.61,0.83,2.07,0.2,0.46,0.43,1.9302325581395348,0.66,4.74,32.0,2025
Kawhi Leonard,202695,F,21.51,3.14,5.92,1.59,0.46,1.95,1.6102564102564103,2.05,30.67,34.0,2025
Kawhi Leonard,202695,F,28.23,3.47,6.27,2.23,0.63,2.13,1.6291079812206577,2.86,38.7,34.0,2026
Malevy Leons,1642502,F,0.33,0.17,0.5,0.0,0.0,0.17,1.0,0.0,0.83,25.0,2025
Maxwell Lewis,1641721,F,0.57,0.29,0.29,0.14,0.0,0.29,1.0,0.14,1.0,22.0,2025
Maxwell Lewis,1641721,F,5.33,0.81,2.52,0.38,0.33,0.57,1.4210526315789476,0.71,8.8,22.0,2025
Maxwell Lewis,1641721,F,4.14,0.68,1.96,0.32,0.25,0.5,1.36,0.57,6.85,22.0,2025
E.J. Liddell,1630604,F,1.75,0.25,0.75,0.08,0.08,0.17,1.4705882352941175,0.16,2.74,24.0,2025
E.J. Liddell,1630604,F,1.75,0.0,1.12,0.0,0.0,0.0,0.0,0.0,2.87,25.0,2026
Damian Lillard,203081,G,24.95,7.07,4.69,1.21,0.17,2.79,2.53405017921147,1.38,35.3,34.0,2025
Dereck Lively II,1641726,C,8.72,2.36,7.5,0.56,1.56,1.14,2.0701754385964914,2.12,19.56,21.0,2025
Dereck Lively II,1641726,C,4.29,1.86,5.29,0.57,1.57,1.43,1.3006993006993008,2.14,12.15,21.0,2026
Chris Livingston,1641753,F,1.43,0.24,1.67,0.24,0.0,0.29,0.8275862068965517,0.24,3.29,21.0,2025
Kevon Looney,1626172,F,4.53,1.55,6.08,0.61,0.49,0.51,3.0392156862745097,1.1,12.75,29.0,2025
Kevon Looney,1626172,F,2.62,1.56,5.0,0.38,0.5,0.5,3.12,0.88,9.56,29.0,2026
Brook Lopez,201572,C,13.01,1.79,5.01,0.62,1.85,1.05,1.7047619047619047,2.47,21.23,37.0,2025
Brook Lopez,201572,C,6.55,0.91,2.7,0.42,0.97,0.76,1.1973684210526316,1.39,10.79,37.0,2026
Kevin Love,201567,F,5.3,0.96,4.09,0.65,0.17,0.61,1.5737704918032789,0.82,10.56,36.0,2025
Kevin Love,201567,F,7.22,1.87,5.43,0.3,0.3,0.74,2.527027027027027,0.6,14.38,37.0,2026
Kyle Lowry,200768,G,3.94,2.74,1.91,0.94,0.31,0.6,4.566666666666667,1.25,9.24,39.0,2025
Kyle Lowry,200768,G,1.0,1.17,0.5,0.17,0.0,0.33,3.545454545454545,0.17,2.51,39.0,2026
Trey Lyles,1626168,F,6.54,1.19,4.58,0.59,0.33,0.57,2.0877192982456143,0.92,12.66,29.0,2025
Sandro Mamukelashvili,1630572,F,6.31,0.79,3.07,0.36,0.28,0.43,1.8372093023255816,0.64,10.38,26.0,2025
Sandro Mamukelashvili,1630572,F,10.28,1.88,4.88,0.68,0.6,0.8,2.35,1.28,17.52,26.0,2026
Terance Mann,1629611,G,6.03,1.59,2.89,0.76,0.3,0.68,2.338235294117647,1.06,10.89,28.0,2025
Terance Mann,1629611,G,9.8,2.07,3.07,0.63,0.13,0.73,2.835616438356164,0.76,14.97,28.0,2025
Terance Mann,1629611,G,7.72,1.81,2.97,0.7,0.22,0.7,2.585714285714286,0.92,12.72,28.0,2025
Terance Mann,1629611,G,7.76,3.74,3.44,0.79,0.29,1.06,3.5283018867924527,1.08,14.96,29.0,2026
Tre Mann,1630544,G,14.08,3.0,2.92,0.54,0.31,1.92,1.5625,0.85,18.93,24.0,2025
Tre Mann,1630544,G,8.19,2.31,2.5,0.54,0.12,1.42,1.6267605633802815,0.66,12.24,24.0,2026
Lauri Markkanen,1628374,F,18.98,1.49,5.91,0.7,0.36,1.4,1.0642857142857145,1.06,26.04,28.0,2025
Lauri Markkanen,1628374,F,27.94,2.15,7.18,1.03,0.48,1.58,1.360759493670886,1.51,37.2,28.0,2026
Naji Marshall,1630230,F,13.25,3.01,4.75,1.01,0.16,1.62,1.8580246913580245,1.17,20.56,27.0,2025
Naji Marshall,1630230,F,14.02,2.79,4.6,1.1,0.1,1.26,2.2142857142857144,1.2,21.35,27.0,2026
Caleb Martin,1628997,F,9.06,2.23,4.39,1.1,0.65,1.39,1.60431654676259,1.75,16.04,29.0,2025
Caleb Martin,1628997,F,5.36,1.86,2.93,0.86,0.21,0.93,2.0,1.07,10.29,29.0,2025
Caleb Martin,1628997,F,7.91,2.11,3.93,1.02,0.51,1.24,1.7016129032258065,1.53,14.24,29.0,2025
Caleb Martin,1628997,F,2.49,1.26,1.8,0.57,0.11,0.54,2.333333333333333,0.68,5.69,30.0,2026
Cody Martin,1628998,F,7.85,2.28,4.51,1.1,0.67,1.08,2.1111111111111107,1.77,15.33,29.0,2025
Cody Martin,1628998,F,3.71,1.14,3.43,0.93,0.43,0.64,1.7812499999999998,1.36,9.0,29.0,2025
Cody Martin,1628998,F,6.75,1.98,4.23,1.06,0.6,0.96,2.0625,1.66,13.66,29.0,2025
Cody Martin,1628998,F,1.75,0.5,3.5,1.0,0.5,1.0,0.5,1.5,6.25,30.0,2026
Jaylen Martin,1641798,G,1.0,0.0,0.0,0.0,0.0,0.0,0.0,0.0,1.0,21.0,2025
Jaylen Martin,1641798,G,5.77,1.31,3.38,0.69,0.0,0.92,1.423913043478261,0.69,10.23,21.0,2025
Jaylen Martin,1641798,G,4.88,1.06,2.75,0.56,0.0,0.75,1.413333333333333,0.56,8.5,21.0,2025
KJ Martin,1630231,F,6.42,0.79,3.0,0.46,0.67,0.5,1.58,1.13,10.84,24.0,2025
KJ Martin,1630231,F,6.32,1.53,2.79,0.32,0.32,0.63,2.4285714285714284,0.64,10.65,24.0,2025
KJ Martin,1630231,F,6.37,1.12,2.91,0.4,0.51,0.56,2.0,0.91,10.75,24.0,2025
Tyrese Martin,1631213,F,8.72,2.03,3.65,0.57,0.15,1.23,1.6504065040650404,0.72,13.89,26.0,2025
Tyrese Martin,1631213,F,7.74,2.13,2.97,0.68,0.13,1.0,2.13,0.81,12.65,26.0,2026
Garrison Mathews,1629726,G,7.51,1.28,1.85,0.55,0.32,0.66,1.9393939393939397,0.87,10.85,28.0,2025
Garrison Mathews,1629726,G,5.2,0.67,1.13,0.4,0.2,0.2,3.35,0.6,7.4,29.0,2026
Bennedict Mathurin,1631097,G,16.06,1.89,5.32,0.65,0.33,1.88,1.00531914893617,0.98,22.37,23.0,2025
Bennedict Mathurin,1631097,G,17.79,2.17,5.5,0.67,0.17,2.38,0.9117647058823528,0.84,23.92,23.0,2026
Karlo Matković,1631255,F,7.74,1.1,4.98,0.52,0.98,1.02,1.0784313725490198,1.5,14.3,24.0,2025
Karlo Matković,1631255,F,5.07,0.77,3.2,0.27,0.8,0.57,1.3508771929824563,1.07,9.54,24.0,2026
Tyrese Maxey,1630178,G,26.33,6.1,3.35,1.75,0.4,2.38,2.5630252100840334,2.15,35.55,24.0,2025
Tyrese Maxey,1630178,G,30.49,6.62,4.41,1.81,0.95,2.51,2.637450199203188,2.76,41.77,25.0,2026
Miles McBride,1630540,G,9.55,2.92,2.52,1.05,0.27,0.64,4.5625,1.32,15.67,24.0,2025
Miles McBride,1630540,G,13.03,2.67,2.57,0.7,0.2,0.83,3.216867469879518,0.9,18.34,25.0,2026
Jared McCain,1642272,G,15.3,2.61,2.43,0.65,0.0,1.61,1.62111801242236,0.65,19.38,21.0,2025
Jared McCain,1642272,G,6.33,1.6,2.2,0.73,0.03,0.77,2.077922077922078,0.76,10.12,21.0,2026
Mac McClung,1630644,G,6.33,0.33,1.33,1.67,0.33,0.67,0.4925373134328358,2.0,9.32,26.0,2026
CJ McCollum,203468,G,21.12,4.05,3.79,0.82,0.43,1.89,2.142857142857143,1.25,28.32,33.0,2025
CJ McCollum,203468,G,18.8,3.6,3.54,0.69,0.26,1.66,2.168674698795181,0.95,25.23,34.0,2026
CJ McCollum,203468,G,19.0,3.67,1.33,1.0,0.33,1.0,3.67,1.33,24.33,34.0,2026
CJ McCollum,203468,G,18.82,3.61,3.37,0.71,0.26,1.61,2.24223602484472,0.97,25.16,34.0,2026
T.J. McConnell,204456,G,9.11,4.44,2.44,1.05,0.27,1.38,3.2173913043478266,1.32,15.93,33.0,2025
T.J. McConnell,204456,G,9.97,4.93,2.31,1.21,0.21,1.24,3.975806451612903,1.42,17.39,33.0,2026
Kevin McCullar Jr.,1641755,G,2.55,1.36,1.82,0.36,0.0,0.73,1.863013698630137,0.36,5.36,24.0,2026
Jaden McDaniels,1630183,F,12.2,1.99,5.73,1.34,0.9,1.16,1.7155172413793105,2.24,21.0,24.0,2025
Jaden McDaniels,1630183,F,14.77,2.69,4.44,1.1,0.92,1.67,1.6107784431137724,2.02,22.25,25.0,2026
Doug McDermott,203926,F,3.5,0.17,0.52,0.1,0.05,0.14,1.2142857142857142,0.15,4.2,33.0,2025
Doug McDermott,203926,F,3.43,0.29,0.71,0.0,0.14,0.43,0.6744186046511628,0.14,4.14,34.0,2026
Bryce McGowens,1631121,G,1.0,0.15,0.23,0.08,0.0,0.31,0.4838709677419354,0.08,1.15,22.0,2025
Bryce McGowens,1631121,G,7.85,1.37,2.07,0.63,0.11,0.56,2.446428571428571,0.74,11.47,23.0,2026
Jordan McLaughlin,1629162,G,1.89,0.86,0.75,0.39,0.0,0.39,2.205128205128205,0.39,3.5,29.0,2025
Jordan McLaughlin,1629162,G,2.5,1.5,0.5,0.28,0.06,0.28,5.357142857142857,0.34,4.56,29.0,2025
Jordan McLaughlin,1629162,G,2.13,1.11,0.65,0.35,0.02,0.35,3.171428571428572,0.37,3.91,29.0,2025
Jordan McLaughlin,1629162,G,2.41,0.76,0.65,0.53,0.0,0.47,1.6170212765957448,0.53,3.88,29.0,2026
Jack McVeigh,1629098,G,1.56,0.11,0.56,0.0,0.22,0.22,0.5,0.22,2.23,29.0,2025
De'Anthony Melton,1629001,G,10.33,2.83,3.33,1.17,0.33,1.67,1.694610778443114,1.5,16.32,27.0,2025
De'Anthony Melton,1629001,G,10.24,1.76,2.47,1.41,0.59,1.29,1.3643410852713178,2.0,15.18,27.0,2026
Sam Merrill,1630241,G,7.17,1.52,2.21,0.75,0.2,0.49,3.1020408163265305,0.95,11.36,29.0,2025
Sam Merrill,1630241,G,13.79,2.33,2.38,0.71,0.12,0.92,2.532608695652174,0.83,18.41,29.0,2026
Vasilije Micić,203995,G,7.47,3.53,2.42,0.42,0.0,2.06,1.7135922330097086,0.42,11.78,31.0,2025
Vasilije Micić,203995,G,0.0,0.2,0.4,0.0,0.0,0.6,0.3333333333333333,0.0,0.0,31.0,2025
Vasilije Micić,203995,G,6.56,3.12,2.17,0.37,0.0,1.88,1.6595744680851066,0.37,10.34,31.0,2025
Khris Middleton,203114,F,12.61,4.43,3.7,0.74,0.22,1.61,2.7515527950310554,0.96,20.09,33.0,2025
Khris Middleton,203114,F,10.71,3.43,3.71,1.29,0.21,1.36,2.522058823529412,1.5,17.99,33.0,2025
Khris Middleton,203114,F,11.89,4.05,3.7,0.95,0.22,1.51,2.682119205298013,1.17,19.3,33.0,2025
Khris Middleton,203114,F,9.56,3.26,3.89,0.78,0.3,1.63,2.0,1.08,16.16,34.0,2026
Brandon Miller,1641706,F,21.04,3.63,4.85,1.07,0.74,2.81,1.291814946619217,1.81,28.52,22.0,2025
Brandon Miller,1641706,F,19.38,3.46,4.21,1.0,1.08,2.5,1.384,2.08,26.63,23.0,2026
Jordan Miller,1641757,G,4.11,0.92,1.57,0.46,0.14,0.7,1.3142857142857145,0.6,6.5,25.0,2025
Jordan Miller,1641757,G,6.95,1.26,2.95,0.37,0.16,0.74,1.7027027027027026,0.53,10.95,25.0,2026
Leonard Miller,1631159,F,1.54,0.0,0.85,0.15,0.08,0.15,0.0,0.23,2.47,21.0,2025
Leonard Miller,1631159,F,2.75,0.25,1.38,0.25,0.0,0.44,0.5681818181818182,0.25,4.19,22.0,2026
Patty Mills,201988,G,4.35,1.24,1.24,0.71,0.18,0.94,1.319148936170213,0.89,6.78,36.0,2025
Patty Mills,201988,G,3.08,0.42,0.08,0.08,0.0,0.08,5.25,0.08,3.58,36.0,2025
Patty Mills,201988,G,3.83,0.9,0.76,0.45,0.1,0.59,1.5254237288135597,0.55,5.45,36.0,2025
Shake Milton,1629003,G,7.37,2.37,1.89,0.56,0.04,0.74,3.202702702702703,0.6,11.49,28.0,2025
Shake Milton,1629003,G,3.87,1.27,1.77,0.33,0.1,0.67,1.8955223880597012,0.43,6.67,28.0,2025
Shake Milton,1629003,G,5.53,1.79,1.82,0.44,0.07,0.7,2.5571428571428574,0.51,8.95,28.0,2025
Justin Minaya,1631303,F,0.95,0.37,0.53,0.32,0.05,0.26,1.423076923076923,0.37,1.96,26.0,2025
Riley Minix,1642434,F,0.0,0.0,2.0,0.0,0.0,0.0,0.0,0.0,2.0,24.0,2025
Josh Minott,1631169,F,2.59,0.39,1.02,0.33,0.26,0.24,1.6250000000000002,0.59,4.35,22.0,2025
Josh Minott,1631169,F,6.34,1.1,3.97,0.83,0.38,0.62,1.774193548387097,1.21,12.0,23.0,2026
Yves Missi,1642274,C,9.11,1.36,8.23,0.51,1.34,1.12,1.2142857142857142,1.85,19.43,21.0,2025
Yves Missi,1642274,C,5.51,1.17,5.51,0.34,1.23,0.74,1.581081081081081,1.57,13.02,21.0,2026
Ajay Mitchell,1642349,G,6.5,1.78,1.89,0.69,0.11,0.81,2.197530864197531,0.8,10.16,23.0,2025
Ajay Mitchell,1642349,G,14.2,3.6,3.5,1.42,0.35,1.45,2.4827586206896552,1.77,21.62,23.0,2026
Davion Mitchell,1630558,G,6.34,4.61,1.93,0.7,0.18,1.77,2.6045197740113,0.88,11.99,26.0,2025
Davion Mitchell,1630558,G,10.3,5.33,2.73,1.37,0.27,1.67,3.191616766467066,1.64,18.33,26.0,2025
Davion Mitchell,1630558,G,7.95,4.91,2.26,0.97,0.22,1.73,2.8381502890173413,1.19,14.58,26.0,2025
Davion Mitchell,1630558,G,9.13,7.34,2.47,1.18,0.11,1.71,4.292397660818714,1.29,18.52,27.0,2026
Donovan Mitchell,1628378,G,23.96,4.99,4.54,1.34,0.24,2.1,2.376190476190476,1.58,32.97,28.0,2025
Donovan Mitchell,1628378,G,29.66,5.58,4.74,1.47,0.26,2.97,1.878787878787879,1.73,38.74,29.0,2026
Evan Mobley,1630596,C,18.54,3.18,9.28,0.86,1.59,2.04,1.5588235294117647,2.45,31.41,24.0,2025
Evan Mobley,1630596,C,17.92,4.14,8.69,0.97,1.86,2.14,1.934579439252336,2.83,31.44,24.0,2026
Jonathan Mogbo,1642367,F,6.17,2.32,4.94,0.87,0.54,1.11,2.0900900900900896,1.41,13.73,23.0,2025
Jonathan Mogbo,1642367,F,1.31,0.56,1.19,0.12,0.19,0.12,4.666666666666667,0.31,3.25,24.0,2026
Malik Monk,1628370,G,17.18,5.57,3.77,0.94,0.58,2.45,2.273469387755102,1.52,25.59,27.0,2025
Malik Monk,1628370,G,11.79,2.39,2.03,0.73,0.39,1.33,1.7969924812030076,1.12,16.0,27.0,2026
Moses Moody,1630541,G,9.78,1.3,2.55,0.8,0.42,0.73,1.7808219178082192,1.22,14.12,23.0,2025
Moses Moody,1630541,G,10.58,1.5,3.02,0.9,0.62,0.95,1.5789473684210529,1.52,15.67,23.0,2026
Tazé Moore,1631386,G,3.0,0.5,4.0,1.0,0.0,1.0,0.5,1.0,7.5,26.0,2025
Wendell Moore Jr.,1631111,G,3.15,1.15,2.2,0.5,0.15,0.45,2.555555555555556,0.65,6.7,23.0,2025
Wendell Moore Jr.,1631111,G,5.44,1.19,3.19,0.62,0.12,1.12,1.0624999999999998,0.74,9.44,23.0,2025
Wendell Moore Jr.,1631111,G,4.17,1.17,2.64,0.56,0.14,0.75,1.5599999999999998,0.7,7.93,23.0,2025
Wendell Moore Jr.,1631111,G,2.0,1.0,1.33,0.67,0.33,0.33,3.0303030303030303,1.0,5.0,24.0,2026
Ja Morant,1629630,G,23.18,7.28,4.1,1.22,0.24,3.7,1.9675675675675677,1.46,32.32,25.0,2025
Ja Morant,1629630,G,19.0,7.56,3.22,1.0,0.17,3.56,2.1235955056179776,1.17,27.39,26.0,2026
Markieff Morris,202693,F,1.71,0.57,1.14,0.14,0.14,0.29,1.9655172413793105,0.28,3.41,35.0,2025
Markieff Morris,202693,F,5.5,2.12,1.88,0.12,0.25,0.38,5.578947368421053,0.37,9.49,35.0,2025
Markieff Morris,202693,F,3.73,1.4,1.53,0.13,0.2,0.33,4.242424242424242,0.33,6.66,35.0,2025
Monté Morris,1628420,G,5.18,1.62,1.49,0.44,0.07,0.47,3.446808510638298,0.51,8.33,30.0,2025
Monté Morris,1628420,G,3.0,1.5,1.17,0.17,0.17,0.33,4.545454545454545,0.34,5.68,30.0,2026
Trey Murphy III,1630530,F,21.21,3.55,5.06,1.06,0.74,1.94,1.8298969072164948,1.8,29.68,25.0,2025
Trey Murphy III,1630530,F,22.21,3.56,6.23,1.56,0.23,1.9,1.873684210526316,1.79,31.89,25.0,2026
Dejounte Murray,1627749,G,17.48,7.35,6.45,2.03,0.39,3.42,2.149122807017544,2.42,30.28,28.0,2025
Jamal Murray,1627750,G,21.43,6.01,3.9,1.36,0.49,2.06,2.91747572815534,1.85,31.13,28.0,2025
Jamal Murray,1627750,G,25.78,7.46,4.54,1.0,0.3,2.32,3.2155172413793105,1.3,36.76,28.0,2026
Keegan Murray,1631099,F,12.39,1.43,6.67,0.8,0.91,0.79,1.810126582278481,1.71,21.41,24.0,2025
Keegan Murray,1631099,F,14.58,1.53,6.11,1.21,1.58,1.16,1.3189655172413794,2.79,23.85,25.0,2026
Kris Murray,1631200,F,4.16,0.99,2.64,0.51,0.25,0.62,1.596774193548387,0.76,7.93,24.0,2025
Kris Murray,1631200,F,6.09,1.24,4.0,1.18,0.41,0.91,1.362637362637363,1.59,12.01,25.0,2026
Svi Mykhailiuk,1629004,G,8.79,2.0,2.37,0.5,0.18,1.37,1.45985401459854,0.68,12.47,28.0,2025
Svi Mykhailiuk,1629004,G,9.03,2.03,2.6,0.49,0.09,0.8,2.5375,0.58,13.44,28.0,2026
Pete Nance,1631250,F,3.83,1.17,1.83,0.17,0.33,0.67,1.7462686567164176,0.5,6.66,25.0,2025
Pete Nance,1631250,F,2.92,0.77,1.62,0.15,0.15,0.31,2.4838709677419355,0.3,5.3,25.0,2025
Pete Nance,1631250,F,2.27,0.18,0.73,0.09,0.09,0.27,0.6666666666666666,0.18,3.09,25.0,2026
Larry Nance Jr.,1626204,F,8.46,1.58,4.29,0.83,0.54,0.67,2.3582089552238807,1.37,15.03,32.0,2025
Larry Nance Jr.,1626204,F,3.53,1.18,2.71,0.53,0.24,0.53,2.2264150943396226,0.77,7.66,33.0,2026
Andrew Nembhard,1629614,G,10.05,5.02,3.32,1.22,0.17,1.72,2.9186046511627906,1.39,18.06,25.0,2025
Andrew Nembhard,1629614,G,17.38,7.06,2.62,0.97,0.16,2.22,3.18018018018018,1.13,25.97,25.0,2026
Aaron Nesmith,1630174,G,12.02,1.2,3.96,0.78,0.38,0.82,1.4634146341463414,1.16,17.52,25.0,2025
Aaron Nesmith,1630174,G,13.81,2.1,5.05,0.71,0.57,1.29,1.627906976744186,1.28,20.95,26.0,2026
Tristen Newton,1641803,G,0.6,0.2,0.0,0.0,0.0,0.2,1.0,0.0,0.6,24.0,2025
Tristen Newton,1641803,G,0.0,0.33,1.33,0.33,0.0,0.33,1.0,0.33,1.66,24.0,2025
Tristen Newton,1641803,G,0.38,0.25,0.5,0.12,0.0,0.25,1.0,0.12,1.0,24.0,2025
Georges Niang,1627777,F,8.73,1.31,3.71,0.33,0.14,0.94,1.393617021276596,0.47,13.28,32.0,2025
Georges Niang,1627777,F,12.11,1.57,2.96,0.39,0.25,1.21,1.297520661157025,0.64,16.07,32.0,2025
Georges Niang,1627777,F,9.92,1.41,3.44,0.35,0.18,1.04,1.3557692307692306,0.53,14.26,32.0,2025
Daishen Nix,1630227,G,0.33,1.0,1.33,0.0,0.0,1.33,0.7518796992481203,0.0,1.33,23.0,2025
Zeke Nnaji,1630192,F,3.23,0.4,1.58,0.44,0.67,0.25,1.6,1.11,6.07,24.0,2025
Zeke Nnaji,1630192,F,4.32,0.5,2.36,0.46,0.43,0.46,1.0869565217391304,0.89,7.61,25.0,2026
Miles Norris,1641936,F,2.33,0.0,3.0,0.67,0.33,0.0,0.0,1.0,6.33,25.0,2025
Jaylen Nowell,1629669,G,8.38,2.25,2.5,0.12,0.5,1.0,2.25,0.62,12.75,25.0,2025
Jusuf Nurkić,203994,C,8.6,1.88,9.16,0.92,0.64,2.28,0.8245614035087719,1.56,18.92,30.0,2025
Jusuf Nurkić,203994,C,9.15,2.62,6.5,0.65,0.69,1.54,1.7012987012987013,1.34,18.07,30.0,2025
Jusuf Nurkić,203994,C,8.88,2.25,7.8,0.78,0.67,1.9,1.1842105263157896,1.45,18.48,30.0,2025
Jusuf Nurkić,203994,C,10.44,4.31,10.0,1.41,0.44,2.44,1.7663934426229506,1.85,24.16,31.0,2026
Royce O'Neale,1626220,F,9.07,2.17,4.65,0.89,0.44,0.87,2.494252873563218,1.33,16.35,32.0,2025
Royce O'Neale,1626220,F,10.49,2.93,5.12,1.22,0.32,1.49,1.9664429530201344,1.54,18.59,32.0,2026
Chuma Okeke,1629643,F,6.86,1.86,6.14,0.71,0.43,0.43,4.325581395348838,1.14,15.57,26.0,2025
Chuma Okeke,1629643,F,5.89,1.67,5.22,0.56,0.44,0.33,5.0606060606060606,1.0,13.45,26.0,2025
Josh Okogie,1629006,G,6.0,0.56,2.88,0.84,0.44,0.64,0.8750000000000001,1.28,10.08,26.0,2025
Josh Okogie,1629006,G,8.87,1.27,2.73,1.8,0.53,1.0,1.27,2.33,14.2,26.0,2025
Josh Okogie,1629006,G,7.08,0.82,2.82,1.2,0.48,0.78,1.051282051282051,1.68,11.62,26.0,2025
Josh Okogie,1629006,G,5.63,0.95,2.84,0.97,0.18,0.79,1.2025316455696202,1.15,9.78,27.0,2026
Onyeka Okongwu,1630168,F,13.35,2.27,8.92,0.93,0.92,1.22,1.860655737704918,1.85,25.17,24.0,2025
Onyeka Okongwu,1630168,F,16.27,3.39,7.9,1.17,0.98,1.85,1.8324324324324324,2.15,27.86,25.0,2026
Isaac Okoro,1630171,F,6.13,1.24,2.36,0.58,0.29,0.42,2.952380952380953,0.87,10.18,24.0,2025
Isaac Okoro,1630171,F,8.69,1.38,2.75,0.5,0.53,0.66,2.090909090909091,1.03,13.19,24.0,2026
Quincy Olivari,1642439,G,1.5,0.5,0.0,0.0,0.0,0.5,1.0,0.0,1.5,24.0,2025
Kelly Olynyk,203482,F,7.12,2.33,3.71,0.67,0.33,1.46,1.5958904109589045,1.0,12.7,34.0,2025
Kelly Olynyk,203482,F,10.65,3.6,5.85,0.85,0.55,2.05,1.75609756097561,1.4,19.45,34.0,2025
Kelly Olynyk,203482,F,8.73,2.91,4.68,0.75,0.43,1.73,1.682080924855491,1.18,15.77,34.0,2025
Kelly Olynyk,203482,F,3.65,1.35,2.0,0.46,0.04,0.54,2.5,0.5,6.96,34.0,2026
Kelly Oubre Jr.,1626162,F,15.1,1.8,6.13,1.53,0.5,1.33,1.3533834586466165,2.03,23.73,29.0,2025
Kelly Oubre Jr.,1626162,F,13.53,1.12,4.94,1.12,0.82,1.47,0.761904761904762,1.94,20.06,30.0,2026
Chris Paul,101108,G,8.82,7.38,3.61,1.26,0.27,1.57,4.700636942675159,1.53,19.77,40.0,2025
Chris Paul,101108,G,2.94,3.31,1.75,0.69,0.0,1.0,3.31,0.69,7.69,40.0,2026
Cameron Payne,1626166,G,6.94,2.82,1.44,0.54,0.22,0.72,3.9166666666666665,0.76,11.24,30.0,2025
Elfrid Payton,203901,G,1.0,3.33,2.17,1.0,0.5,1.17,2.8461538461538463,1.5,6.83,31.0,2025
Elfrid Payton,203901,G,4.39,8.11,3.67,1.0,0.44,2.89,2.806228373702422,1.44,14.72,31.0,2025
Elfrid Payton,203901,G,3.54,6.92,3.29,1.0,0.46,2.46,2.813008130081301,1.46,12.75,31.0,2025
Gary Payton II,1627780,G,6.45,1.34,2.98,0.84,0.27,0.63,2.126984126984127,1.11,11.25,32.0,2025
Gary Payton II,1627780,G,4.87,1.67,3.31,0.56,0.33,0.82,2.0365853658536586,0.89,9.92,33.0,2026
Drew Peterson,1641809,F,2.16,0.52,1.6,0.2,0.08,0.32,1.625,0.28,4.24,25.0,2025
Julian Phillips,1641763,F,4.63,0.49,2.14,0.48,0.25,0.34,1.441176470588235,0.73,7.65,21.0,2025
Julian Phillips,1641763,F,2.96,0.25,1.39,0.54,0.21,0.21,1.1904761904761905,0.75,5.14,22.0,2026
Jalen Pickett,1629618,G,4.08,2.18,1.45,0.39,0.1,0.49,4.448979591836735,0.49,7.71,25.0,2025
Jalen Pickett,1629618,G,6.0,2.35,2.5,0.31,0.12,0.77,3.051948051948052,0.43,10.51,26.0,2026
Scotty Pippen Jr.,1630590,G,9.86,4.39,3.28,1.3,0.38,1.75,2.5085714285714285,1.68,17.46,24.0,2025
Daeqwon Plowden,1631342,G,7.17,0.33,1.83,0.0,0.0,0.67,0.4925373134328358,0.0,8.66,26.0,2025
Daeqwon Plowden,1631342,G,2.0,0.0,2.0,0.0,0.0,0.0,0.0,0.0,4.0,27.0,2026
Mason Plumlee,203486,F,4.5,1.81,6.15,0.45,0.64,0.8,2.2625,1.09,12.75,35.0,2025
Mason Plumlee,203486,F,1.86,1.14,2.86,0.43,0.0,0.64,1.7812499999999998,0.43,5.65,35.0,2026
Brandin Podziemski,1641764,G,11.67,3.44,5.08,1.08,0.2,1.17,2.9401709401709404,1.28,20.3,22.0,2025
Brandin Podziemski,1641764,G,11.93,3.14,4.4,1.07,0.17,1.38,2.27536231884058,1.24,19.33,22.0,2026
Jakob Poeltl,1627751,C,14.46,2.77,9.6,1.16,1.25,1.95,1.4205128205128206,2.41,27.29,29.0,2025
Jakob Poeltl,1627751,C,9.71,2.14,7.71,0.76,0.52,1.57,1.3630573248407645,1.28,19.27,30.0,2026
Jordan Poole,1629673,G,20.46,4.46,2.99,1.26,0.4,3.0,1.4866666666666666,1.66,26.57,26.0,2025
Jordan Poole,1629673,G,15.21,3.25,1.62,0.71,0.38,2.0,1.625,1.09,19.17,26.0,2026
Craig Porter Jr.,1641854,G,3.69,1.39,1.31,0.33,0.29,0.75,1.8533333333333333,0.62,6.26,25.0,2025
Craig Porter Jr.,1641854,G,4.76,2.84,3.62,1.0,0.62,0.84,3.380952380952381,1.62,12.0,25.0,2026
Precious Achiuwa,1630173,F,6.65,0.96,5.56,0.82,0.74,0.79,1.2151898734177211,1.56,13.94,25.0,2025
Precious Achiuwa,1630173,F,7.5,1.18,5.53,0.88,0.56,0.56,2.1071428571428568,1.44,15.09,26.0,2026
Steven Adams,203500,C,3.88,1.14,5.64,0.38,0.48,0.93,1.225806451612903,0.86,10.59,31.0,2025
Steven Adams,203500,C,5.87,1.48,8.58,0.71,0.65,1.1,1.3454545454545452,1.36,16.19,32.0,2026
Bam Adebayo,1628389,C,18.08,4.32,9.6,1.26,0.68,2.06,2.0970873786407767,1.94,31.88,27.0,2025
Bam Adebayo,1628389,C,16.97,2.73,9.52,0.94,0.79,1.82,1.5,1.73,29.13,28.0,2026
Ochai Agbaji,1630534,G,10.42,1.53,3.78,0.91,0.47,0.84,1.821428571428572,1.38,16.27,25.0,2025
Ochai Agbaji,1630534,G,4.33,0.76,2.36,0.42,0.27,0.36,2.111111111111111,0.69,7.78,25.0,2026
Santi Aldama,1630583,F,12.48,2.89,6.4,0.8,0.45,1.09,2.6513761467889907,1.25,21.93,24.0,2025
Santi Aldama,1630583,F,14.1,3.02,6.72,0.9,0.72,1.32,2.287878787878788,1.62,24.14,25.0,2026
Trey Alexander,1641725,G,1.33,0.46,0.5,0.08,0.04,0.21,2.1904761904761907,0.12,2.2,22.0,2025
Trey Alexander,1641725,G,2.8,1.0,0.8,0.2,0.2,0.2,5.0,0.4,4.8,22.0,2026
Nickeil Alexander-Walker,1629638,G,9.43,2.72,3.23,0.61,0.41,1.21,2.2479338842975207,1.02,15.19,26.0,2025
Nickeil Alexander-Walker,1629638,G,20.46,3.37,3.63,1.07,0.56,2.05,1.6439024390243904,1.63,27.04,27.0,2026
Grayson Allen,1628960,G,10.62,2.14,3.03,0.84,0.3,1.17,1.8290598290598288,1.14,15.76,29.0,2025
Grayson Allen,1628960,G,16.38,3.54,2.96,1.58,0.38,1.79,1.977653631284916,1.96,23.05,30.0,2026
Jarrett Allen,1628386,C,13.45,1.93,9.73,0.94,0.89,1.18,1.6355932203389831,1.83,25.76,27.0,2025
Jarrett Allen,1628386,C,13.53,2.17,7.87,1.0,0.7,1.57,1.382165605095541,1.7,23.7,27.0,2026
Jose Alvarado,1630631,G,10.34,4.62,2.43,1.32,0.25,1.54,3.0,1.57,17.42,27.0,2025
Jose Alvarado,1630631,G,7.91,3.26,2.8,1.0,0.11,1.29,2.527131782945736,1.11,13.79,27.0,2026
Kyle Anderson,203937,F,5.25,2.25,3.06,0.72,0.56,0.56,4.017857142857142,1.28,11.28,31.0,2025
Kyle Anderson,203937,F,6.72,2.56,3.84,0.56,0.52,0.68,3.764705882352941,1.08,13.52,31.0,2025
Kyle Anderson,203937,F,5.85,2.38,3.38,0.66,0.54,0.61,3.901639344262295,1.2,12.2,31.0,2025
Kyle Anderson,203937,F,7.86,3.0,3.79,1.36,0.43,0.93,3.225806451612903,1.79,15.51,32.0,2026
Giannis Antetokounmpo,203507,F,30.39,6.46,11.91,0.87,1.16,3.07,2.1042345276872965,2.03,47.72,30.0,2025
Giannis Antetokounmpo,203507,F,28.78,5.48,9.52,0.93,0.78,3.33,1.6456456456456456,1.71,42.16,31.0,2026
Cole Anthony,1630175,G,9.4,2.85,3.04,0.67,0.48,1.54,1.8506493506493509,1.15,14.9,25.0,2025
Cole Anthony,1630175,G,6.45,3.55,2.55,0.62,0.31,1.86,1.9086021505376345,0.93,11.62,25.0,2026
OG Anunoby,1628384,F,18.0,2.22,4.84,1.49,0.88,1.38,1.6086956521739133,2.37,26.05,27.0,2025
OG Anunoby,1628384,F,15.87,2.13,5.42,1.65,0.71,1.97,1.0812182741116751,2.36,23.81,28.0,2026
Deni Avdija,1630166,F,16.93,3.9,7.25,0.99,0.49,2.72,1.4338235294117645,1.48,26.84,24.0,2025
Deni Avdija,1630166,F,26.08,6.9,7.08,0.88,0.6,3.9,1.7692307692307694,1.48,37.64,25.0,2026
Deandre Ayton,1629028,C,14.4,1.6,10.15,0.78,0.98,1.72,0.930232558139535,1.76,26.19,26.0,2025
Deandre Ayton,1629028,C,13.91,0.89,8.69,0.74,1.0,1.63,0.5460122699386504,1.74,23.6,27.0,2026
Marcus Bagley,1630542,F,6.7,1.0,7.0,0.9,1.2,0.7,1.4285714285714286,2.1,16.1,23.0,2025
Marvin Bagley III,1628963,F,4.89,0.37,2.95,0.37,0.26,0.58,0.6379310344827587,0.63,8.26,26.0,2025
Marvin Bagley III,1628963,F,3.58,0.33,2.33,0.17,0.25,0.08,4.125,0.42,6.58,26.0,2025
Marvin Bagley III,1628963,F,4.39,0.35,2.71,0.29,0.26,0.39,0.8974358974358974,0.55,7.61,26.0,2025
Marvin Bagley III,1628963,F,10.03,1.52,5.64,0.52,0.7,1.15,1.3217391304347827,1.22,17.26,26.0,2026
Patrick Baldwin Jr.,1631116,F,2.14,0.09,1.0,0.14,0.09,0.23,0.3913043478260869,0.23,3.23,22.0,2025
Patrick Baldwin Jr.,1631116,F,2.21,0.12,1.04,0.12,0.08,0.21,0.5714285714285714,0.2,3.36,22.0,2025
LaMelo Ball,1630163,G,25.19,7.36,4.94,1.15,0.28,3.55,2.0732394366197187,1.43,35.37,23.0,2025
LaMelo Ball,1630163,G,20.39,7.81,5.19,1.16,0.23,3.35,2.3313432835820893,1.39,31.43,24.0,2026
Lonzo Ball,1628366,G,7.63,3.29,3.37,1.34,0.49,1.17,2.811965811965812,1.83,14.95,27.0,2025
Lonzo Ball,1628366,G,5.18,4.36,4.07,1.29,0.29,1.57,2.777070063694268,1.58,13.62,28.0,2026
Mo Bamba,1628964,C,4.57,0.57,4.29,0.32,1.0,0.68,0.838235294117647,1.32,10.07,27.0,2025
Mo Bamba,1628964,C,2.5,0.5,6.25,0.0,0.75,0.25,2.0,0.75,9.75,27.0,2025
Mo Bamba,1628964,C,4.31,0.56,4.53,0.28,0.97,0.62,0.903225806451613,1.25,10.03,27.0,2025
Mo Bamba,1628964,C,0.0,0.0,1.0,0.0,0.5,0.0,0.0,0.5,1.5,27.0,2026
Paolo Banchero,1631094,F,25.89,4.76,7.5,0.78,0.61,2.96,1.608108108108108,1.39,36.58,22.0,2025
Paolo Banchero,1631094,F,21.06,4.87,8.81,0.71,0.71,2.84,1.7147887323943662,1.42,33.32,23.0,2026
Desmond Bane,1630217,G,19.23,5.35,6.06,1.16,0.41,2.45,2.183673469387754,1.57,29.76,27.0,2025
Desmond Bane,1630217,G,19.05,4.54,4.54,0.78,0.54,2.24,2.026785714285714,1.32,27.21,27.0,2026
Dalano Banton,1630625,F,8.34,2.39,2.01,0.64,0.51,1.28,1.8671875,1.15,12.61,25.0,2025
Dominick Barlow,1631230,F,4.23,0.54,2.43,0.26,0.46,0.14,3.857142857142857,0.72,7.78,22.0,2025
Dominick Barlow,1631230,F,8.31,1.34,5.17,0.72,0.76,1.0,1.34,1.48,15.3,22.0,2026
Harrison Barnes,203084,F,12.33,1.66,3.78,0.48,0.17,0.61,2.721311475409836,0.65,17.81,33.0,2025
Harrison Barnes,203084,F,11.12,2.2,2.98,0.78,0.12,0.98,2.2448979591836737,0.9,16.22,33.0,2026
Scottie Barnes,1630567,F,19.26,5.82,7.72,1.43,0.97,2.83,2.056537102473498,2.4,32.37,23.0,2025
Scottie Barnes,1630567,F,19.41,5.44,8.27,1.34,1.41,2.59,2.1003861003861006,2.75,33.28,24.0,2026
RJ Barrett,1629628,F,21.09,5.41,6.31,0.79,0.29,2.86,1.891608391608392,1.08,31.03,25.0,2025
RJ Barrett,1629628,F,19.61,3.65,5.04,0.83,0.17,1.57,2.32484076433121,1.0,27.73,25.0,2026
Charles Bassey,1629646,C,4.36,0.47,4.22,0.39,0.83,0.64,0.7343749999999999,1.22,9.63,24.0,2025
Charles Bassey,1629646,C,3.5,1.0,7.5,0.5,0.5,0.5,2.0,1.0,12.5,25.0,2026
Emoni Bates,1641734,F,3.7,0.8,0.7,0.1,0.1,0.2,4.0,0.2,5.2,21.0,2025
Jamison Battle,1642419,F,7.1,0.9,2.68,0.29,0.17,0.46,1.9565217391304348,0.46,10.68,24.0,2025
Jamison Battle,1642419,F,3.43,0.37,1.47,0.17,0.03,0.4,0.925,0.2,5.07,24.0,2026
Nicolas Batum,201587,G,4.01,1.08,2.79,0.67,0.46,0.44,2.4545454545454546,1.13,8.57,36.0,2025
Nicolas Batum,201587,G,5.0,0.79,2.64,0.82,0.44,0.64,1.234375,1.26,9.05,37.0,2026
Damion Baugh,1641878,G,7.27,3.73,3.33,1.0,0.13,2.07,1.801932367149759,1.13,13.39,24.0,2025
Bradley Beal,203078,G,17.02,3.68,3.34,1.09,0.53,1.87,1.9679144385026737,1.62,23.79,32.0,2025
Bradley Beal,203078,G,8.17,1.67,0.83,0.5,0.0,1.5,1.1133333333333333,0.5,9.67,32.0,2026
Malik Beasley,1627736,G,16.29,1.7,2.61,0.89,0.06,1.01,1.683168316831683,0.95,20.54,28.0,2025
MarJon Beauchamp,1630699,F,2.0,0.31,1.23,0.12,0.04,0.5,0.62,0.16,3.2,24.0,2025
MarJon Beauchamp,1630699,F,4.0,0.67,1.0,0.0,0.0,0.33,2.0303030303030303,0.0,5.34,24.0,2025
MarJon Beauchamp,1630699,F,2.5,0.17,1.5,0.17,0.0,0.17,1.0,0.17,4.17,24.0,2025
MarJon Beauchamp,1630699,F,2.26,0.31,1.26,0.11,0.03,0.43,0.7209302325581396,0.14,3.54,24.0,2025
Reece Beekman,1641736,G,2.68,1.82,1.12,0.94,0.06,0.62,2.935483870967742,1.0,6.0,23.0,2025
Reece Beekman,1641736,G,2.58,1.75,1.08,0.92,0.06,0.58,3.017241379310345,0.98,5.81,23.0,2025
Saddiq Bey,1630180,G,15.06,2.25,5.75,0.92,0.06,0.58,3.8793103448275854,0.98,23.46,26.0,2026
Goga Bitadze,1629048,C,7.17,1.96,6.61,0.7,1.4,1.03,1.9029126213592231,2.1,16.81,25.0,2025
Goga Bitadze,1629048,C,6.08,1.27,5.27,0.81,1.22,0.54,2.351851851851852,2.03,14.11,26.0,2026
Bismack Biyombo,202687,C,5.14,1.11,5.64,0.57,0.82,0.96,1.1562500000000002,1.39,12.32,32.0,2025
Bismack Biyombo,202687,C,0.82,0.27,0.64,0.27,0.09,0.27,1.0,0.36,1.82,33.0,2026
Anthony Black,1641710,G,9.44,3.08,2.95,1.1,0.62,1.78,1.7303370786516854,1.72,15.41,21.0,2025
Anthony Black,1641710,G,15.83,4.0,4.15,1.32,0.66,2.39,1.6736401673640169,1.98,23.57,21.0,2026
Bogdan Bogdanović,203992,G,10.0,2.04,2.75,0.83,0.25,1.54,1.324675324675325,1.08,14.33,32.0,2025
Bogdan Bogdanović,203992,G,11.43,3.23,3.1,0.7,0.17,1.23,2.6260162601626016,0.87,17.4,32.0,2025
Bogdan Bogdanović,203992,G,10.8,2.7,2.94,0.76,0.2,1.37,1.9708029197080288,0.96,16.03,32.0,2025
Bogdan Bogdanović,203992,G,8.0,2.69,2.88,0.5,0.06,1.19,2.260504201680672,0.56,12.94,33.0,2026
Bol Bol,1629626,C,6.78,0.61,2.89,0.25,0.69,0.56,1.0892857142857142,0.94,10.66,25.0,2025
Adem Bona,1641737,F,5.81,0.47,4.22,0.45,1.19,1.05,0.4476190476190476,1.64,11.09,22.0,2025
Adem Bona,1641737,F,4.03,0.27,3.8,0.33,1.33,0.67,0.4029850746268656,1.66,9.09,22.0,2026
Devin Booker,1626164,G,25.64,7.05,4.07,0.89,0.21,2.93,2.406143344709897,1.1,34.93,28.0,2025
Devin Booker,1626164,G,25.24,6.49,4.05,0.92,0.32,3.27,1.984709480122324,1.24,33.75,29.0,2026
Brandon Boston,1630527,G,10.67,2.19,3.19,1.26,0.21,1.24,1.7661290322580645,1.47,16.28,23.0,2025
Chris Boucher,1628449,F,10.04,0.66,4.48,0.48,0.5,0.58,1.137931034482759,0.98,15.58,32.0,2025
Chris Boucher,1628449,F,2.25,0.38,2.25,0.62,0.88,0.12,3.166666666666667,1.5,6.26,32.0,2026
Jamaree Bouyea,1631123,G,3.4,2.0,1.0,0.8,0.4,1.6,1.25,1.2,6.0,26.0,2025
Jamaree Bouyea,1631123,G,7.63,1.74,2.05,0.63,0.37,0.37,4.702702702702703,1.0,12.05,26.0,2026
Tony Bradley,1628396,C,4.36,0.43,3.0,0.14,0.64,0.36,1.1944444444444444,0.78,8.21,27.0,2025
Tony Bradley,1628396,C,3.82,0.48,2.58,0.12,0.15,0.42,1.1428571428571428,0.27,6.73,28.0,2026
Malaki Branham,1631103,F,5.0,0.81,1.09,0.23,0.04,0.72,1.1250000000000002,0.27,6.45,22.0,2025
Malaki Branham,1631103,F,3.74,0.91,1.61,0.39,0.13,0.52,1.75,0.52,6.26,22.0,2026
Christian Braun,1631128,G,15.42,2.59,5.19,1.08,0.47,1.03,2.5145631067961163,1.55,23.72,24.0,2025
Christian Braun,1631128,G,9.5,2.5,4.21,0.64,0.43,1.21,2.066115702479339,1.07,16.07,24.0,2026
Jalen Bridges,1641779,F,1.12,0.0,0.5,0.0,0.0,0.5,0.0,0.0,1.12,24.0,2025
Mikal Bridges,1628969,G,17.61,3.73,3.16,0.91,0.52,1.61,2.3167701863354035,1.43,24.32,28.0,2025
Mikal Bridges,1628969,G,16.12,4.27,4.56,1.59,0.88,1.0,4.27,2.47,26.42,29.0,2026
Miles Bridges,1628970,F,20.31,3.88,7.52,0.69,0.7,2.12,1.8301886792452828,1.39,30.98,27.0,2025
Miles Bridges,1628970,F,19.65,3.68,6.48,0.52,0.52,1.45,2.537931034482759,1.04,29.4,27.0,2026
Oshae Brissett,1629052,F,8.67,0.67,3.67,0.67,0.5,1.33,0.5037593984962406,1.17,12.85,27.0,2025
Malcolm Brogdon,1627763,G,12.71,4.08,3.79,0.54,0.21,1.58,2.5822784810126582,0.75,19.75,32.0,2025
Dillon Brooks,1628415,G,14.04,1.71,3.67,0.8,0.21,1.01,1.693069306930693,1.01,19.42,29.0,2025
Dillon Brooks,1628415,G,21.14,1.71,3.26,1.14,0.06,2.03,0.8423645320197045,1.2,25.28,29.0,2026
Keion Brooks Jr.,1631232,F,10.14,0.93,4.14,0.71,0.71,0.86,1.0813953488372094,1.42,15.77,24.0,2025
Bruce Brown,1628971,G,8.39,1.56,3.78,0.94,0.17,1.06,1.471698113207547,1.11,13.78,28.0,2025
Bruce Brown,1628971,G,8.22,2.43,4.17,0.74,0.3,0.87,2.793103448275862,1.04,14.99,28.0,2025
Bruce Brown,1628971,G,8.29,2.05,4.0,0.83,0.24,0.95,2.1578947368421053,1.07,14.46,28.0,2025
Bruce Brown,1628971,G,7.1,2.15,4.22,0.98,0.22,1.05,2.0476190476190474,1.2,13.62,29.0,2026
Jaylen Brown,1627759,G,22.19,4.54,5.84,1.16,0.3,2.57,1.766536964980545,1.46,31.46,28.0,2025
Jaylen Brown,1627759,G,29.43,4.89,6.46,0.97,0.38,3.78,1.2936507936507935,1.35,38.35,29.0,2026
Kobe Brown,1641738,F,1.92,0.6,1.62,0.18,0.1,0.3,2.0,0.28,4.12,25.0,2025
Kobe Brown,1641738,F,2.96,0.85,1.65,0.27,0.08,0.42,2.023809523809524,0.35,5.39,26.0,2026
Moses Brown,1629650,C,3.22,0.0,1.44,0.22,0.11,0.67,0.0,0.33,4.32,25.0,2025
Moses Brown,1629650,C,11.75,0.5,7.75,1.0,0.75,1.25,0.4,1.75,20.5,25.0,2025
Moses Brown,1629650,C,5.85,0.15,3.38,0.46,0.31,0.85,0.1764705882352941,0.77,9.3,25.0,2025
Jalen Brunson,1628973,G,26.0,7.31,2.88,0.92,0.12,2.52,2.9007936507936507,1.04,34.71,28.0,2025
Jalen Brunson,1628973,G,28.24,6.14,3.24,0.7,0.08,2.3,2.6695652173913045,0.78,36.1,29.0,2026
Thomas Bryant,1628418,C,4.1,0.4,3.2,0.1,0.9,0.2,2.0,1.0,8.5,27.0,2025
Thomas Bryant,1628418,C,6.93,0.88,3.91,0.48,0.57,0.5,1.76,1.05,12.27,27.0,2025
Thomas Bryant,1628418,C,6.5,0.8,3.8,0.42,0.62,0.45,1.777777777777778,1.04,11.69,27.0,2025
Thomas Bryant,1628418,C,4.73,0.43,2.6,0.23,0.4,0.33,1.303030303030303,0.63,8.06,28.0,2026
Kobe Bufkin,1641723,G,5.3,1.7,2.1,0.3,0.2,0.8,2.125,0.5,8.8,21.0,2025
Kobe Bufkin,1641723,G,1.5,0.5,2.0,0.5,0.5,0.5,1.0,1.0,4.5,22.0,2026
Alec Burks,202692,G,7.27,1.12,2.53,0.57,0.14,0.59,1.898305084745763,0.71,11.04,33.0,2025
Jared Butler,1630215,G,6.88,2.56,1.28,0.38,0.16,0.91,2.813186813186813,0.54,10.35,24.0,2025
Jared Butler,1630215,G,11.46,4.93,2.46,1.07,0.29,1.82,2.7087912087912085,1.36,18.39,24.0,2025
Jared Butler,1630215,G,9.02,3.67,1.83,0.7,0.22,1.33,2.759398496240601,0.92,14.11,24.0,2025
Jimmy Butler III,202710,F,17.04,4.8,5.24,1.08,0.4,1.2,4.0,1.48,27.36,35.0,2025
Jimmy Butler III,202710,F,17.93,5.93,5.5,1.67,0.27,1.47,4.034013605442177,1.94,29.83,35.0,2025
Jimmy Butler III,202710,F,17.53,5.42,5.38,1.4,0.33,1.35,4.014814814814814,1.73,28.71,35.0,2025
Jimmy Butler III,202710,F,20.08,4.89,5.62,1.43,0.22,1.57,3.114649681528662,1.65,30.67,36.0,2026
Matas Buzelis,1641824,F,8.6,0.99,3.48,0.36,0.94,0.92,1.076086956521739,1.3,13.45,20.0,2025
Matas Buzelis,1641824,F,14.78,1.7,5.2,0.72,1.35,1.72,0.9883720930232558,2.07,22.03,21.0,2026
Jamal Cain,1631288,F,5.3,0.59,2.3,0.62,0.24,0.59,1.0,0.86,8.46,26.0,2025
Jamal Cain,1631288,F,2.88,0.31,0.81,0.25,0.06,0.31,1.0,0.31,4.0,26.0,2026
Kentavious Caldwell-Pope,203484,G,8.74,1.77,2.19,1.29,0.44,0.81,2.185185185185185,1.73,13.62,32.0,2025
Kentavious Caldwell-Pope,203484,G,8.31,2.95,2.41,0.79,0.21,1.26,2.3412698412698414,1.0,13.41,32.0,2026
Toumani Camara,1641739,F,11.31,2.24,5.77,1.49,0.64,1.4,1.6000000000000003,2.13,20.05,25.0,2025
Toumani Camara,1641739,F,12.88,2.67,5.12,1.0,0.45,2.1,1.2714285714285714,1.45,20.02,25.0,2026
Clint Capela,203991,C,8.87,1.13,8.53,0.62,0.96,0.85,1.3294117647058823,1.58,19.26,31.0,2025
Clint Capela,203991,C,3.58,0.52,4.48,0.52,0.67,0.48,1.0833333333333337,1.19,9.29,31.0,2026
Branden Carlson,1642382,C,3.81,0.44,1.69,0.16,0.66,0.22,2.0,0.82,6.54,26.0,2025
Branden Carlson,1642382,C,5.0,0.6,2.5,0.2,0.5,0.37,1.6216216216216215,0.7,8.43,26.0,2026
Bub Carrington,1642267,G,9.84,4.44,4.16,0.66,0.26,1.72,2.581395348837209,0.92,17.64,19.0,2025
Bub Carrington,1642267,G,9.38,4.51,3.87,0.49,0.21,2.15,2.097674418604651,0.7,16.31,20.0,2026
Devin Carter,1642269,G,3.83,1.14,2.11,0.58,0.11,0.5,2.28,0.69,7.27,23.0,2025
Devin Carter,1642269,G,3.17,1.08,1.17,0.5,0.17,0.67,1.611940298507463,0.67,5.42,23.0,2026
Jevon Carter,1628975,G,4.25,1.11,1.08,0.36,0.08,0.31,3.580645161290323,0.44,6.57,29.0,2025
Jevon Carter,1628975,G,5.68,0.95,1.11,0.58,0.0,0.53,1.792452830188679,0.58,7.79,30.0,2026
Wendell Carter Jr.,1628976,C,9.09,1.97,7.24,0.76,0.6,1.13,1.7433628318584071,1.36,18.53,26.0,2025
Wendell Carter Jr.,1628976,C,12.33,2.1,7.67,0.67,0.72,1.31,1.6030534351145038,1.39,22.18,26.0,2026
D.J. Carton,1630618,G,0.75,0.75,1.0,0.5,0.0,1.0,0.75,0.5,2.0,24.0,2025
Alex Caruso,1627936,G,7.07,2.54,2.94,1.61,0.56,0.69,3.681159420289856,2.17,14.03,31.0,2025
Alex Caruso,1627936,G,6.27,2.13,2.87,1.4,0.4,0.8,2.6625,1.8,12.27,31.0,2026
Stephon Castle,1642264,G,14.69,4.1,3.67,0.91,0.27,2.19,1.872146118721461,1.18,21.45,20.0,2025
Stephon Castle,1642264,G,17.31,6.91,5.0,1.25,0.25,3.66,1.8879781420765027,1.5,27.06,21.0,2026
Colin Castleton,1630658,C,1.4,0.0,0.9,0.1,0.1,0.1,0.0,0.2,2.4,25.0,2025
Colin Castleton,1630658,C,6.0,2.0,7.4,0.2,0.2,0.2,10.0,0.4,15.6,25.0,2025
Colin Castleton,1630658,C,7.18,1.64,6.91,0.55,0.73,1.91,0.8586387434554974,1.28,15.1,25.0,2025
Colin Castleton,1630658,C,4.73,1.08,4.69,0.31,0.38,0.88,1.2272727272727273,0.69,10.31,25.0,2025
Julian Champagnie,1630577,F,9.94,1.35,3.88,0.74,0.43,0.9,1.5,1.17,15.44,24.0,2025
Julian Champagnie,1630577,F,11.29,1.46,6.32,0.85,0.41,1.02,1.431372549019608,1.26,19.31,24.0,2026
Justin Champagnie,1630551,G,8.77,0.97,5.66,1.05,0.63,0.87,1.1149425287356325,1.68,16.21,24.0,2025
Justin Champagnie,1630551,G,6.76,1.03,5.59,0.7,0.59,0.49,2.1020408163265305,1.29,14.18,24.0,2026
Ulrich Chomche,1642279,C,0.71,0.29,1.14,0.0,0.14,0.29,1.0,0.14,1.99,19.0,2025
Cam Christie,1642353,G,1.38,0.46,0.92,0.38,0.08,0.15,3.066666666666667,0.46,3.07,19.0,2025
Cam Christie,1642353,G,3.0,0.54,1.54,0.23,0.08,0.27,2.0,0.31,5.12,20.0,2026
Max Christie,1631108,G,8.48,1.43,2.67,0.76,0.46,0.85,1.6823529411764706,1.22,12.95,22.0,2025
Max Christie,1631108,G,11.22,2.5,4.22,0.91,0.31,1.53,1.6339869281045751,1.22,17.63,22.0,2025
Max Christie,1631108,G,9.6,1.87,3.31,0.82,0.4,1.13,1.6548672566371685,1.22,14.87,22.0,2025
Max Christie,1631108,G,12.26,2.13,3.47,0.47,0.37,1.13,1.8849557522123892,0.84,17.57,22.0,2026
Josh Christopher,1630528,G,2.0,0.57,0.64,0.36,0.21,0.43,1.3255813953488371,0.57,3.35,23.0,2025
Sidy Cissoko,1631321,G,1.29,0.35,0.59,0.06,0.0,0.12,2.9166666666666665,0.06,2.17,21.0,2025
Sidy Cissoko,1631321,G,2.0,1.8,2.2,0.2,0.2,1.8,1.0,0.4,4.6,21.0,2025
Sidy Cissoko,1631321,G,1.45,0.68,0.95,0.09,0.05,0.5,1.36,0.14,2.72,21.0,2025
Sidy Cissoko,1631321,G,6.03,1.51,2.19,0.68,0.24,1.08,1.398148148148148,0.92,9.57,21.0,2026
Jaylen Clark,1641740,G,4.08,0.65,1.32,0.9,0.05,0.2,3.25,0.95,6.8,23.0,2025
Jaylen Clark,1641740,G,4.37,0.58,1.97,0.82,0.16,0.37,1.5675675675675675,0.98,7.53,24.0,2026
Brandon Clarke,1629634,F,8.34,1.03,5.09,0.81,0.56,0.64,1.609375,1.37,15.19,28.0,2025
Jordan Clarkson,203903,G,16.22,3.73,3.19,0.84,0.24,2.32,1.6077586206896552,1.08,21.9,33.0,2025
Jordan Clarkson,203903,G,9.98,1.37,1.83,0.46,0.15,1.1,1.2454545454545454,0.61,12.69,33.0,2026
Nic Claxton,1629651,C,10.34,2.24,7.36,0.89,1.43,1.24,1.806451612903226,2.32,21.02,26.0,2025
Nic Claxton,1629651,C,13.06,4.03,7.47,0.69,1.36,1.5,2.686666666666667,2.05,25.11,26.0,2026
Donovan Clingan,1642270,C,6.51,1.15,7.87,0.51,1.64,1.07,1.0747663551401867,2.15,16.61,21.0,2025
Donovan Clingan,1642270,C,10.89,1.84,10.71,0.47,1.32,1.0,1.84,1.79,24.23,21.0,2026
Noah Clowney,1641730,F,9.13,0.87,3.93,0.52,0.46,1.0,0.87,0.98,13.91,20.0,2025
Noah Clowney,1641730,F,13.03,1.97,3.95,0.79,0.84,1.76,1.119318181818182,1.63,18.82,21.0,2026
Amir Coffey,1629599,G,9.67,1.07,2.24,0.56,0.1,0.62,1.7258064516129032,0.66,13.02,28.0,2025
Amir Coffey,1629599,G,2.04,0.33,0.79,0.08,0.08,0.17,1.9411764705882355,0.16,3.15,28.0,2026
Isaiah Collier,1642268,G,8.66,6.28,3.31,0.93,0.23,2.93,2.143344709897611,1.16,16.48,20.0,2025
Isaiah Collier,1642268,G,8.61,6.76,2.33,0.7,0.33,2.3,2.939130434782609,1.03,16.43,21.0,2026
John Collins,1628381,F,18.95,2.0,8.18,0.98,1.0,2.58,0.7751937984496123,1.98,28.53,27.0,2025
John Collins,1628381,F,13.05,0.84,5.0,0.89,0.92,1.42,0.5915492957746479,1.81,19.28,28.0,2026
Zach Collins,1628380,F,4.64,1.44,2.81,0.39,0.42,0.64,2.25,0.81,9.06,27.0,2025
Zach Collins,1628380,F,8.57,2.11,6.68,0.54,0.5,1.32,1.5984848484848484,1.04,17.08,27.0,2025
Zach Collins,1628380,F,6.36,1.73,4.5,0.45,0.45,0.94,1.8404255319148937,0.9,12.55,27.0,2025
Zach Collins,1628380,F,9.7,1.5,5.6,0.2,0.4,1.0,1.5,0.6,16.4,28.0,2026
Mike Conley,201144,G,8.2,4.49,2.56,1.11,0.2,1.06,4.235849056603773,1.31,15.5,37.0,2025
Mike Conley,201144,G,5.03,3.03,1.74,0.57,0.2,0.6,5.05,0.77,9.97,38.0,2026
Pat Connaughton,1626192,G,5.27,1.71,2.66,0.22,0.27,0.59,2.898305084745763,0.49,9.54,32.0,2025
Pat Connaughton,1626192,G,3.06,0.5,1.44,0.28,0.06,0.17,2.941176470588235,0.34,5.17,33.0,2026
Bilal Coulibaly,1641731,G,12.32,3.37,4.98,1.32,0.69,2.12,1.589622641509434,2.01,20.56,20.0,2025
Bilal Coulibaly,1641731,G,10.12,2.48,4.68,1.44,0.92,1.6,1.5499999999999998,2.36,18.04,21.0,2026
Ricky Council IV,1641741,G,7.29,1.33,2.93,0.44,0.18,0.71,1.8732394366197185,0.62,11.46,23.0,2025
Torrey Craig,1628470,F,2.71,0.71,2.82,0.35,0.65,0.47,1.5106382978723405,1.0,6.77,34.0,2025
Torrey Craig,1628470,F,4.15,0.65,2.81,0.31,0.46,0.31,2.096774193548387,0.77,8.07,34.0,2025
Isaiah Crawford,1642384,F,0.87,0.07,0.53,0.07,0.13,0.07,1.0,0.2,1.6,23.0,2025
Isaiah Crawford,1642384,F,0.0,0.0,0.0,0.0,0.0,0.0,0.0,0.0,0.0,24.0,2026
Jae Crowder,203109,F,2.56,0.67,2.22,0.33,0.0,0.44,1.5227272727272727,0.33,5.34,34.0,2025
Cade Cunningham,1630595,G,26.14,9.11,6.07,1.01,0.76,4.41,2.0657596371882083,1.77,38.68,23.0,2025
Cade Cunningham,1630595,G,26.24,9.76,6.12,1.5,0.82,4.0,2.44,2.32,40.44,24.0,2026
Seth Curry,203552,G,6.53,0.88,1.66,0.4,0.1,0.47,1.872340425531915,0.5,9.1,34.0,2025
Stephen Curry,201939,G,24.54,6.01,4.43,1.14,0.43,2.86,2.101398601398601,1.57,33.69,37.0,2025
Stephen Curry,201939,G,28.06,4.94,3.78,1.16,0.47,2.84,1.73943661971831,1.63,35.57,37.0,2026
Pacome Dadiet,1642359,F,1.67,0.28,1.0,0.17,0.11,0.22,1.272727272727273,0.28,3.01,19.0,2025
Dyson Daniels,1630700,G,14.12,4.38,5.91,3.01,0.72,2.04,2.147058823529412,3.73,26.1,22.0,2025
Dyson Daniels,1630700,G,11.71,6.07,6.6,1.9,0.45,2.14,2.836448598130841,2.35,24.59,22.0,2026
N'Faly Dante,1642368,C,6.0,0.5,5.25,0.25,1.25,0.5,1.0,1.5,12.75,23.0,2025
N'Faly Dante,1642368,C,0.75,0.0,1.75,0.5,0.0,0.25,0.0,0.5,2.75,24.0,2026
Anthony Davis,203076,F,25.74,3.36,11.88,1.29,2.14,2.21,1.5203619909502262,3.43,42.2,32.0,2025
Anthony Davis,203076,F,20.0,4.44,10.11,0.56,2.22,2.22,2.0,2.78,35.11,32.0,2025
Anthony Davis,203076,F,24.73,3.55,11.57,1.16,2.16,2.22,1.599099099099099,3.32,40.95,32.0,2025
Anthony Davis,203076,F,20.35,2.8,11.05,1.1,1.65,2.05,1.3658536585365857,2.75,34.9,32.0,2026
Johnny Davis,1631098,G,2.35,0.32,1.12,0.44,0.18,0.21,1.523809523809524,0.62,4.2,22.0,2025
JD Davison,1631120,G,2.06,0.81,0.81,0.31,0.06,0.81,1.0,0.37,3.24,22.0,2025
JD Davison,1631120,G,2.17,1.11,0.78,0.22,0.22,0.28,3.9642857142857135,0.44,4.22,23.0,2026
DeMar DeRozan,201942,G,22.21,4.44,3.87,0.81,0.42,1.36,3.264705882352941,1.23,30.39,35.0,2025
DeMar DeRozan,201942,G,19.15,3.9,3.37,1.44,0.24,1.05,3.714285714285714,1.68,27.05,36.0,2026
RayJ Dennis,1642484,G,2.73,1.27,1.09,0.64,0.18,0.45,2.8222222222222224,0.82,5.46,24.0,2025
RayJ Dennis,1642484,G,4.92,2.0,1.62,0.23,0.31,1.08,1.851851851851852,0.54,8.0,24.0,2026
RayJ Dennis,1642484,G,0.0,0.0,2.0,0.0,0.0,1.0,0.0,0.0,1.0,24.0,2026
RayJ Dennis,1642484,G,4.57,1.86,1.64,0.21,0.29,1.07,1.7383177570093458,0.5,7.5,24.0,2026
Donte DiVincenzo,1628978,G,11.66,3.63,3.68,1.18,0.27,1.6,2.26875,1.45,18.82,28.0,2025
Donte DiVincenzo,1628978,G,13.37,4.2,4.49,1.29,0.44,1.32,3.1818181818181817,1.73,22.47,28.0,2026
Moussa Diabaté,1631217,F,5.68,0.79,6.17,0.65,0.56,0.86,0.9186046511627908,1.21,12.99,23.0,2025
Moussa Diabaté,1631217,F,8.16,1.47,8.37,0.76,1.0,0.89,1.651685393258427,1.76,18.87,23.0,2026
Gradey Dick,1641711,G,14.39,1.81,3.57,0.89,0.19,1.54,1.175324675324675,1.08,19.31,21.0,2025
Gradey Dick,1641711,G,6.36,0.71,2.07,0.67,0.12,0.5,1.42,0.79,9.43,22.0,2026
Ousmane Dieng,1631172,F,3.84,0.84,2.19,0.46,0.19,0.49,1.7142857142857142,0.65,7.03,22.0,2025
Ousmane Dieng,1631172,F,4.05,0.95,1.68,0.05,0.26,0.32,2.96875,0.31,6.67,22.0,2026
Rob Dillingham,1642265,G,4.47,2.0,1.02,0.41,0.02,1.08,1.851851851851852,0.43,6.84,20.0,2025
Rob Dillingham,1642265,G,3.62,1.78,1.22,0.53,0.09,1.0,1.78,0.62,6.24,21.0,2026
Spencer Dinwiddie,203915,G,11.04,4.42,2.65,0.89,0.22,1.29,3.4263565891472867,1.11,17.93,32.0,2025
Luka Dončić,1629029,F,28.14,7.82,8.32,2.0,0.41,3.41,2.2932551319648096,2.41,43.28,26.0,2025
Luka Dončić,1629029,F,28.18,7.54,8.07,1.61,0.43,3.71,2.032345013477089,2.04,42.12,26.0,2025
Luka Dončić,1629029,F,28.16,7.66,8.18,1.78,0.42,3.58,2.1396648044692737,2.2,42.62,26.0,2025
Luka Dončić,1629029,F,33.59,8.69,7.72,1.56,0.53,4.47,1.9440715883668904,2.09,47.62,26.0,2026
Luguentz Dort,1629652,G,10.13,1.62,4.13,1.11,0.55,0.72,2.2500000000000004,1.66,16.82,26.0,2025
Luguentz Dort,1629652,G,8.38,1.03,3.66,0.91,0.59,0.72,1.4305555555555556,1.5,13.85,26.0,2026
Ayo Dosunmu,1630245,G,12.3,4.52,3.5,0.93,0.39,1.5,3.013333333333333,1.32,20.14,25.0,2025
Ayo Dosunmu,1630245,G,14.29,3.59,2.74,0.71,0.24,1.24,2.8951612903225805,0.95,20.33,25.0,2026
Jeff Dowtin Jr.,1630288,G,6.95,1.9,1.46,0.59,0.29,0.37,5.135135135135135,0.88,10.82,28.0,2025
PJ Dozier,1628408,G,0.78,0.56,0.56,0.11,0.0,0.11,5.090909090909092,0.11,1.9,28.0,2025
Andre Drummond,203083,C,7.32,0.85,7.75,0.98,0.45,1.38,0.6159420289855073,1.43,15.97,31.0,2025
Andre Drummond,203083,C,7.03,0.76,8.79,0.56,0.85,0.82,0.926829268292683,1.41,17.17,32.0,2026
Chris Duarte,1630537,G,2.12,0.53,1.18,0.0,0.0,0.06,8.833333333333334,0.0,3.77,28.0,2025
Alex Ducas,1642505,G,1.71,0.24,1.24,0.24,0.0,0.19,1.263157894736842,0.24,3.24,24.0,2025
David Duke Jr.,1630561,G,2.67,0.67,0.83,0.17,0.0,0.33,2.0303030303030303,0.17,4.01,25.0,2025
Kris Dunn,1627739,G,6.41,2.84,3.39,1.73,0.36,1.0,2.84,2.09,13.73,31.0,2025
Kris Dunn,1627739,G,7.88,3.05,2.82,1.5,0.15,1.25,2.44,1.65,14.15,31.0,2026
Ryan Dunn,1642346,F,6.91,0.77,3.61,0.59,0.54,0.54,1.4259259259259258,1.13,11.88,22.0,2025
Ryan Dunn,1642346,F,6.71,1.79,4.68,0.97,0.53,1.09,1.6422018348623852,1.5,13.59,23.0,2026
Kevin Durant,201142,F,26.56,4.24,6.03,0.81,1.24,3.06,1.3856209150326797,2.05,35.82,36.0,2025
Kevin Durant,201142,F,25.94,4.42,5.44,0.69,0.97,2.97,1.488215488215488,1.66,34.49,37.0,2026
Jalen Duren,1631105,C,11.77,2.68,10.35,0.69,1.14,1.74,1.5402298850574714,1.83,24.89,21.0,2025
Jalen Duren,1631105,C,17.84,1.72,10.88,0.91,0.94,2.22,0.7747747747747747,1.85,30.07,22.0,2026
Tari Eason,1631106,F,12.04,1.46,6.35,1.7,0.88,1.14,1.280701754385965,2.58,21.29,24.0,2025
Tari Eason,1631106,F,11.95,1.57,5.95,1.14,0.62,1.62,0.9691358024691358,1.76,19.61,24.0,2026
Zach Edey,1641744,C,9.24,0.98,8.3,0.55,1.29,1.33,0.7368421052631579,1.84,19.03,23.0,2025
Zach Edey,1641744,C,13.64,1.09,11.09,0.64,1.91,2.36,0.461864406779661,2.55,26.01,23.0,2026
Anthony Edwards,1630162,G,27.56,4.54,5.7,1.15,0.65,3.15,1.4412698412698413,1.8,36.45,23.0,2025
Anthony Edwards,1630162,G,28.88,3.76,4.97,1.33,0.85,2.73,1.3772893772893773,2.18,37.06,24.0,2026
Justin Edwards,1642348,F,10.11,1.57,3.36,1.02,0.36,1.11,1.4144144144144144,1.38,15.31,21.0,2025
Justin Edwards,1642348,F,4.97,1.16,1.58,0.68,0.23,0.68,1.7058823529411762,0.91,7.94,22.0,2026
Kessler Edwards,1630556,F,4.2,1.05,2.88,0.48,0.5,0.4,2.625,0.98,8.71,24.0,2025
Keon Ellis,1631165,G,8.32,1.5,2.65,1.51,0.79,0.89,1.6853932584269662,2.3,13.88,25.0,2025
Keon Ellis,1631165,G,5.28,0.59,1.33,1.13,0.49,0.49,1.2040816326530612,1.62,8.33,26.0,2026
Joel Embiid,203954,C,23.79,4.47,8.16,0.74,0.95,3.26,1.3711656441717792,1.69,34.85,31.0,2025
Joel Embiid,203954,C,23.52,3.29,6.95,0.67,1.19,3.14,1.0477707006369426,1.86,32.48,31.0,2026
Tyson Etienne,1630623,G,7.86,1.71,1.29,0.43,0.14,1.14,1.5,0.57,10.29,25.0,2025
Tyson Etienne,1630623,G,1.5,0.12,0.0,0.0,0.0,0.12,1.0,0.0,1.5,26.0,2026
Drew Eubanks,1629234,F,5.81,1.22,4.54,0.27,0.86,0.84,1.4523809523809523,1.13,11.86,28.0,2025
Drew Eubanks,1629234,F,2.71,0.38,2.42,0.08,0.29,0.42,0.9047619047619048,0.37,5.46,28.0,2025
Drew Eubanks,1629234,F,4.59,0.89,3.7,0.2,0.64,0.67,1.3283582089552235,0.84,9.35,28.0,2025
Drew Eubanks,1629234,F,5.23,0.27,2.73,0.4,0.63,0.83,0.3253012048192771,1.03,8.43,28.0,2026
Tosan Evbuomwan,1641787,F,9.54,1.96,4.29,0.86,0.36,1.39,1.4100719424460433,1.22,15.62,24.0,2025
Tosan Evbuomwan,1641787,F,0.0,0.0,0.4,0.0,0.0,0.0,0.0,0.0,0.4,24.0,2026
Danté Exum,203957,G,8.7,2.8,1.65,0.6,0.15,1.1,2.545454545454545,0.75,12.8,29.0,2025
Bruno Fernando,1628981,F,3.41,1.06,3.0,0.24,0.53,0.82,1.2926829268292683,0.77,7.42,26.0,2025
Kyle Filipowski,1642271,C,9.58,1.94,6.11,0.67,0.31,1.42,1.3661971830985915,0.98,17.19,21.0,2025
Kyle Filipowski,1642271,C,9.2,1.95,6.0,0.65,0.48,1.23,1.5853658536585369,1.13,17.05,22.0,2026
Dorian Finney-Smith,1627827,F,10.4,1.55,4.55,0.9,0.6,0.9,1.7222222222222223,1.5,17.1,32.0,2025
Dorian Finney-Smith,1627827,F,7.93,1.37,3.63,0.93,0.26,0.88,1.556818181818182,1.19,13.24,32.0,2025
Dorian Finney-Smith,1627827,F,8.71,1.43,3.92,0.92,0.37,0.89,1.6067415730337078,1.29,14.46,32.0,2025
Dorian Finney-Smith,1627827,F,2.78,0.56,2.89,0.22,0.22,0.67,0.8358208955223881,0.44,6.0,32.0,2026
Adam Flagler,1641745,G,1.76,0.32,0.73,0.22,0.08,0.11,2.909090909090909,0.3,3.0,25.0,2025
Trentyn Flowers,1642280,F,1.83,0.0,0.67,0.0,0.0,0.17,0.0,0.0,2.33,20.0,2025
Trentyn Flowers,1642280,F,2.0,0.5,0.5,0.0,0.0,0.5,1.0,0.0,2.5,20.0,2026
Malachi Flynn,1630201,G,4.0,1.75,1.75,0.75,0.0,1.0,1.75,0.75,7.25,26.0,2025
Simone Fontecchio,1631323,F,5.95,0.87,2.87,0.41,0.16,0.72,1.2083333333333337,0.57,9.54,29.0,2025
Simone Fontecchio,1631323,F,7.89,1.37,2.71,0.45,0.13,0.84,1.6309523809523812,0.58,11.71,30.0,2026
De'Aaron Fox,1628368,G,24.98,6.13,5.0,1.47,0.44,2.96,2.070945945945946,1.91,35.06,27.0,2025
De'Aaron Fox,1628368,G,19.71,6.82,4.29,1.47,0.29,2.41,2.8298755186721998,1.76,30.17,27.0,2025
De'Aaron Fox,1628368,G,23.53,6.32,4.81,1.47,0.4,2.81,2.2491103202846974,1.87,33.72,27.0,2025
De'Aaron Fox,1628368,G,20.41,5.75,4.19,1.28,0.25,2.5,2.3,1.53,29.38,28.0,2026
Enrique Freeman,1642402,F,2.09,0.41,1.36,0.14,0.14,0.27,1.5185185185185184,0.28,3.87,24.0,2025
Markelle Fultz,1628365,G,2.9,1.29,0.95,0.48,0.1,0.71,1.8169014084507045,0.58,5.01,27.0,2025
Johnny Furphy,1642277,G,2.06,0.38,1.42,0.36,0.22,0.24,1.5833333333333337,0.58,4.2,20.0,2025
Johnny Furphy,1642277,G,5.26,0.7,3.83,0.52,0.13,0.61,1.147540983606557,0.65,9.83,21.0,2026
Daniel Gafford,1629655,F,12.3,1.4,6.81,0.4,1.79,1.16,1.206896551724138,2.19,21.54,26.0,2025
Daniel Gafford,1629655,F,7.83,0.83,6.48,0.79,1.31,1.34,0.6194029850746268,2.1,15.9,27.0,2026
Darius Garland,1629636,G,20.59,6.75,2.85,1.21,0.15,2.52,2.6785714285714284,1.36,29.03,25.0,2025
Darius Garland,1629636,G,17.96,6.92,2.42,0.81,0.12,2.81,2.4626334519572954,0.93,25.42,25.0,2026
Marcus Garrett,1630585,G,7.0,3.25,1.5,0.75,0.5,1.5,2.1666666666666665,1.25,11.5,26.0,2025
Luka Garza,1630568,C,3.54,0.28,1.38,0.15,0.08,0.31,0.903225806451613,0.23,5.12,26.0,2025
Luka Garza,1630568,C,7.59,0.94,4.34,0.38,0.5,0.41,2.292682926829268,0.88,13.34,27.0,2026
Keyonte George,1641718,G,16.79,5.63,3.78,0.69,0.13,2.73,2.062271062271062,0.82,24.29,21.0,2025
Keyonte George,1641718,G,23.68,6.82,4.15,1.0,0.28,3.5,1.9485714285714288,1.28,32.43,22.0,2026
Kyshawn George,1642273,F,8.68,2.49,4.19,1.0,0.74,1.43,1.7412587412587417,1.74,15.67,21.0,2025
Kyshawn George,1642273,F,14.93,4.9,5.5,1.0,0.87,3.13,1.5654952076677318,1.87,24.07,22.0,2026
Paul George,202331,F,16.22,4.34,5.34,1.83,0.49,2.59,1.6756756756756757,2.32,25.63,35.0,2025
Paul George,202331,F,15.95,3.59,5.27,1.32,0.55,1.77,2.028248587570621,1.87,24.91,35.0,2026
Taj Gibson,201959,F,2.89,0.57,3.24,0.24,0.49,0.68,0.838235294117647,0.73,6.75,40.0,2025
Josh Giddey,1630581,G,14.6,7.19,8.09,1.2,0.64,2.89,2.487889273356401,1.84,28.83,22.0,2025
Josh Giddey,1630581,G,19.23,9.0,8.93,0.93,0.37,3.57,2.5210084033613445,1.3,34.89,23.0,2026
Shai Gilgeous-Alexander,1628983,G,32.68,6.39,4.99,1.72,1.01,2.41,2.6514522821576763,2.73,44.38,26.0,2025
Shai Gilgeous-Alexander,1628983,G,31.62,6.32,4.42,1.35,0.8,2.02,3.128712871287129,2.15,42.49,27.0,2026
Anthony Gill,1630264,F,2.53,0.31,1.29,0.18,0.04,0.2,1.5499999999999998,0.22,4.15,32.0,2025
Anthony Gill,1630264,F,1.61,0.0,0.83,0.06,0.11,0.28,0.0,0.17,2.33,33.0,2026
Collin Gillespie,1631221,G,5.88,2.36,2.36,0.64,0.15,0.52,4.538461538461538,0.79,10.87,26.0,2025
Collin Gillespie,1631221,G,13.27,4.83,4.1,1.46,0.27,1.73,2.791907514450867,1.73,22.2,26.0,2026
Rudy Gobert,203497,C,12.03,1.76,10.9,0.78,1.44,1.24,1.4193548387096775,2.22,25.67,33.0,2025
Rudy Gobert,203497,C,11.0,1.82,11.35,0.62,1.65,1.35,1.348148148148148,2.27,25.09,33.0,2026
Jordan Goodwin,1630692,G,5.55,1.45,3.86,1.03,0.38,0.9,1.611111111111111,1.41,11.37,26.0,2025
Jordan Goodwin,1630692,G,8.84,2.24,4.82,1.42,0.21,1.18,1.898305084745763,1.63,16.35,27.0,2026
Aaron Gordon,203932,F,14.67,3.22,4.84,0.45,0.27,1.43,2.251748251748252,0.72,22.02,29.0,2025
Aaron Gordon,203932,F,18.47,1.79,6.16,0.63,0.21,1.16,1.543103448275862,0.84,26.1,30.0,2026
Eric Gordon,201569,G,6.82,1.67,1.18,0.67,0.31,0.72,2.3194444444444446,0.98,9.93,36.0,2025
Eric Gordon,201569,G,5.5,0.5,0.33,0.67,0.17,0.5,1.0,0.84,6.67,37.0,2026
Jazian Gortman,1641789,G,1.5,0.38,0.31,0.12,0.06,0.31,1.2258064516129032,0.18,2.06,22.0,2025
Jerami Grant,203924,F,14.4,2.15,3.47,0.87,0.98,1.38,1.5579710144927537,1.85,20.49,31.0,2025
Jerami Grant,203924,F,19.81,2.67,3.96,0.7,0.67,2.15,1.241860465116279,1.37,25.66,31.0,2026
AJ Green,1631260,G,7.41,1.48,2.38,0.51,0.1,0.55,2.6909090909090905,0.61,11.33,25.0,2025
AJ Green,1631260,G,10.18,2.05,2.55,0.63,0.08,0.84,2.4404761904761902,0.71,14.65,26.0,2026
Draymond Green,203110,F,9.01,5.63,6.09,1.46,1.03,2.56,2.19921875,2.49,20.66,35.0,2025
Draymond Green,203110,F,8.54,5.23,5.89,0.89,0.74,2.86,1.828671328671329,1.63,18.43,35.0,2026
Jalen Green,1630224,G,21.01,3.44,4.6,0.87,0.33,2.48,1.3870967741935485,1.2,27.77,23.0,2025
Jalen Green,1630224,G,15.5,2.0,2.0,1.0,0.0,1.0,2.0,1.0,19.5,23.0,2026
Javonte Green,1629750,G,5.76,0.9,3.56,1.1,0.6,0.56,1.607142857142857,1.7,11.36,31.0,2025
Javonte Green,1629750,G,3.28,0.61,2.22,0.56,0.06,0.22,2.7727272727272725,0.62,6.51,31.0,2025
Javonte Green,1629750,G,5.1,0.82,3.21,0.96,0.46,0.47,1.74468085106383,1.42,10.08,31.0,2025
Javonte Green,1629750,G,7.18,0.82,2.77,1.41,0.36,0.69,1.1884057971014492,1.77,11.85,32.0,2026
Jeff Green,201145,F,5.38,0.62,1.81,0.19,0.12,0.28,2.214285714285714,0.31,7.84,38.0,2025
Jeff Green,201145,F,2.13,0.13,0.53,0.0,0.07,0.07,1.857142857142857,0.07,2.79,39.0,2026
Josh Green,1630182,G,7.44,1.59,2.53,1.09,0.22,1.03,1.5436893203883495,1.31,11.84,24.0,2025
Josh Green,1630182,G,4.53,1.06,1.82,0.65,0.06,0.35,3.028571428571429,0.71,7.77,25.0,2026
Quentin Grimes,1629656,G,10.21,2.15,3.81,0.68,0.21,1.3,1.6538461538461535,0.89,15.76,25.0,2025
Quentin Grimes,1629656,G,21.86,4.54,5.18,1.5,0.43,2.86,1.5874125874125875,1.93,30.65,25.0,2025
Quentin Grimes,1629656,G,14.56,3.04,4.32,0.99,0.29,1.88,1.6170212765957448,1.28,21.32,25.0,2025
Quentin Grimes,1629656,G,14.03,3.76,3.89,1.0,0.49,2.11,1.7819905213270142,1.49,21.06,25.0,2026
Mouhamed Gueye,1631243,F,5.97,0.82,4.21,0.85,1.0,0.45,1.822222222222222,1.85,12.4,22.0,2025
Mouhamed Gueye,1631243,F,4.73,0.95,3.54,0.8,0.61,0.59,1.6101694915254237,1.41,10.04,23.0,2026
Rui Hachimura,1629060,F,13.14,1.41,5.0,0.76,0.44,0.83,1.6987951807228916,1.2,19.92,27.0,2025
Rui Hachimura,1629060,F,12.21,0.86,3.62,0.55,0.24,0.83,1.036144578313253,0.79,16.65,27.0,2026
Tyrese Haliburton,1630169,G,18.62,9.22,3.53,1.44,0.67,1.64,5.621951219512196,2.11,31.84,25.0,2025
PJ Hall,1641790,C,1.74,0.21,1.16,0.0,0.21,0.11,1.909090909090909,0.21,3.21,23.0,2025
PJ Hall,1641790,C,1.86,0.29,1.29,0.0,0.29,0.14,2.071428571428571,0.29,3.59,23.0,2026
PJ Hall,1641790,C,7.0,0.62,5.38,0.12,0.88,1.25,0.496,1.0,12.75,23.0,2026
PJ Hall,1641790,C,4.6,0.47,3.47,0.07,0.6,0.73,0.6438356164383562,0.67,8.48,23.0,2026
Tim Hardaway Jr.,203501,G,10.96,1.6,2.38,0.49,0.09,0.62,2.580645161290323,0.58,14.9,33.0,2025
Tim Hardaway Jr.,203501,G,13.82,1.4,2.38,0.5,0.1,0.4,3.5,0.6,17.8,33.0,2026
James Harden,201935,G,22.81,8.7,5.77,1.49,0.7,4.32,2.0138888888888884,2.19,35.15,35.0,2025
James Harden,201935,G,25.65,8.0,4.78,1.3,0.32,3.54,2.2598870056497176,1.62,36.51,36.0,2026
Jaden Hardy,1630702,G,8.7,1.42,1.56,0.49,0.09,1.44,0.986111111111111,0.58,10.82,22.0,2025
Jaden Hardy,1630702,G,6.9,0.76,1.41,0.24,0.07,0.79,0.9620253164556962,0.31,8.59,23.0,2026
Elijah Harkless,1641989,G,3.2,0.8,2.1,1.0,0.1,0.3,2.666666666666667,1.1,6.9,25.0,2025
Elijah Harkless,1641989,G,2.43,0.71,0.86,0.57,0.0,0.43,1.6511627906976745,0.57,4.14,25.0,2026
Gary Harris,203914,G,3.02,0.62,1.33,0.54,0.25,0.35,1.7714285714285716,0.79,5.41,30.0,2025
Gary Harris,203914,G,2.74,1.0,1.48,0.58,0.16,0.42,2.380952380952381,0.74,5.54,31.0,2026
Tobias Harris,202699,F,13.73,2.22,5.92,1.01,0.78,1.16,1.913793103448276,1.79,22.5,32.0,2025
Tobias Harris,202699,F,13.54,2.46,4.67,0.79,0.25,0.96,2.5625,1.04,20.75,33.0,2026
Josh Hart,1628404,G,13.65,5.88,9.57,1.55,0.35,2.05,2.8682926829268296,1.9,28.95,30.0,2025
Josh Hart,1628404,G,12.13,5.26,7.68,1.29,0.32,2.16,2.435185185185185,1.61,24.52,30.0,2026
Isaiah Hartenstein,1628392,C,11.18,3.84,10.72,0.82,1.09,1.68,2.2857142857142856,1.91,25.97,27.0,2025
Isaiah Hartenstein,1628392,C,11.21,2.96,10.38,1.12,0.75,2.08,1.423076923076923,1.87,24.34,27.0,2026
